Workbook

Sheet Read me
A1: ServiceFlow analyst workbook (P04-ART-05)
A2: SYNTHETIC DATA: every ticket, agent and figure is generated (seed 20261026); nothing describes a real support team.
A4: What it is | B4: A formula-driven workbook over the published synthetic snapshot of ServiceFlow (3,817 accepted tickets, 12 weeks from 2026-07-06). It recomputes the headline metrics of the contract with live formulas so an analyst can follow a number cell by cell, and it can be switched between the whole twelve weeks, the training weeks (1-8) and the holdout weeks (9-12).
A5: How to read it without installing anything | B5: Open the .xlsx in any spreadsheet application, or read docs/workbook.md (it lists every sheet and the checked values). The delivered file already carries values calculated by LibreOffice.
A6: How to use the switch | B6: Scenario!B3 takes full, training or holdout. Every figure on Metrics, Hour of week and Queue by priority follows it; the check column of Metrics compares each figure with the Python domain's value for the same window (pasted on 'Domain reference').
A7: Observed, simulated, hypothetical | B7: Everything on the data sheets and on Metrics is OBSERVED in a synthetic history. Nothing here is a simulation result: the three simulated scenarios and their replications are in docs/executive-memo.md and artifacts/bi/. No staffing benefit is claimed.
A8: Inputs (blue) and formulas (black) | B8: Blue cells are typed inputs: the per-ticket instants (epoch seconds, UTC), shifts, intervals, surveys, SLA targets, the window table and the expected values of the check columns. Black cells are formulas.
A9: Where the per-ticket instants come from | B9: The event log (21,893 accepted events) was replayed ONCE in Python (the domain's replay) to the first human reply, first service start, final resolution, abandonment and the service intervals; the workbook starts from those instants. The replay itself is not a spreadsheet formula (limit W-02).
A10: Dataset and code | B10: Dataset hash 944ef91b3dc17c04c6bb601e0faac94f956d121877de2b9864988cf7c5d5cba4 (web/public/data/manifest.json, dataset_version sf-20261026-20261026); code revision 43de7f8; contract v1 (docs/contracts.md D-01..D-09).
A11: Recalculation status | B11: openpyxl wrote formulas only; LibreOffice (headless) recalculated the delivered file. Microsoft Excel was NOT run: nothing here was opened or recalculated by Excel (docs/workbook.md).
A12: Sheets | B12: Scenario, Metrics, Domain reference, Hour of week, Queue by priority, Golden case, Assumptions, Tickets, Intervals, Shifts, Surveys, SQL results (pasted).

Sheet Scenario
A1: Scenario switch, windows and SLA targets
A2: Change B3 to full, training or holdout. All windows are half-open [start, end) in UTC epoch seconds (D-08).
A3: scenario | B3: full
A6: window | B6: start (epoch s) | C6: end (epoch s) | D6: start UTC | E6: end UTC
A7: full | B7: 1783296000 | C7: 1790553600 | D7: 2026-07-06T00:00:00Z | E7: 2026-09-28T00:00:00Z
A8: training | B8: 1783296000 | C8: 1788134400 | D8: 2026-07-06T00:00:00Z | E8: 2026-08-31T00:00:00Z
A9: holdout | B9: 1788134400 | C9: 1790553600 | D9: 2026-08-31T00:00:00Z | E9: 2026-09-28T00:00:00Z
A11: window start (epoch s) | B11: =INDEX($B$7:$B$9,MATCH($B$3,$A$7:$A$9,0)) -> 1783296000
A12: window end (epoch s) | B12: =INDEX($C$7:$C$9,MATCH($B$3,$A$7:$A$9,0)) -> 1790553600
A13: window length (hours) | B13: =(B12-B11)/3600 -> 2016
A14: backlog / open-overdue cutoff (epoch s) | B14: =B12 -> 1790553600 | C14: the window end (the domain's default cutoff)
A17: priority | B17: first response target (min) | C17: resolution target (min)
A18: P1 | B18: 15 | C18: 240
A19: P2 | B19: 60 | C19: 1440
A20: P3 | B20: 240 | C20: 4320
A22: channels that can abandon | B22: chat | C22: phone
A24: positive CSAT score >= | B24: 4

Sheet Metrics
A1: Headline metrics for the selected window (live formulas)
A2: Window: Scenario!B3. 'check' is TRUE when the formula equals the Python domain's figure for the same window within the tolerance (half a unit in the last place).
A3: selected scenario | B3: =Scenario!B3 -> full | D3: all checks TRUE | E3: =AND(G6:G31) -> TRUE
A5: metric | B5: value (formula) | C5: unit | D5: definition | E5: Python domain (pasted) | F5: tolerance | G5: check
A6: Arrivals | B6: =SUM(Tickets!$L$2:$L$3818) -> 3817 | C6: tickets | D6: tickets created in the window [start, end) | E6: =INDEX('Domain reference'!$B$5:$D$5,MATCH(Scenario!$B$3,'Domain reference'!$B$4:$D$4,0)) -> 3817 | F6: 0 | G6: =ABS(B6-E6)<=F6+0.0000000001 -> TRUE
A7: Completions | B7: =SUM(Tickets!$O$2:$O$3818) -> 3608 | C7: tickets | D7: tickets whose FINAL resolution is in the window (a reopened ticket is one completion) | E7: =INDEX('Domain reference'!$B$6:$D$6,MATCH(Scenario!$B$3,'Domain reference'!$B$4:$D$4,0)) -> 3608 | F7: 0 | G7: =ABS(B7-E7)<=F7+0.0000000001 -> TRUE
A8: Arrival rate | B8: =ROUND(B6/Scenario!$B$13,6) -> 1.893353 | C8: tickets / hour | D8: arrivals / window hours | E8: =INDEX('Domain reference'!$B$7:$D$7,MATCH(Scenario!$B$3,'Domain reference'!$B$4:$D$4,0)) -> 1.893353 | F8: 5e-07 | G8: =ABS(B8-E8)<=F8+0.0000000001 -> TRUE
A9: Completion rate | B9: =ROUND(B7/Scenario!$B$13,6) -> 1.789683 | C9: tickets / hour | D9: completions / window hours | E9: =INDEX('Domain reference'!$B$8:$D$8,MATCH(Scenario!$B$3,'Domain reference'!$B$4:$D$4,0)) -> 1.789683 | F9: 5e-07 | G9: =ABS(B9-E9)<=F9+0.0000000001 -> TRUE
A10: Mean first response | B10: =ROUND(AVERAGE(Tickets!$M$2:$M$3818),4) -> 28.0046 | C10: minutes | D10: first human reply minus arrival, tickets with a human reply (a bot never counts) | E10: =INDEX('Domain reference'!$B$9:$D$9,MATCH(Scenario!$B$3,'Domain reference'!$B$4:$D$4,0)) -> 28.0046 | F10: 5e-05 | G10: =ABS(B10-E10)<=F10+0.0000000001 -> TRUE
A11: P90 first response | B11: =ROUND(SMALL(Tickets!$M$2:$M$3818,INT((9*COUNT(Tickets!$M$2:$M$3818)+9)/10)),4) -> 44.15 | C11: minutes | D11: nearest rank: the value at index ceil(0.9 n) | E11: =INDEX('Domain reference'!$B$10:$D$10,MATCH(Scenario!$B$3,'Domain reference'!$B$4:$D$4,0)) -> 44.15 | F11: 5e-05 | G11: =ABS(B11-E11)<=F11+0.0000000001 -> TRUE
A12: Mean wait to first service | B12: =ROUND(AVERAGE(Tickets!$N$2:$N$3818),4) -> 25.5073 | C12: minutes | D12: first service_started minus the original arrival, tickets that were served | E12: =INDEX('Domain reference'!$B$11:$D$11,MATCH(Scenario!$B$3,'Domain reference'!$B$4:$D$4,0)) -> 25.5073 | F12: 5e-05 | G12: =ABS(B12-E12)<=F12+0.0000000001 -> TRUE
A13: P90 wait to first service | B13: =ROUND(SMALL(Tickets!$N$2:$N$3818,INT((9*COUNT(Tickets!$N$2:$N$3818)+9)/10)),4) -> 41.5167 | C13: minutes | D13: an addition beyond the 28 published keys; nearest rank | E13: =INDEX('Domain reference'!$B$29:$D$29,MATCH(Scenario!$B$3,'Domain reference'!$B$4:$D$4,0)) -> 41.5167 | F13: 5e-05 | G13: =ABS(B13-E13)<=F13+0.0000000001 -> TRUE
A14: Mean resolution | B14: =ROUND(AVERAGE(Tickets!$P$2:$P$3818),4) -> 164.5909 | C14: minutes | D14: final resolution minus the ORIGINAL arrival (a reopened ticket is charged its dormant gap) | E14: =INDEX('Domain reference'!$B$12:$D$12,MATCH(Scenario!$B$3,'Domain reference'!$B$4:$D$4,0)) -> 164.5909 | F14: 5e-05 | G14: =ABS(B14-E14)<=F14+0.0000000001 -> TRUE
A15: P90 resolution | B15: =ROUND(SMALL(Tickets!$P$2:$P$3818,INT((9*COUNT(Tickets!$P$2:$P$3818)+9)/10)),4) -> 294.5833 | C15: minutes | D15: an addition beyond the 28 published keys; nearest rank | E15: =INDEX('Domain reference'!$B$30:$D$30,MATCH(Scenario!$B$3,'Domain reference'!$B$4:$D$4,0)) -> 294.5833 | F15: 5e-05 | G15: =ABS(B15-E15)<=F15+0.0000000001 -> TRUE
A16: Handling | B16: =ROUND(SUM(Intervals!$E$2:$E$4977),4) -> 189836.27 | C16: minutes | D16: service intervals clipped to the window; waiting_customer and idle time excluded | E16: =INDEX('Domain reference'!$B$13:$D$13,MATCH(Scenario!$B$3,'Domain reference'!$B$4:$D$4,0)) -> 189836.27 | F16: 5e-05 | G16: =ABS(B16-E16)<=F16+0.0000000001 -> TRUE
A17: First response within target | B17: =SUM(Tickets!$S$2:$S$3818) -> 3437 | C17: tickets | D17: first response <= the priority's target | E17: =INDEX('Domain reference'!$B$15:$D$15,MATCH(Scenario!$B$3,'Domain reference'!$B$4:$D$4,0)) -> 3437 | F17: 0 | G17: =ABS(B17-E17)<=F17+0.0000000001 -> TRUE
A18: First response eligible | B18: =COUNT(Tickets!$S$2:$S$3818) -> 3616 | C18: tickets | D18: arrivals with a human reply (open overdue tickets are never in a denominator) | E18: =INDEX('Domain reference'!$B$16:$D$16,MATCH(Scenario!$B$3,'Domain reference'!$B$4:$D$4,0)) -> 3616 | F18: 0 | G18: =ABS(B18-E18)<=F18+0.0000000001 -> TRUE
A19: SLA first response compliance | B19: =ROUND(B17/B18,6) -> 0.950498 | C19: ratio | D19: within / eligible | E19: =INDEX('Domain reference'!$B$14:$D$14,MATCH(Scenario!$B$3,'Domain reference'!$B$4:$D$4,0)) -> 0.950498 | F19: 5e-07 | G19: =ABS(B19-E19)<=F19+0.0000000001 -> TRUE
A20: Resolution within target | B20: =SUM(Tickets!$T$2:$T$3818) -> 3529 | C20: tickets | D20: resolution <= the priority's target | E20: =INDEX('Domain reference'!$B$18:$D$18,MATCH(Scenario!$B$3,'Domain reference'!$B$4:$D$4,0)) -> 3529 | F20: 0 | G20: =ABS(B20-E20)<=F20+0.0000000001 -> TRUE
A21: Resolution eligible | B21: =COUNT(Tickets!$T$2:$T$3818) -> 3608 | C21: tickets | D21: completions in the window | E21: =INDEX('Domain reference'!$B$19:$D$19,MATCH(Scenario!$B$3,'Domain reference'!$B$4:$D$4,0)) -> 3608 | F21: 0 | G21: =ABS(B21-E21)<=F21+0.0000000001 -> TRUE
A22: SLA resolution compliance | B22: =ROUND(B20/B21,6) -> 0.978104 | C22: ratio | D22: within / eligible | E22: =INDEX('Domain reference'!$B$17:$D$17,MATCH(Scenario!$B$3,'Domain reference'!$B$4:$D$4,0)) -> 0.978104 | F22: 5e-07 | G22: =ABS(B22-E22)<=F22+0.0000000001 -> TRUE
A23: Backlog at the window end | B23: =SUM(Tickets!$U$2:$U$3818) -> 0 | C23: tickets | D23: arrived by the end and not resolved or abandoned by it (a reopened ticket is read by its final resolution: exact for these three windows, W-03) | E23: =INDEX('Domain reference'!$B$28:$D$28,MATCH(Scenario!$B$3,'Domain reference'!$B$4:$D$4,0)) -> 0 | F23: 0 | G23: =ABS(B23-E23)<=F23+0.0000000001 -> TRUE
A24: Open overdue at the window end | B24: =SUM(Tickets!$V$2:$V$3818) -> 0 | C24: tickets | D24: open and older than its resolution target; kept apart, never dropped (P04-TEST-06) | E24: =INDEX('Domain reference'!$B$20:$D$20,MATCH(Scenario!$B$3,'Domain reference'!$B$4:$D$4,0)) -> 0 | F24: 0 | G24: =ABS(B24-E24)<=F24+0.0000000001 -> TRUE
A25: Staffed available time | B25: =ROUND(SUM(Shifts!$G$2:$G$1021),4) -> 447450 | C25: minutes | D25: shift overlap with the window; the declared break is deducted only for a shift the window covers whole (D-05) | E25: =INDEX('Domain reference'!$B$21:$D$21,MATCH(Scenario!$B$3,'Domain reference'!$B$4:$D$4,0)) -> 447450 | F25: 5e-05 | G25: =ABS(B25-E25)<=F25+0.0000000001 -> TRUE
A26: Staffed time, whole shifts | B26: =ROUND(SUM(Shifts!$H$2:$H$1021),4) -> 447990 | C26: minutes | D26: every shift net of its declared break, clipped by nothing | E26: =INDEX('Domain reference'!$B$22:$D$22,MATCH(Scenario!$B$3,'Domain reference'!$B$4:$D$4,0)) -> 447990 | F26: 5e-05 | G26: =ABS(B26-E26)<=F26+0.0000000001 -> TRUE
A27: Agent occupancy | B27: =ROUND(B16/B25,6) -> 0.424263 | C27: ratio | D27: handling / staffed available time | E27: =INDEX('Domain reference'!$B$23:$D$23,MATCH(Scenario!$B$3,'Domain reference'!$B$4:$D$4,0)) -> 0.424263 | F27: 5e-07 | G27: =ABS(B27-E27)<=F27+0.0000000001 -> TRUE
A28: Abandonment rate | B28: =ROUND(COUNTIFS(Tickets!$L$2:$L$3818,1,Tickets!$W$2:$W$3818,1,Tickets!$X$2:$X$3818,1)/COUNTIFS(Tickets!$L$2:$L$3818,1,Tickets!$W$2:$W$3818,1),6) -> 0.118213 | C28: ratio | D28: abandoned / arrivals, only on channels that can abandon (chat, phone) | E28: =INDEX('Domain reference'!$B$24:$D$24,MATCH(Scenario!$B$3,'Domain reference'!$B$4:$D$4,0)) -> 0.118213 | F28: 5e-07 | G28: =ABS(B28-E28)<=F28+0.0000000001 -> TRUE
A29: Survey invitation rate | B29: =ROUND(SUM(Surveys!$F$2:$F$2148)/B7,6) -> 0.595067 | C29: ratio | D29: invited / completions | E29: =INDEX('Domain reference'!$B$26:$D$26,MATCH(Scenario!$B$3,'Domain reference'!$B$4:$D$4,0)) -> 0.595067 | F29: 5e-07 | G29: =ABS(B29-E29)<=F29+0.0000000001 -> TRUE
A30: Survey response rate | B30: =ROUND(SUM(Surveys!$G$2:$G$2148)/SUM(Surveys!$F$2:$F$2148),6) -> 0.349325 | C30: ratio | D30: valid responses / invited | E30: =INDEX('Domain reference'!$B$27:$D$27,MATCH(Scenario!$B$3,'Domain reference'!$B$4:$D$4,0)) -> 0.349325 | F30: 5e-07 | G30: =ABS(B30-E30)<=F30+0.0000000001 -> TRUE
A31: CSAT | B31: =ROUND(SUM(Surveys!$H$2:$H$2148)/SUM(Surveys!$G$2:$G$2148),6) -> 0.864 | C31: ratio | D31: positive (score >= 4) / valid responses; nonresponse is not random (docs/sql-analysis.md section 07) | E31: =INDEX('Domain reference'!$B$25:$D$25,MATCH(Scenario!$B$3,'Domain reference'!$B$4:$D$4,0)) -> 0.864 | F31: 5e-07 | G31: =ABS(B31-E31)<=F31+0.0000000001 -> TRUE

Sheet Domain reference
A1: PASTED VALUES from the Python domain (compute_metrics), not formulas
A2: One column per window: the domain's figure computed over web/public/data with exact rationals. Metrics reads these only for its check column.
A4: metric | B4: full | C4: training | D4: holdout
A5: arrival_count | B5: 3817 | C5: 2386 | D5: 1431
A6: completion_count | B6: 3608 | C6: 2260 | D6: 1348
A7: arrival_rate_per_hour | B7: 1.893353 | C7: 1.775298 | D7: 2.129464
A8: completion_rate_per_hour | B8: 1.789683 | C8: 1.681548 | D8: 2.005952
A9: mean_first_response_minutes | B9: 28.0046 | C9: 23.4036 | D9: 35.7365
A10: p90_first_response_minutes | B10: 44.15 | C10: 37.55 | D10: 59.3833
A11: mean_wait_minutes | B11: 25.5073 | C11: 20.8904 | D11: 33.2661
A12: mean_resolution_minutes | B12: 164.5909 | C12: 155.2115 | D12: 180.3161
A13: handling_minutes_total | B13: 189836.27 | C13: 118965.38 | D13: 70870.883
A14: sla_first_response_compliance | B14: 0.950498 | C14: 0.95633 | D14: 0.940697
A15: sla_first_response_within | B15: 3437 | C15: 2168 | D15: 1269
A16: sla_first_response_eligible | B16: 3616 | C16: 2267 | D16: 1349
... A30: p90_resolution_minutes | B30: 294.5833 | C30: 242.35 | D30: 385.8333

Sheet Hour of week
A1: Arrivals by weekday and UTC hour for the selected window (COUNTIFS over Tickets)
A2: Weekday 0 = Monday. The Monday 09-11 UTC block is the capacity bind of the generator's design (docs/sql-analysis.md section 01).
A4: weekday \ hour (UTC) | B4: 0 | C4: 1 | D4: 2 | E4: 3 | F4: 4 | G4: 5 | H4: 6 | I4: 7 | J4: 8 | K4: 9 | L4: 10 | M4: 11 | N4: 12 | O4: 13 | P4: 14 | Q4: 15 | R4: 16 | S4: 17 | T4: 18 | U4: 19 | V4: 20 | W4: 21 | X4: 22 | Y4: 23 | Z4: total
A5: 0 | B5: =COUNTIFS(Tickets!$L$2:$L$3818,1,Tickets!$Y$2:$Y$3818,$A5,Tickets!$Z$2:$Z$3818,0) -> 1 | C5: =COUNTIFS(Tickets!$L$2:$L$3818,1,Tickets!$Y$2:$Y$3818,$A5,Tickets!$Z$2:$Z$3818,1) -> 3 | D5: =COUNTIFS(Tickets!$L$2:$L$3818,1,Tickets!$Y$2:$Y$3818,$A5,Tickets!$Z$2:$Z$3818,2) -> 2 | E5: =COUNTIFS(Tickets!$L$2:$L$3818,1,Tickets!$Y$2:$Y$3818,$A5,Tickets!$Z$2:$Z$3818,3) -> 4 | F5: =COUNTIFS(Tickets!$L$2:$L$3818,1,Tickets!$Y$2:$Y$3818,$A5,Tickets!$Z$2:$Z$3818,4) -> 2 | G5: =COUNTIFS(Tickets!$L$2:$L$3818,1,Tickets!$Y$2:$Y$3818,$A5,Tickets!$Z$2:$Z$3818,5) -> 4 | H5: =COUNTIFS(Tickets!$L$2:$L$3818,1,Tickets!$Y$2:$Y$3818,$A5,Tickets!$Z$2:$Z$3818,6) -> 18 | I5: =COUNTIFS(Tickets!$L$2:$L$3818,1,Tickets!$Y$2:$Y$3818,$A5,Tickets!$Z$2:$Z$3818,7) -> 23 | J5: =COUNTIFS(Tickets!$L$2:$L$3818,1,Tickets!$Y$2:$Y$3818,$A5,Tickets!$Z$2:$Z$3818,8) -> 42 | K5: =COUNTIFS(Tickets!$L$2:$L$3818,1,Tickets!$Y$2:$Y$3818,$A5,Tickets!$Z$2:$Z$3818,9) -> 109 | L5: =COUNTIFS(Tickets!$L$2:$L$3818,1,Tickets!$Y$2:$Y$3818,$A5,Tickets!$Z$2:$Z$3818,10) -> 129 | M5: =COUNTIFS(Tickets!$L$2:$L$3818,1,Tickets!$Y$2:$Y$3818,$A5,Tickets!$Z$2:$Z$3818,11) -> 54 | N5: =COUNTIFS(Tickets!$L$2:$L$3818,1,Tickets!$Y$2:$Y$3818,$A5,Tickets!$Z$2:$Z$3818,12) -> 59 | O5: =COUNTIFS(Tickets!$L$2:$L$3818,1,Tickets!$Y$2:$Y$3818,$A5,Tickets!$Z$2:$Z$3818,13) -> 75 | P5: =COUNTIFS(Tickets!$L$2:$L$3818,1,Tickets!$Y$2:$Y$3818,$A5,Tickets!$Z$2:$Z$3818,14) -> 67 | Q5: =COUNTIFS(Tickets!$L$2:$L$3818,1,Tickets!$Y$2:$Y$3818,$A5,Tickets!$Z$2:$Z$3818,15) -> 54 | R5: =COUNTIFS(Tickets!$L$2:$L$3818,1,Tickets!$Y$2:$Y$3818,$A5,Tickets!$Z$2:$Z$3818,16) -> 49 | S5: =COUNTIFS(Tickets!$L$2:$L$3818,1,Tickets!$Y$2:$Y$3818,$A5,Tickets!$Z$2:$Z$3818,17) -> 41 | T5: =COUNTIFS(Tickets!$L$2:$L$3818,1,Tickets!$Y$2:$Y$3818,$A5,Tickets!$Z$2:$Z$3818,18) -> 37 | U5: =COUNTIFS(Tickets!$L$2:$L$3818,1,Tickets!$Y$2:$Y$3818,$A5,Tickets!$Z$2:$Z$3818,19) -> 22 | V5: =COUNTIFS(Tickets!$L$2:$L$3818,1,Tickets!$Y$2:$Y$3818,$A5,Tickets!$Z$2:$Z$3818,20) -> 27 | W5: =COUNTIFS(Tickets!$L$2:$L$3818,1,Tickets!$Y$2:$Y$3818,$A5,Tickets!$Z$2:$Z$3818,21) -> 19 | X5: =COUNTIFS(Tickets!$L$2:$L$3818,1,Tickets!$Y$2:$Y$3818,$A5,Tickets!$Z$2:$Z$3818,22) -> 7 | Y5: =COUNTIFS(Tickets!$L$2:$L$3818,1,Tickets!$Y$2:$Y$3818,$A5,Tickets!$Z$2:$Z$3818,23) -> 2 | Z5: =SUM(B5:Y5) -> 850 | AA5: Mon
A6: 1 | B6: =COUNTIFS(Tickets!$L$2:$L$3818,1,Tickets!$Y$2:$Y$3818,$A6,Tickets!$Z$2:$Z$3818,0) -> 1 | C6: =COUNTIFS(Tickets!$L$2:$L$3818,1,Tickets!$Y$2:$Y$3818,$A6,Tickets!$Z$2:$Z$3818,1) -> 1 | D6: =COUNTIFS(Tickets!$L$2:$L$3818,1,Tickets!$Y$2:$Y$3818,$A6,Tickets!$Z$2:$Z$3818,2) -> 0 | E6: =COUNTIFS(Tickets!$L$2:$L$3818,1,Tickets!$Y$2:$Y$3818,$A6,Tickets!$Z$2:$Z$3818,3) -> 2 | F6: =COUNTIFS(Tickets!$L$2:$L$3818,1,Tickets!$Y$2:$Y$3818,$A6,Tickets!$Z$2:$Z$3818,4) -> 3 | G6: =COUNTIFS(Tickets!$L$2:$L$3818,1,Tickets!$Y$2:$Y$3818,$A6,Tickets!$Z$2:$Z$3818,5) -> 6 | H6: =COUNTIFS(Tickets!$L$2:$L$3818,1,Tickets!$Y$2:$Y$3818,$A6,Tickets!$Z$2:$Z$3818,6) -> 17 | I6: =COUNTIFS(Tickets!$L$2:$L$3818,1,Tickets!$Y$2:$Y$3818,$A6,Tickets!$Z$2:$Z$3818,7) -> 38 | J6: =COUNTIFS(Tickets!$L$2:$L$3818,1,Tickets!$Y$2:$Y$3818,$A6,Tickets!$Z$2:$Z$3818,8) -> 37 | K6: =COUNTIFS(Tickets!$L$2:$L$3818,1,Tickets!$Y$2:$Y$3818,$A6,Tickets!$Z$2:$Z$3818,9) -> 44 | L6: =COUNTIFS(Tickets!$L$2:$L$3818,1,Tickets!$Y$2:$Y$3818,$A6,Tickets!$Z$2:$Z$3818,10) -> 70 | M6: =COUNTIFS(Tickets!$L$2:$L$3818,1,Tickets!$Y$2:$Y$3818,$A6,Tickets!$Z$2:$Z$3818,11) -> 66 | N6: =COUNTIFS(Tickets!$L$2:$L$3818,1,Tickets!$Y$2:$Y$3818,$A6,Tickets!$Z$2:$Z$3818,12) -> 62 | O6: =COUNTIFS(Tickets!$L$2:$L$3818,1,Tickets!$Y$2:$Y$3818,$A6,Tickets!$Z$2:$Z$3818,13) -> 62 | P6: =COUNTIFS(Tickets!$L$2:$L$3818,1,Tickets!$Y$2:$Y$3818,$A6,Tickets!$Z$2:$Z$3818,14) -> 68 | Q6: =COUNTIFS(Tickets!$L$2:$L$3818,1,Tickets!$Y$2:$Y$3818,$A6,Tickets!$Z$2:$Z$3818,15) -> 71 | R6: =COUNTIFS(Tickets!$L$2:$L$3818,1,Tickets!$Y$2:$Y$3818,$A6,Tickets!$Z$2:$Z$3818,16) -> 53 | S6: =COUNTIFS(Tickets!$L$2:$L$3818,1,Tickets!$Y$2:$Y$3818,$A6,Tickets!$Z$2:$Z$3818,17) -> 43 | T6: =COUNTIFS(Tickets!$L$2:$L$3818,1,Tickets!$Y$2:$Y$3818,$A6,Tickets!$Z$2:$Z$3818,18) -> 35 | U6: =COUNTIFS(Tickets!$L$2:$L$3818,1,Tickets!$Y$2:$Y$3818,$A6,Tickets!$Z$2:$Z$3818,19) -> 24 | V6: =COUNTIFS(Tickets!$L$2:$L$3818,1,Tickets!$Y$2:$Y$3818,$A6,Tickets!$Z$2:$Z$3818,20) -> 14 | W6: =COUNTIFS(Tickets!$L$2:$L$3818,1,Tickets!$Y$2:$Y$3818,$A6,Tickets!$Z$2:$Z$3818,21) -> 14 | X6: =COUNTIFS(Tickets!$L$2:$L$3818,1,Tickets!$Y$2:$Y$3818,$A6,Tickets!$Z$2:$Z$3818,22) -> 6 | Y6: =COUNTIFS(Tickets!$L$2:$L$3818,1,Tickets!$Y$2:$Y$3818,$A6,Tickets!$Z$2:$Z$3818,23) -> 7 | Z6: =SUM(B6:Y6) -> 744 | AA6: Tue
A7: 2 | B7: =COUNTIFS(Tickets!$L$2:$L$3818,1,Tickets!$Y$2:$Y$3818,$A7,Tickets!$Z$2:$Z$3818,0) -> 1 | C7: =COUNTIFS(Tickets!$L$2:$L$3818,1,Tickets!$Y$2:$Y$3818,$A7,Tickets!$Z$2:$Z$3818,1) -> 1 | D7: =COUNTIFS(Tickets!$L$2:$L$3818,1,Tickets!$Y$2:$Y$3818,$A7,Tickets!$Z$2:$Z$3818,2) -> 2 | E7: =COUNTIFS(Tickets!$L$2:$L$3818,1,Tickets!$Y$2:$Y$3818,$A7,Tickets!$Z$2:$Z$3818,3) -> 8 | F7: =COUNTIFS(Tickets!$L$2:$L$3818,1,Tickets!$Y$2:$Y$3818,$A7,Tickets!$Z$2:$Z$3818,4) -> 2 | G7: =COUNTIFS(Tickets!$L$2:$L$3818,1,Tickets!$Y$2:$Y$3818,$A7,Tickets!$Z$2:$Z$3818,5) -> 4 | H7: =COUNTIFS(Tickets!$L$2:$L$3818,1,Tickets!$Y$2:$Y$3818,$A7,Tickets!$Z$2:$Z$3818,6) -> 18 | I7: =COUNTIFS(Tickets!$L$2:$L$3818,1,Tickets!$Y$2:$Y$3818,$A7,Tickets!$Z$2:$Z$3818,7) -> 35 | J7: =COUNTIFS(Tickets!$L$2:$L$3818,1,Tickets!$Y$2:$Y$3818,$A7,Tickets!$Z$2:$Z$3818,8) -> 44 | K7: =COUNTIFS(Tickets!$L$2:$L$3818,1,Tickets!$Y$2:$Y$3818,$A7,Tickets!$Z$2:$Z$3818,9) -> 43 | L7: =COUNTIFS(Tickets!$L$2:$L$3818,1,Tickets!$Y$2:$Y$3818,$A7,Tickets!$Z$2:$Z$3818,10) -> 59 | M7: =COUNTIFS(Tickets!$L$2:$L$3818,1,Tickets!$Y$2:$Y$3818,$A7,Tickets!$Z$2:$Z$3818,11) -> 60 | N7: =COUNTIFS(Tickets!$L$2:$L$3818,1,Tickets!$Y$2:$Y$3818,$A7,Tickets!$Z$2:$Z$3818,12) -> 41 | O7: =COUNTIFS(Tickets!$L$2:$L$3818,1,Tickets!$Y$2:$Y$3818,$A7,Tickets!$Z$2:$Z$3818,13) -> 57 | P7: =COUNTIFS(Tickets!$L$2:$L$3818,1,Tickets!$Y$2:$Y$3818,$A7,Tickets!$Z$2:$Z$3818,14) -> 56 | Q7: =COUNTIFS(Tickets!$L$2:$L$3818,1,Tickets!$Y$2:$Y$3818,$A7,Tickets!$Z$2:$Z$3818,15) -> 67 | R7: =COUNTIFS(Tickets!$L$2:$L$3818,1,Tickets!$Y$2:$Y$3818,$A7,Tickets!$Z$2:$Z$3818,16) -> 65 | S7: =COUNTIFS(Tickets!$L$2:$L$3818,1,Tickets!$Y$2:$Y$3818,$A7,Tickets!$Z$2:$Z$3818,17) -> 48 | T7: =COUNTIFS(Tickets!$L$2:$L$3818,1,Tickets!$Y$2:$Y$3818,$A7,Tickets!$Z$2:$Z$3818,18) -> 45 | U7: =COUNTIFS(Tickets!$L$2:$L$3818,1,Tickets!$Y$2:$Y$3818,$A7,Tickets!$Z$2:$Z$3818,19) -> 28 | V7: =COUNTIFS(Tickets!$L$2:$L$3818,1,Tickets!$Y$2:$Y$3818,$A7,Tickets!$Z$2:$Z$3818,20) -> 18 | W7: =COUNTIFS(Tickets!$L$2:$L$3818,1,Tickets!$Y$2:$Y$3818,$A7,Tickets!$Z$2:$Z$3818,21) -> 21 | X7: =COUNTIFS(Tickets!$L$2:$L$3818,1,Tickets!$Y$2:$Y$3818,$A7,Tickets!$Z$2:$Z$3818,22) -> 3 | Y7: =COUNTIFS(Tickets!$L$2:$L$3818,1,Tickets!$Y$2:$Y$3818,$A7,Tickets!$Z$2:$Z$3818,23) -> 2 | Z7: =SUM(B7:Y7) -> 728 | AA7: Wed
A8: 3 | B8: =COUNTIFS(Tickets!$L$2:$L$3818,1,Tickets!$Y$2:$Y$3818,$A8,Tickets!$Z$2:$Z$3818,0) -> 2 | C8: =COUNTIFS(Tickets!$L$2:$L$3818,1,Tickets!$Y$2:$Y$3818,$A8,Tickets!$Z$2:$Z$3818,1) -> 0 | D8: =COUNTIFS(Tickets!$L$2:$L$3818,1,Tickets!$Y$2:$Y$3818,$A8,Tickets!$Z$2:$Z$3818,2) -> 1 | E8: =COUNTIFS(Tickets!$L$2:$L$3818,1,Tickets!$Y$2:$Y$3818,$A8,Tickets!$Z$2:$Z$3818,3) -> 4 | F8: =COUNTIFS(Tickets!$L$2:$L$3818,1,Tickets!$Y$2:$Y$3818,$A8,Tickets!$Z$2:$Z$3818,4) -> 8 | G8: =COUNTIFS(Tickets!$L$2:$L$3818,1,Tickets!$Y$2:$Y$3818,$A8,Tickets!$Z$2:$Z$3818,5) -> 5 | H8: =COUNTIFS(Tickets!$L$2:$L$3818,1,Tickets!$Y$2:$Y$3818,$A8,Tickets!$Z$2:$Z$3818,6) -> 17 | I8: =COUNTIFS(Tickets!$L$2:$L$3818,1,Tickets!$Y$2:$Y$3818,$A8,Tickets!$Z$2:$Z$3818,7) -> 18 | J8: =COUNTIFS(Tickets!$L$2:$L$3818,1,Tickets!$Y$2:$Y$3818,$A8,Tickets!$Z$2:$Z$3818,8) -> 35 | K8: =COUNTIFS(Tickets!$L$2:$L$3818,1,Tickets!$Y$2:$Y$3818,$A8,Tickets!$Z$2:$Z$3818,9) -> 55 | L8: =COUNTIFS(Tickets!$L$2:$L$3818,1,Tickets!$Y$2:$Y$3818,$A8,Tickets!$Z$2:$Z$3818,10) -> 59 | M8: =COUNTIFS(Tickets!$L$2:$L$3818,1,Tickets!$Y$2:$Y$3818,$A8,Tickets!$Z$2:$Z$3818,11) -> 54 | N8: =COUNTIFS(Tickets!$L$2:$L$3818,1,Tickets!$Y$2:$Y$3818,$A8,Tickets!$Z$2:$Z$3818,12) -> 60 | O8: =COUNTIFS(Tickets!$L$2:$L$3818,1,Tickets!$Y$2:$Y$3818,$A8,Tickets!$Z$2:$Z$3818,13) -> 56 | P8: =COUNTIFS(Tickets!$L$2:$L$3818,1,Tickets!$Y$2:$Y$3818,$A8,Tickets!$Z$2:$Z$3818,14) -> 65 | Q8: =COUNTIFS(Tickets!$L$2:$L$3818,1,Tickets!$Y$2:$Y$3818,$A8,Tickets!$Z$2:$Z$3818,15) -> 64 | R8: =COUNTIFS(Tickets!$L$2:$L$3818,1,Tickets!$Y$2:$Y$3818,$A8,Tickets!$Z$2:$Z$3818,16) -> 49 | S8: =COUNTIFS(Tickets!$L$2:$L$3818,1,Tickets!$Y$2:$Y$3818,$A8,Tickets!$Z$2:$Z$3818,17) -> 49 | T8: =COUNTIFS(Tickets!$L$2:$L$3818,1,Tickets!$Y$2:$Y$3818,$A8,Tickets!$Z$2:$Z$3818,18) -> 43 | U8: =COUNTIFS(Tickets!$L$2:$L$3818,1,Tickets!$Y$2:$Y$3818,$A8,Tickets!$Z$2:$Z$3818,19) -> 25 | V8: =COUNTIFS(Tickets!$L$2:$L$3818,1,Tickets!$Y$2:$Y$3818,$A8,Tickets!$Z$2:$Z$3818,20) -> 26 | W8: =COUNTIFS(Tickets!$L$2:$L$3818,1,Tickets!$Y$2:$Y$3818,$A8,Tickets!$Z$2:$Z$3818,21) -> 10 | X8: =COUNTIFS(Tickets!$L$2:$L$3818,1,Tickets!$Y$2:$Y$3818,$A8,Tickets!$Z$2:$Z$3818,22) -> 9 | Y8: =COUNTIFS(Tickets!$L$2:$L$3818,1,Tickets!$Y$2:$Y$3818,$A8,Tickets!$Z$2:$Z$3818,23) -> 4 | Z8: =SUM(B8:Y8) -> 718 | AA8: Thu
A9: 4 | B9: =COUNTIFS(Tickets!$L$2:$L$3818,1,Tickets!$Y$2:$Y$3818,$A9,Tickets!$Z$2:$Z$3818,0) -> 2 | C9: =COUNTIFS(Tickets!$L$2:$L$3818,1,Tickets!$Y$2:$Y$3818,$A9,Tickets!$Z$2:$Z$3818,1) -> 2 | D9: =COUNTIFS(Tickets!$L$2:$L$3818,1,Tickets!$Y$2:$Y$3818,$A9,Tickets!$Z$2:$Z$3818,2) -> 2 | E9: =COUNTIFS(Tickets!$L$2:$L$3818,1,Tickets!$Y$2:$Y$3818,$A9,Tickets!$Z$2:$Z$3818,3) -> 1 | F9: =COUNTIFS(Tickets!$L$2:$L$3818,1,Tickets!$Y$2:$Y$3818,$A9,Tickets!$Z$2:$Z$3818,4) -> 5 | G9: =COUNTIFS(Tickets!$L$2:$L$3818,1,Tickets!$Y$2:$Y$3818,$A9,Tickets!$Z$2:$Z$3818,5) -> 5 | H9: =COUNTIFS(Tickets!$L$2:$L$3818,1,Tickets!$Y$2:$Y$3818,$A9,Tickets!$Z$2:$Z$3818,6) -> 9 | I9: =COUNTIFS(Tickets!$L$2:$L$3818,1,Tickets!$Y$2:$Y$3818,$A9,Tickets!$Z$2:$Z$3818,7) -> 22 | J9: =COUNTIFS(Tickets!$L$2:$L$3818,1,Tickets!$Y$2:$Y$3818,$A9,Tickets!$Z$2:$Z$3818,8) -> 40 | K9: =COUNTIFS(Tickets!$L$2:$L$3818,1,Tickets!$Y$2:$Y$3818,$A9,Tickets!$Z$2:$Z$3818,9) -> 58 | L9: =COUNTIFS(Tickets!$L$2:$L$3818,1,Tickets!$Y$2:$Y$3818,$A9,Tickets!$Z$2:$Z$3818,10) -> 45 | M9: =COUNTIFS(Tickets!$L$2:$L$3818,1,Tickets!$Y$2:$Y$3818,$A9,Tickets!$Z$2:$Z$3818,11) -> 52 | N9: =COUNTIFS(Tickets!$L$2:$L$3818,1,Tickets!$Y$2:$Y$3818,$A9,Tickets!$Z$2:$Z$3818,12) -> 57 | O9: =COUNTIFS(Tickets!$L$2:$L$3818,1,Tickets!$Y$2:$Y$3818,$A9,Tickets!$Z$2:$Z$3818,13) -> 65 | P9: =COUNTIFS(Tickets!$L$2:$L$3818,1,Tickets!$Y$2:$Y$3818,$A9,Tickets!$Z$2:$Z$3818,14) -> 52 | Q9: =COUNTIFS(Tickets!$L$2:$L$3818,1,Tickets!$Y$2:$Y$3818,$A9,Tickets!$Z$2:$Z$3818,15) -> 45 | R9: =COUNTIFS(Tickets!$L$2:$L$3818,1,Tickets!$Y$2:$Y$3818,$A9,Tickets!$Z$2:$Z$3818,16) -> 44 | S9: =COUNTIFS(Tickets!$L$2:$L$3818,1,Tickets!$Y$2:$Y$3818,$A9,Tickets!$Z$2:$Z$3818,17) -> 38 | T9: =COUNTIFS(Tickets!$L$2:$L$3818,1,Tickets!$Y$2:$Y$3818,$A9,Tickets!$Z$2:$Z$3818,18) -> 24 | U9: =COUNTIFS(Tickets!$L$2:$L$3818,1,Tickets!$Y$2:$Y$3818,$A9,Tickets!$Z$2:$Z$3818,19) -> 20 | V9: =COUNTIFS(Tickets!$L$2:$L$3818,1,Tickets!$Y$2:$Y$3818,$A9,Tickets!$Z$2:$Z$3818,20) -> 16 | W9: =COUNTIFS(Tickets!$L$2:$L$3818,1,Tickets!$Y$2:$Y$3818,$A9,Tickets!$Z$2:$Z$3818,21) -> 12 | X9: =COUNTIFS(Tickets!$L$2:$L$3818,1,Tickets!$Y$2:$Y$3818,$A9,Tickets!$Z$2:$Z$3818,22) -> 6 | Y9: =COUNTIFS(Tickets!$L$2:$L$3818,1,Tickets!$Y$2:$Y$3818,$A9,Tickets!$Z$2:$Z$3818,23) -> 4 | Z9: =SUM(B9:Y9) -> 626 | AA9: Fri
A10: 5 | B10: =COUNTIFS(Tickets!$L$2:$L$3818,1,Tickets!$Y$2:$Y$3818,$A10,Tickets!$Z$2:$Z$3818,0) -> 1 | C10: =COUNTIFS(Tickets!$L$2:$L$3818,1,Tickets!$Y$2:$Y$3818,$A10,Tickets!$Z$2:$Z$3818,1) -> 0 | D10: =COUNTIFS(Tickets!$L$2:$L$3818,1,Tickets!$Y$2:$Y$3818,$A10,Tickets!$Z$2:$Z$3818,2) -> 1 | E10: =COUNTIFS(Tickets!$L$2:$L$3818,1,Tickets!$Y$2:$Y$3818,$A10,Tickets!$Z$2:$Z$3818,3) -> 0 | F10: =COUNTIFS(Tickets!$L$2:$L$3818,1,Tickets!$Y$2:$Y$3818,$A10,Tickets!$Z$2:$Z$3818,4) -> 0 | G10: =COUNTIFS(Tickets!$L$2:$L$3818,1,Tickets!$Y$2:$Y$3818,$A10,Tickets!$Z$2:$Z$3818,5) -> 1 | H10: =COUNTIFS(Tickets!$L$2:$L$3818,1,Tickets!$Y$2:$Y$3818,$A10,Tickets!$Z$2:$Z$3818,6) -> 2 | I10: =COUNTIFS(Tickets!$L$2:$L$3818,1,Tickets!$Y$2:$Y$3818,$A10,Tickets!$Z$2:$Z$3818,7) -> 1 | J10: =COUNTIFS(Tickets!$L$2:$L$3818,1,Tickets!$Y$2:$Y$3818,$A10,Tickets!$Z$2:$Z$3818,8) -> 2 | K10: =COUNTIFS(Tickets!$L$2:$L$3818,1,Tickets!$Y$2:$Y$3818,$A10,Tickets!$Z$2:$Z$3818,9) -> 10 | L10: =COUNTIFS(Tickets!$L$2:$L$3818,1,Tickets!$Y$2:$Y$3818,$A10,Tickets!$Z$2:$Z$3818,10) -> 9 | M10: =COUNTIFS(Tickets!$L$2:$L$3818,1,Tickets!$Y$2:$Y$3818,$A10,Tickets!$Z$2:$Z$3818,11) -> 6 | N10: =COUNTIFS(Tickets!$L$2:$L$3818,1,Tickets!$Y$2:$Y$3818,$A10,Tickets!$Z$2:$Z$3818,12) -> 6 | O10: =COUNTIFS(Tickets!$L$2:$L$3818,1,Tickets!$Y$2:$Y$3818,$A10,Tickets!$Z$2:$Z$3818,13) -> 4 | P10: =COUNTIFS(Tickets!$L$2:$L$3818,1,Tickets!$Y$2:$Y$3818,$A10,Tickets!$Z$2:$Z$3818,14) -> 8 | Q10: =COUNTIFS(Tickets!$L$2:$L$3818,1,Tickets!$Y$2:$Y$3818,$A10,Tickets!$Z$2:$Z$3818,15) -> 7 | R10: =COUNTIFS(Tickets!$L$2:$L$3818,1,Tickets!$Y$2:$Y$3818,$A10,Tickets!$Z$2:$Z$3818,16) -> 4 | S10: =COUNTIFS(Tickets!$L$2:$L$3818,1,Tickets!$Y$2:$Y$3818,$A10,Tickets!$Z$2:$Z$3818,17) -> 4 | T10: =COUNTIFS(Tickets!$L$2:$L$3818,1,Tickets!$Y$2:$Y$3818,$A10,Tickets!$Z$2:$Z$3818,18) -> 8 | U10: =COUNTIFS(Tickets!$L$2:$L$3818,1,Tickets!$Y$2:$Y$3818,$A10,Tickets!$Z$2:$Z$3818,19) -> 2 | V10: =COUNTIFS(Tickets!$L$2:$L$3818,1,Tickets!$Y$2:$Y$3818,$A10,Tickets!$Z$2:$Z$3818,20) -> 4 | W10: =COUNTIFS(Tickets!$L$2:$L$3818,1,Tickets!$Y$2:$Y$3818,$A10,Tickets!$Z$2:$Z$3818,21) -> 2 | X10: =COUNTIFS(Tickets!$L$2:$L$3818,1,Tickets!$Y$2:$Y$3818,$A10,Tickets!$Z$2:$Z$3818,22) -> 0 | Y10: =COUNTIFS(Tickets!$L$2:$L$3818,1,Tickets!$Y$2:$Y$3818,$A10,Tickets!$Z$2:$Z$3818,23) -> 1 | Z10: =SUM(B10:Y10) -> 83 | AA10: Sat
A11: 6 | B11: =COUNTIFS(Tickets!$L$2:$L$3818,1,Tickets!$Y$2:$Y$3818,$A11,Tickets!$Z$2:$Z$3818,0) -> 0 | C11: =COUNTIFS(Tickets!$L$2:$L$3818,1,Tickets!$Y$2:$Y$3818,$A11,Tickets!$Z$2:$Z$3818,1) -> 0 | D11: =COUNTIFS(Tickets!$L$2:$L$3818,1,Tickets!$Y$2:$Y$3818,$A11,Tickets!$Z$2:$Z$3818,2) -> 0 | E11: =COUNTIFS(Tickets!$L$2:$L$3818,1,Tickets!$Y$2:$Y$3818,$A11,Tickets!$Z$2:$Z$3818,3) -> 0 | F11: =COUNTIFS(Tickets!$L$2:$L$3818,1,Tickets!$Y$2:$Y$3818,$A11,Tickets!$Z$2:$Z$3818,4) -> 1 | G11: =COUNTIFS(Tickets!$L$2:$L$3818,1,Tickets!$Y$2:$Y$3818,$A11,Tickets!$Z$2:$Z$3818,5) -> 2 | H11: =COUNTIFS(Tickets!$L$2:$L$3818,1,Tickets!$Y$2:$Y$3818,$A11,Tickets!$Z$2:$Z$3818,6) -> 0 | I11: =COUNTIFS(Tickets!$L$2:$L$3818,1,Tickets!$Y$2:$Y$3818,$A11,Tickets!$Z$2:$Z$3818,7) -> 2 | J11: =COUNTIFS(Tickets!$L$2:$L$3818,1,Tickets!$Y$2:$Y$3818,$A11,Tickets!$Z$2:$Z$3818,8) -> 2 | K11: =COUNTIFS(Tickets!$L$2:$L$3818,1,Tickets!$Y$2:$Y$3818,$A11,Tickets!$Z$2:$Z$3818,9) -> 5 | L11: =COUNTIFS(Tickets!$L$2:$L$3818,1,Tickets!$Y$2:$Y$3818,$A11,Tickets!$Z$2:$Z$3818,10) -> 8 | M11: =COUNTIFS(Tickets!$L$2:$L$3818,1,Tickets!$Y$2:$Y$3818,$A11,Tickets!$Z$2:$Z$3818,11) -> 6 | N11: =COUNTIFS(Tickets!$L$2:$L$3818,1,Tickets!$Y$2:$Y$3818,$A11,Tickets!$Z$2:$Z$3818,12) -> 11 | O11: =COUNTIFS(Tickets!$L$2:$L$3818,1,Tickets!$Y$2:$Y$3818,$A11,Tickets!$Z$2:$Z$3818,13) -> 5 | P11: =COUNTIFS(Tickets!$L$2:$L$3818,1,Tickets!$Y$2:$Y$3818,$A11,Tickets!$Z$2:$Z$3818,14) -> 9 | Q11: =COUNTIFS(Tickets!$L$2:$L$3818,1,Tickets!$Y$2:$Y$3818,$A11,Tickets!$Z$2:$Z$3818,15) -> 4 | R11: =COUNTIFS(Tickets!$L$2:$L$3818,1,Tickets!$Y$2:$Y$3818,$A11,Tickets!$Z$2:$Z$3818,16) -> 5 | S11: =COUNTIFS(Tickets!$L$2:$L$3818,1,Tickets!$Y$2:$Y$3818,$A11,Tickets!$Z$2:$Z$3818,17) -> 2 | T11: =COUNTIFS(Tickets!$L$2:$L$3818,1,Tickets!$Y$2:$Y$3818,$A11,Tickets!$Z$2:$Z$3818,18) -> 2 | U11: =COUNTIFS(Tickets!$L$2:$L$3818,1,Tickets!$Y$2:$Y$3818,$A11,Tickets!$Z$2:$Z$3818,19) -> 1 | V11: =COUNTIFS(Tickets!$L$2:$L$3818,1,Tickets!$Y$2:$Y$3818,$A11,Tickets!$Z$2:$Z$3818,20) -> 2 | W11: =COUNTIFS(Tickets!$L$2:$L$3818,1,Tickets!$Y$2:$Y$3818,$A11,Tickets!$Z$2:$Z$3818,21) -> 0 | X11: =COUNTIFS(Tickets!$L$2:$L$3818,1,Tickets!$Y$2:$Y$3818,$A11,Tickets!$Z$2:$Z$3818,22) -> 1 | Y11: =COUNTIFS(Tickets!$L$2:$L$3818,1,Tickets!$Y$2:$Y$3818,$A11,Tickets!$Z$2:$Z$3818,23) -> 0 | Z11: =SUM(B11:Y11) -> 68 | AA11: Sun
A13: all | B13: =SUM(B5:B11) -> 8 | C13: =SUM(C5:C11) -> 7 | D13: =SUM(D5:D11) -> 8 | E13: =SUM(E5:E11) -> 19 | F13: =SUM(F5:F11) -> 21 | G13: =SUM(G5:G11) -> 27 | H13: =SUM(H5:H11) -> 81 | I13: =SUM(I5:I11) -> 139 | ... Z13: =SUM(Z5:Z11) -> 3817
A15: Monday 09:00-11:00 UTC arrivals | B15: =K5+L5 -> 238
A16: grid total equals Metrics arrivals | B16: =Z13=Metrics!B6 -> TRUE
A17: expected Monday 09-11 arrivals (query 01, typed) | C17: 238 | D17: 144 | E17: 94 | F17: full / training / holdout
A18: check (matches the selected window) | B18: =B15=INDEX(C17:E17,MATCH(Scenario!B3,{"full","training","holdout"},0)) -> TRUE

Sheet Queue by priority
A1: Queue x priority for the selected window (final queue; COUNTIFS / AVERAGEIFS over Tickets)
A2: Expected columns are typed from query 02 and apply to the FULL window only; the check reads n/a for another scenario.
A4: queue | B4: priority | C4: arrivals | D4: mean first response (min) | E4: mean wait to first service (min) | F4: first response compliance | G4: query 02 arrivals (full) | H4: query 02 mean first response (full) | I4: query 02 mean wait (full) | J4: check (full only)
A5: q-001 | B5: P1 | C5: =COUNTIFS(Tickets!$L$2:$L$3818,1,Tickets!$D$2:$D$3818,$A5,Tickets!$B$2:$B$3818,$B5) -> 45 | D5: =IFERROR(ROUND(AVERAGEIFS(Tickets!$M$2:$M$3818,Tickets!$D$2:$D$3818,$A5,Tickets!$B$2:$B$3818,$B5),4),"") -> 9.1602 | E5: =IFERROR(ROUND(AVERAGEIFS(Tickets!$N$2:$N$3818,Tickets!$D$2:$D$3818,$A5,Tickets!$B$2:$B$3818,$B5),4),"") -> 6.8803 | F5: =IFERROR(ROUND(SUMIFS(Tickets!$S$2:$S$3818,Tickets!$D$2:$D$3818,$A5,Tickets!$B$2:$B$3818,$B5)/COUNTIFS(Tickets!$D$2:$D$3818,$A5,Tickets!$B$2:$B$3818,$B5,Tickets!$S$2:$S$3818,">=0"),6),"") -> 0.840909 | G5: 45 | H5: 9.1602 | I5: 6.8803 | J5: =IF(Scenario!$B$3="full",AND(C5=G5,ABS(D5-H5)<0.00005001,ABS(E5-I5)<0.00005001),"n/a") -> TRUE
A6: q-001 | B6: P2 | C6: =COUNTIFS(Tickets!$L$2:$L$3818,1,Tickets!$D$2:$D$3818,$A6,Tickets!$B$2:$B$3818,$B6) -> 431 | D6: =IFERROR(ROUND(AVERAGEIFS(Tickets!$M$2:$M$3818,Tickets!$D$2:$D$3818,$A6,Tickets!$B$2:$B$3818,$B6),4),"") -> 21.724 | E6: =IFERROR(ROUND(AVERAGEIFS(Tickets!$N$2:$N$3818,Tickets!$D$2:$D$3818,$A6,Tickets!$B$2:$B$3818,$B6),4),"") -> 19.2497 | F6: =IFERROR(ROUND(SUMIFS(Tickets!$S$2:$S$3818,Tickets!$D$2:$D$3818,$A6,Tickets!$B$2:$B$3818,$B6)/COUNTIFS(Tickets!$D$2:$D$3818,$A6,Tickets!$B$2:$B$3818,$B6,Tickets!$S$2:$S$3818,">=0"),6),"") -> 0.947494 | G6: 431 | H6: 21.724 | I6: 19.2497 | J6: =IF(Scenario!$B$3="full",AND(C6=G6,ABS(D6-H6)<0.00005001,ABS(E6-I6)<0.00005001),"n/a") -> TRUE
A7: q-001 | B7: P3 | C7: =COUNTIFS(Tickets!$L$2:$L$3818,1,Tickets!$D$2:$D$3818,$A7,Tickets!$B$2:$B$3818,$B7) -> 846 | D7: =IFERROR(ROUND(AVERAGEIFS(Tickets!$M$2:$M$3818,Tickets!$D$2:$D$3818,$A7,Tickets!$B$2:$B$3818,$B7),4),"") -> 18.0483 | E7: =IFERROR(ROUND(AVERAGEIFS(Tickets!$N$2:$N$3818,Tickets!$D$2:$D$3818,$A7,Tickets!$B$2:$B$3818,$B7),4),"") -> 15.5235 | F7: =IFERROR(ROUND(SUMIFS(Tickets!$S$2:$S$3818,Tickets!$D$2:$D$3818,$A7,Tickets!$B$2:$B$3818,$B7)/COUNTIFS(Tickets!$D$2:$D$3818,$A7,Tickets!$B$2:$B$3818,$B7,Tickets!$S$2:$S$3818,">=0"),6),"") -> 0.991261 | G7: 846 | H7: 18.0483 | I7: 15.5235 | J7: =IF(Scenario!$B$3="full",AND(C7=G7,ABS(D7-H7)<0.00005001,ABS(E7-I7)<0.00005001),"n/a") -> TRUE
A8: q-002 | B8: P1 | C8: =COUNTIFS(Tickets!$L$2:$L$3818,1,Tickets!$D$2:$D$3818,$A8,Tickets!$B$2:$B$3818,$B8) -> 148 | D8: =IFERROR(ROUND(AVERAGEIFS(Tickets!$M$2:$M$3818,Tickets!$D$2:$D$3818,$A8,Tickets!$B$2:$B$3818,$B8),4),"") -> 22.8731 | E8: =IFERROR(ROUND(AVERAGEIFS(Tickets!$N$2:$N$3818,Tickets!$D$2:$D$3818,$A8,Tickets!$B$2:$B$3818,$B8),4),"") -> 20.4291 | F8: =IFERROR(ROUND(SUMIFS(Tickets!$S$2:$S$3818,Tickets!$D$2:$D$3818,$A8,Tickets!$B$2:$B$3818,$B8)/COUNTIFS(Tickets!$D$2:$D$3818,$A8,Tickets!$B$2:$B$3818,$B8,Tickets!$S$2:$S$3818,">=0"),6),"") -> 0.823944 | G8: 148 | H8: 22.8731 | I8: 20.4291 | J8: =IF(Scenario!$B$3="full",AND(C8=G8,ABS(D8-H8)<0.00005001,ABS(E8-I8)<0.00005001),"n/a") -> TRUE
A9: q-002 | B9: P2 | C9: =COUNTIFS(Tickets!$L$2:$L$3818,1,Tickets!$D$2:$D$3818,$A9,Tickets!$B$2:$B$3818,$B9) -> 586 | D9: =IFERROR(ROUND(AVERAGEIFS(Tickets!$M$2:$M$3818,Tickets!$D$2:$D$3818,$A9,Tickets!$B$2:$B$3818,$B9),4),"") -> 38.2414 | E9: =IFERROR(ROUND(AVERAGEIFS(Tickets!$N$2:$N$3818,Tickets!$D$2:$D$3818,$A9,Tickets!$B$2:$B$3818,$B9),4),"") -> 35.7298 | F9: =IFERROR(ROUND(SUMIFS(Tickets!$S$2:$S$3818,Tickets!$D$2:$D$3818,$A9,Tickets!$B$2:$B$3818,$B9)/COUNTIFS(Tickets!$D$2:$D$3818,$A9,Tickets!$B$2:$B$3818,$B9,Tickets!$S$2:$S$3818,">=0"),6),"") -> 0.906422 | G9: 586 | H9: 38.2414 | I9: 35.7298 | J9: =IF(Scenario!$B$3="full",AND(C9=G9,ABS(D9-H9)<0.00005001,ABS(E9-I9)<0.00005001),"n/a") -> TRUE
A10: q-002 | B10: P3 | C10: =COUNTIFS(Tickets!$L$2:$L$3818,1,Tickets!$D$2:$D$3818,$A10,Tickets!$B$2:$B$3818,$B10) -> 809 | D10: =IFERROR(ROUND(AVERAGEIFS(Tickets!$M$2:$M$3818,Tickets!$D$2:$D$3818,$A10,Tickets!$B$2:$B$3818,$B10),4),"") -> 51.9017 | E10: =IFERROR(ROUND(AVERAGEIFS(Tickets!$N$2:$N$3818,Tickets!$D$2:$D$3818,$A10,Tickets!$B$2:$B$3818,$B10),4),"") -> 49.4389 | F10: =IFERROR(ROUND(SUMIFS(Tickets!$S$2:$S$3818,Tickets!$D$2:$D$3818,$A10,Tickets!$B$2:$B$3818,$B10)/COUNTIFS(Tickets!$D$2:$D$3818,$A10,Tickets!$B$2:$B$3818,$B10,Tickets!$S$2:$S$3818,">=0"),6),"") -> 0.954485 | G10: 809 | H10: 51.9017 | I10: 49.4389 | J10: =IF(Scenario!$B$3="full",AND(C10=G10,ABS(D10-H10)<0.00005001,ABS(E10-I10)<0.00005001),"n/a") -> TRUE
A11: q-003 | B11: P1 | C11: =COUNTIFS(Tickets!$L$2:$L$3818,1,Tickets!$D$2:$D$3818,$A11,Tickets!$B$2:$B$3818,$B11) -> 43 | D11: =IFERROR(ROUND(AVERAGEIFS(Tickets!$M$2:$M$3818,Tickets!$D$2:$D$3818,$A11,Tickets!$B$2:$B$3818,$B11),4),"") -> 12.426 | E11: =IFERROR(ROUND(AVERAGEIFS(Tickets!$N$2:$N$3818,Tickets!$D$2:$D$3818,$A11,Tickets!$B$2:$B$3818,$B11),4),"") -> 9.9244 | F11: =IFERROR(ROUND(SUMIFS(Tickets!$S$2:$S$3818,Tickets!$D$2:$D$3818,$A11,Tickets!$B$2:$B$3818,$B11)/COUNTIFS(Tickets!$D$2:$D$3818,$A11,Tickets!$B$2:$B$3818,$B11,Tickets!$S$2:$S$3818,">=0"),6),"") -> 0.804878 | G11: 43 | H11: 12.426 | I11: 9.9244 | J11: =IF(Scenario!$B$3="full",AND(C11=G11,ABS(D11-H11)<0.00005001,ABS(E11-I11)<0.00005001),"n/a") -> TRUE
A12: q-003 | B12: P2 | C12: =COUNTIFS(Tickets!$L$2:$L$3818,1,Tickets!$D$2:$D$3818,$A12,Tickets!$B$2:$B$3818,$B12) -> 370 | D12: =IFERROR(ROUND(AVERAGEIFS(Tickets!$M$2:$M$3818,Tickets!$D$2:$D$3818,$A12,Tickets!$B$2:$B$3818,$B12),4),"") -> 14.6941 | E12: =IFERROR(ROUND(AVERAGEIFS(Tickets!$N$2:$N$3818,Tickets!$D$2:$D$3818,$A12,Tickets!$B$2:$B$3818,$B12),4),"") -> 12.1977 | F12: =IFERROR(ROUND(SUMIFS(Tickets!$S$2:$S$3818,Tickets!$D$2:$D$3818,$A12,Tickets!$B$2:$B$3818,$B12)/COUNTIFS(Tickets!$D$2:$D$3818,$A12,Tickets!$B$2:$B$3818,$B12,Tickets!$S$2:$S$3818,">=0"),6),"") -> 0.955056 | G12: 370 | H12: 14.6941 | I12: 12.1977 | J12: =IF(Scenario!$B$3="full",AND(C12=G12,ABS(D12-H12)<0.00005001,ABS(E12-I12)<0.00005001),"n/a") -> TRUE
A13: q-003 | B13: P3 | C13: =COUNTIFS(Tickets!$L$2:$L$3818,1,Tickets!$D$2:$D$3818,$A13,Tickets!$B$2:$B$3818,$B13) -> 539 | D13: =IFERROR(ROUND(AVERAGEIFS(Tickets!$M$2:$M$3818,Tickets!$D$2:$D$3818,$A13,Tickets!$B$2:$B$3818,$B13),4),"") -> 16.7022 | E13: =IFERROR(ROUND(AVERAGEIFS(Tickets!$N$2:$N$3818,Tickets!$D$2:$D$3818,$A13,Tickets!$B$2:$B$3818,$B13),4),"") -> 14.1611 | F13: =IFERROR(ROUND(SUMIFS(Tickets!$S$2:$S$3818,Tickets!$D$2:$D$3818,$A13,Tickets!$B$2:$B$3818,$B13)/COUNTIFS(Tickets!$D$2:$D$3818,$A13,Tickets!$B$2:$B$3818,$B13,Tickets!$S$2:$S$3818,">=0"),6),"") -> 0.982726 | G13: 539 | H13: 16.7022 | I13: 14.1611 | J13: =IF(Scenario!$B$3="full",AND(C13=G13,ABS(D13-H13)<0.00005001,ABS(E13-I13)<0.00005001),"n/a") -> TRUE

Sheet Golden case
A1: The known answer (P04-GOLD-01) as spreadsheet formulas
A2: One agent, three tickets at minute 0, deterministic 10-minute service, FIFO. Independent of every other sheet.
A4: ticket | B4: arrival (min) | C4: service (min) | D4: service start (min) | E4: wait (min) | F4: completion (min) | G4: first response (min) | I4: service minutes | J4: 10
A5: t-001 | B5: 0 | C5: =$J$4 -> 10 | D5: =MAX(B5,0) -> 0 | E5: =D5-B5 -> 0 | F5: =D5+C5 -> 10 | G5: =D5-B5 -> 0
A6: t-002 | B6: 0 | C6: =$J$4 -> 10 | D6: =MAX(B6,F5) -> 10 | E6: =D6-B6 -> 10 | F6: =D6+C6 -> 20 | G6: =D6-B6 -> 10
A7: t-003 | B7: 0 | C7: =$J$4 -> 10 | D7: =MAX(B7,F6) -> 20 | E7: =D7-B7 -> 20 | F7: =D7+C7 -> 30 | G7: =D7-B7 -> 20
A9: mean wait (min) | B9: =AVERAGE(E5:E7) -> 10 | D9: expected (expected.json) | E9: 10 | F9: =ABS(B9-E9)<0.00005 -> TRUE
A10: last completion (min) | B10: =MAX(F5:F7) -> 30 | D10: expected | E10: 30 | F10: =ABS(B10-E10)<0.00005 -> TRUE
A11: handling total (min) | B11: =SUM(C5:C7) -> 30 | D11: expected | E11: 30 | F11: =ABS(B11-E11)<0.00005 -> TRUE
A12: mean first response (min) | B12: =AVERAGE(G5:G7) -> 10 | D12: expected | E12: 10 | F12: =ABS(B12-E12)<0.00005 -> TRUE
A14: starts 0 / 10 / 20 and waits 0 / 10 / 20 | B14: =AND(D5=0,D6=10,D7=20,E5=0,E6=10,E7=20) -> TRUE
A15: all golden checks TRUE | B15: =AND(F9:F12,B14) -> TRUE

Sheet Assumptions
A1: Assumptions and limits
A2: D-nn are contract decisions (docs/contracts.md); W-nn are this workbook's own limits.
A4: id | B4: statement
A5: D-01 | B5: Events are an ordered log (occurred_at, event_id); FIFO within priority; a transfer keeps the arrival instant; a reopen is one customer contact.
A6: D-02 | B6: UTC instants; first response = first HUMAN reply (a bot never counts); resolution = final resolution minus the ORIGINAL arrival; P90 is nearest rank (index ceil(0.9 n)); handling = service intervals only.
A7: D-03 | B7: Staffed available time = shift minutes minus the declared break; occupancy = handling / staffed; abandonment only on channels that can abandon; CSAT = positive / valid responses.
A8: D-05 | B8: The break is deducted only when the window covers the whole shift; the backlog counts arrived tickets not resolved or abandoned; the survey invitation rate is over resolved tickets.
A9: D-08 | B9: The site window is [2026-07-06, as_of + 1 s); training = weeks 1-8, holdout = weeks 9-12; timestamps are integer epoch seconds.
A10: D-09 | B10: Wait means wait to first service; a reopened ticket is charged its dormant gap; calendars are ignored (every SLA policy uses the 24x7 cal-001).
A11: W-01 | B11: Synthetic data only. The holdout's +20 % arrival intensity is a chosen realisation of a seeded series (docs/contracts.md D-09 R4-13).
A12: W-02 | B12: The per-ticket instants and the service intervals were derived from the event log ONCE in Python (the domain's replay); the replay is not a spreadsheet formula. Everything after those instants is.
A13: W-03 | B13: Backlog and open overdue at the window end read a reopened ticket by its final resolution; checked equal to the domain for all three windows (1 open ticket at the end of the training window, none otherwise). It is not a general as-of reconstruction.
A14: W-04 | B14: Recalculation: openpyxl writes formulas only. The delivered file was recalculated by LibreOffice headless and carries its cached values; Excel was NOT run (docs/workbook.md). fullCalcOnLoad is set so Excel recalculates on open.
A15: W-05 | B15: Instants are integer epoch seconds (UTC), so a minute is exact to the second; the check tolerance is half a unit in the last place of the stated precision.
... A17: W-07 | B17: Simulation results (docs/executive-memo.md) are estimates and are not part of this workbook.

Sheet Tickets
A1: ticket_id | B1: priority | C1: channel | D1: final queue | E1: created (epoch s) | F1: first human reply (epoch s) | G1: first service (epoch s) | H1: final resolution (epoch s) | I1: abandoned (epoch s) | J1: reopens | K1: transfers | L1: in arrivals | M1: first response (min) | N1: wait to first service (min) | O1: in completions | P1: resolution (min) | Q1: first response target (min) | R1: resolution target (min) | S1: first response within | T1: resolution within | U1: open at window end | V1: overdue at window end | W1: can abandon | X1: abandoned | Y1: weekday (0=Mon) | Z1: hour (UTC) | AA1: created (UTC text)
A2: t-0001 | B2: P2 | C2: chat | D2: q-003 | E2: 1783302666 | I2: 1783304164 | J2: 0 | K2: 0 | L2: =IF(AND(E2>=Scenario!$B$11,E2<Scenario!$B$12),1,0) -> 1 | M2: =IF(AND(L2=1,ISNUMBER(F2)),MAX(0,F2-E2)/60,"") | N2: =IF(AND(L2=1,ISNUMBER(G2)),MAX(0,G2-E2)/60,"") | O2: =IF(ISNUMBER(H2),IF(AND(H2>=Scenario!$B$11,H2<Scenario!$B$12),1,0),0) -> 0 | P2: =IF(O2=1,MAX(0,H2-E2)/60,"") | Q2: =INDEX(Scenario!$B$18:$B$20,MATCH(B2,Scenario!$A$18:$A$20,0)) -> 60 | R2: =INDEX(Scenario!$C$18:$C$20,MATCH(B2,Scenario!$A$18:$A$20,0)) -> 1440 | S2: =IF(ISNUMBER(M2),IF(M2<=Q2,1,0),"") | T2: =IF(ISNUMBER(P2),IF(P2<=R2,1,0),"") | U2: =IF(E2>Scenario!$B$14,0,IF(OR(AND(ISNUMBER(H2),H2<=Scenario!$B$14),AND(ISNUMBER(I2),I2<=Scenario!$B$14)),0,1)) -> 0 | V2: =IF(AND(U2=1,(Scenario!$B$14-E2)/60>R2),1,0) -> 0 | W2: =IF(OR(C2=Scenario!$B$22,C2=Scenario!$C$22),1,0) -> 1 | X2: =IF(ISNUMBER(I2),1,0) -> 1 | Y2: =MOD(INT(E2/86400)+3,7) -> 0 | Z2: =MOD(INT(E2/3600),24) -> 1 | AA2: 2026-07-06T01:51:06Z
A3: t-0002 | B3: P3 | C3: email | D3: q-001 | E3: 1783307173 | F3: 1783314209 | G3: 1783314047 | H3: 1783315005 | J3: 0 | K3: 0 | L3: =IF(AND(E3>=Scenario!$B$11,E3<Scenario!$B$12),1,0) -> 1 | M3: =IF(AND(L3=1,ISNUMBER(F3)),MAX(0,F3-E3)/60,"") -> 117.26667 | N3: =IF(AND(L3=1,ISNUMBER(G3)),MAX(0,G3-E3)/60,"") -> 114.56667 | O3: =IF(ISNUMBER(H3),IF(AND(H3>=Scenario!$B$11,H3<Scenario!$B$12),1,0),0) -> 1 | P3: =IF(O3=1,MAX(0,H3-E3)/60,"") -> 130.53333 | Q3: =INDEX(Scenario!$B$18:$B$20,MATCH(B3,Scenario!$A$18:$A$20,0)) -> 240 | R3: =INDEX(Scenario!$C$18:$C$20,MATCH(B3,Scenario!$A$18:$A$20,0)) -> 4320 | S3: =IF(ISNUMBER(M3),IF(M3<=Q3,1,0),"") -> 1 | T3: =IF(ISNUMBER(P3),IF(P3<=R3,1,0),"") -> 1 | U3: =IF(E3>Scenario!$B$14,0,IF(OR(AND(ISNUMBER(H3),H3<=Scenario!$B$14),AND(ISNUMBER(I3),I3<=Scenario!$B$14)),0,1)) -> 0 | V3: =IF(AND(U3=1,(Scenario!$B$14-E3)/60>R3),1,0) -> 0 | W3: =IF(OR(C3=Scenario!$B$22,C3=Scenario!$C$22),1,0) -> 0 | X3: =IF(ISNUMBER(I3),1,0) -> 0 | Y3: =MOD(INT(E3/86400)+3,7) -> 0 | Z3: =MOD(INT(E3/3600),24) -> 3 | AA3: 2026-07-06T03:06:13Z
A4: t-0003 | B4: P3 | C4: email | D4: q-001 | E4: 1783310288 | F4: 1783314188 | G4: 1783314016 | H4: 1783315952 | J4: 0 | K4: 1 | L4: =IF(AND(E4>=Scenario!$B$11,E4<Scenario!$B$12),1,0) -> 1 | M4: =IF(AND(L4=1,ISNUMBER(F4)),MAX(0,F4-E4)/60,"") -> 65 | N4: =IF(AND(L4=1,ISNUMBER(G4)),MAX(0,G4-E4)/60,"") -> 62.133333 | O4: =IF(ISNUMBER(H4),IF(AND(H4>=Scenario!$B$11,H4<Scenario!$B$12),1,0),0) -> 1 | P4: =IF(O4=1,MAX(0,H4-E4)/60,"") -> 94.4 | Q4: =INDEX(Scenario!$B$18:$B$20,MATCH(B4,Scenario!$A$18:$A$20,0)) -> 240 | R4: =INDEX(Scenario!$C$18:$C$20,MATCH(B4,Scenario!$A$18:$A$20,0)) -> 4320 | S4: =IF(ISNUMBER(M4),IF(M4<=Q4,1,0),"") -> 1 | T4: =IF(ISNUMBER(P4),IF(P4<=R4,1,0),"") -> 1 | U4: =IF(E4>Scenario!$B$14,0,IF(OR(AND(ISNUMBER(H4),H4<=Scenario!$B$14),AND(ISNUMBER(I4),I4<=Scenario!$B$14)),0,1)) -> 0 | V4: =IF(AND(U4=1,(Scenario!$B$14-E4)/60>R4),1,0) -> 0 | W4: =IF(OR(C4=Scenario!$B$22,C4=Scenario!$C$22),1,0) -> 0 | X4: =IF(ISNUMBER(I4),1,0) -> 0 | Y4: =MOD(INT(E4/86400)+3,7) -> 0 | Z4: =MOD(INT(E4/3600),24) -> 3 | AA4: 2026-07-06T03:58:08Z
A5: t-0004 | B5: P3 | C5: chat | D5: q-002 | E5: 1783311821 | F5: 1783314270 | G5: 1783314053 | H5: 1783315477 | J5: 0 | K5: 0 | L5: =IF(AND(E5>=Scenario!$B$11,E5<Scenario!$B$12),1,0) -> 1 | M5: =IF(AND(L5=1,ISNUMBER(F5)),MAX(0,F5-E5)/60,"") -> 40.816667 | N5: =IF(AND(L5=1,ISNUMBER(G5)),MAX(0,G5-E5)/60,"") -> 37.2 | O5: =IF(ISNUMBER(H5),IF(AND(H5>=Scenario!$B$11,H5<Scenario!$B$12),1,0),0) -> 1 | P5: =IF(O5=1,MAX(0,H5-E5)/60,"") -> 60.933333 | Q5: =INDEX(Scenario!$B$18:$B$20,MATCH(B5,Scenario!$A$18:$A$20,0)) -> 240 | R5: =INDEX(Scenario!$C$18:$C$20,MATCH(B5,Scenario!$A$18:$A$20,0)) -> 4320 | S5: =IF(ISNUMBER(M5),IF(M5<=Q5,1,0),"") -> 1 | T5: =IF(ISNUMBER(P5),IF(P5<=R5,1,0),"") -> 1 | U5: =IF(E5>Scenario!$B$14,0,IF(OR(AND(ISNUMBER(H5),H5<=Scenario!$B$14),AND(ISNUMBER(I5),I5<=Scenario!$B$14)),0,1)) -> 0 | V5: =IF(AND(U5=1,(Scenario!$B$14-E5)/60>R5),1,0) -> 0 | W5: =IF(OR(C5=Scenario!$B$22,C5=Scenario!$C$22),1,0) -> 1 | X5: =IF(ISNUMBER(I5),1,0) -> 0 | Y5: =MOD(INT(E5/86400)+3,7) -> 0 | Z5: =MOD(INT(E5/3600),24) -> 4 | AA5: 2026-07-06T04:23:41Z
A6: t-0005 | B6: P3 | C6: chat | D6: q-002 | E6: 1783312860 | I6: 1783314516 | J6: 0 | K6: 0 | L6: =IF(AND(E6>=Scenario!$B$11,E6<Scenario!$B$12),1,0) -> 1 | M6: =IF(AND(L6=1,ISNUMBER(F6)),MAX(0,F6-E6)/60,"") | N6: =IF(AND(L6=1,ISNUMBER(G6)),MAX(0,G6-E6)/60,"") | O6: =IF(ISNUMBER(H6),IF(AND(H6>=Scenario!$B$11,H6<Scenario!$B$12),1,0),0) -> 0 | P6: =IF(O6=1,MAX(0,H6-E6)/60,"") | Q6: =INDEX(Scenario!$B$18:$B$20,MATCH(B6,Scenario!$A$18:$A$20,0)) -> 240 | R6: =INDEX(Scenario!$C$18:$C$20,MATCH(B6,Scenario!$A$18:$A$20,0)) -> 4320 | S6: =IF(ISNUMBER(M6),IF(M6<=Q6,1,0),"") | T6: =IF(ISNUMBER(P6),IF(P6<=R6,1,0),"") | U6: =IF(E6>Scenario!$B$14,0,IF(OR(AND(ISNUMBER(H6),H6<=Scenario!$B$14),AND(ISNUMBER(I6),I6<=Scenario!$B$14)),0,1)) -> 0 | V6: =IF(AND(U6=1,(Scenario!$B$14-E6)/60>R6),1,0) -> 0 | W6: =IF(OR(C6=Scenario!$B$22,C6=Scenario!$C$22),1,0) -> 1 | X6: =IF(ISNUMBER(I6),1,0) -> 1 | Y6: =MOD(INT(E6/86400)+3,7) -> 0 | Z6: =MOD(INT(E6/3600),24) -> 4 | AA6: 2026-07-06T04:41:00Z
A7: t-0006 | B7: P3 | C7: phone | D7: q-003 | E7: 1783314204 | I7: 1783314324 | J7: 0 | K7: 0 | L7: =IF(AND(E7>=Scenario!$B$11,E7<Scenario!$B$12),1,0) -> 1 | M7: =IF(AND(L7=1,ISNUMBER(F7)),MAX(0,F7-E7)/60,"") | N7: =IF(AND(L7=1,ISNUMBER(G7)),MAX(0,G7-E7)/60,"") | O7: =IF(ISNUMBER(H7),IF(AND(H7>=Scenario!$B$11,H7<Scenario!$B$12),1,0),0) -> 0 | P7: =IF(O7=1,MAX(0,H7-E7)/60,"") | Q7: =INDEX(Scenario!$B$18:$B$20,MATCH(B7,Scenario!$A$18:$A$20,0)) -> 240 | R7: =INDEX(Scenario!$C$18:$C$20,MATCH(B7,Scenario!$A$18:$A$20,0)) -> 4320 | S7: =IF(ISNUMBER(M7),IF(M7<=Q7,1,0),"") | T7: =IF(ISNUMBER(P7),IF(P7<=R7,1,0),"") | U7: =IF(E7>Scenario!$B$14,0,IF(OR(AND(ISNUMBER(H7),H7<=Scenario!$B$14),AND(ISNUMBER(I7),I7<=Scenario!$B$14)),0,1)) -> 0 | V7: =IF(AND(U7=1,(Scenario!$B$14-E7)/60>R7),1,0) -> 0 | W7: =IF(OR(C7=Scenario!$B$22,C7=Scenario!$C$22),1,0) -> 1 | X7: =IF(ISNUMBER(I7),1,0) -> 1 | Y7: =MOD(INT(E7/86400)+3,7) -> 0 | Z7: =MOD(INT(E7/3600),24) -> 5 | AA7: 2026-07-06T05:03:24Z
A8: t-0007 | B8: P3 | C8: phone | D8: q-003 | E8: 1783317827 | F8: 1783317936 | G8: 1783317848 | H8: 1783321141 | J8: 0 | K8: 0 | L8: =IF(AND(E8>=Scenario!$B$11,E8<Scenario!$B$12),1,0) -> 1 | M8: =IF(AND(L8=1,ISNUMBER(F8)),MAX(0,F8-E8)/60,"") -> 1.8166667 | N8: =IF(AND(L8=1,ISNUMBER(G8)),MAX(0,G8-E8)/60,"") -> 0.35 | O8: =IF(ISNUMBER(H8),IF(AND(H8>=Scenario!$B$11,H8<Scenario!$B$12),1,0),0) -> 1 | P8: =IF(O8=1,MAX(0,H8-E8)/60,"") -> 55.233333 | Q8: =INDEX(Scenario!$B$18:$B$20,MATCH(B8,Scenario!$A$18:$A$20,0)) -> 240 | R8: =INDEX(Scenario!$C$18:$C$20,MATCH(B8,Scenario!$A$18:$A$20,0)) -> 4320 | S8: =IF(ISNUMBER(M8),IF(M8<=Q8,1,0),"") -> 1 | T8: =IF(ISNUMBER(P8),IF(P8<=R8,1,0),"") -> 1 | U8: =IF(E8>Scenario!$B$14,0,IF(OR(AND(ISNUMBER(H8),H8<=Scenario!$B$14),AND(ISNUMBER(I8),I8<=Scenario!$B$14)),0,1)) -> 0 | V8: =IF(AND(U8=1,(Scenario!$B$14-E8)/60>R8),1,0) -> 0 | W8: =IF(OR(C8=Scenario!$B$22,C8=Scenario!$C$22),1,0) -> 1 | X8: =IF(ISNUMBER(I8),1,0) -> 0 | Y8: =MOD(INT(E8/86400)+3,7) -> 0 | Z8: =MOD(INT(E8/3600),24) -> 6 | AA8: 2026-07-06T06:03:47Z
A9: t-0008 | B9: P3 | C9: phone | D9: q-003 | E9: 1783320295 | F9: 1783321366 | G9: 1783321183 | H9: 1783325212 | J9: 0 | K9: 0 | L9: =IF(AND(E9>=Scenario!$B$11,E9<Scenario!$B$12),1,0) -> 1 | M9: =IF(AND(L9=1,ISNUMBER(F9)),MAX(0,F9-E9)/60,"") -> 17.85 | N9: =IF(AND(L9=1,ISNUMBER(G9)),MAX(0,G9-E9)/60,"") -> 14.8 | O9: =IF(ISNUMBER(H9),IF(AND(H9>=Scenario!$B$11,H9<Scenario!$B$12),1,0),0) -> 1 | P9: =IF(O9=1,MAX(0,H9-E9)/60,"") -> 81.95 | Q9: =INDEX(Scenario!$B$18:$B$20,MATCH(B9,Scenario!$A$18:$A$20,0)) -> 240 | R9: =INDEX(Scenario!$C$18:$C$20,MATCH(B9,Scenario!$A$18:$A$20,0)) -> 4320 | S9: =IF(ISNUMBER(M9),IF(M9<=Q9,1,0),"") -> 1 | T9: =IF(ISNUMBER(P9),IF(P9<=R9,1,0),"") -> 1 | U9: =IF(E9>Scenario!$B$14,0,IF(OR(AND(ISNUMBER(H9),H9<=Scenario!$B$14),AND(ISNUMBER(I9),I9<=Scenario!$B$14)),0,1)) -> 0 | V9: =IF(AND(U9=1,(Scenario!$B$14-E9)/60>R9),1,0) -> 0 | W9: =IF(OR(C9=Scenario!$B$22,C9=Scenario!$C$22),1,0) -> 1 | X9: =IF(ISNUMBER(I9),1,0) -> 0 | Y9: =MOD(INT(E9/86400)+3,7) -> 0 | Z9: =MOD(INT(E9/3600),24) -> 6 | AA9: 2026-07-06T06:44:55Z
A10: t-0009 | B10: P3 | C10: email | D10: q-002 | E10: 1783323034 | F10: 1783323249 | G10: 1783323077 | H10: 1783328005 | J10: 0 | K10: 0 | L10: =IF(AND(E10>=Scenario!$B$11,E10<Scenario!$B$12),1,0) -> 1 | M10: =IF(AND(L10=1,ISNUMBER(F10)),MAX(0,F10-E10)/60,"") -> 3.5833333 | N10: =IF(AND(L10=1,ISNUMBER(G10)),MAX(0,G10-E10)/60,"") -> 0.71666667 | O10: =IF(ISNUMBER(H10),IF(AND(H10>=Scenario!$B$11,H10<Scenario!$B$12),1,0),0) -> 1 | P10: =IF(O10=1,MAX(0,H10-E10)/60,"") -> 82.85 | Q10: =INDEX(Scenario!$B$18:$B$20,MATCH(B10,Scenario!$A$18:$A$20,0)) -> 240 | R10: =INDEX(Scenario!$C$18:$C$20,MATCH(B10,Scenario!$A$18:$A$20,0)) -> 4320 | S10: =IF(ISNUMBER(M10),IF(M10<=Q10,1,0),"") -> 1 | T10: =IF(ISNUMBER(P10),IF(P10<=R10,1,0),"") -> 1 | U10: =IF(E10>Scenario!$B$14,0,IF(OR(AND(ISNUMBER(H10),H10<=Scenario!$B$14),AND(ISNUMBER(I10),I10<=Scenario!$B$14)),0,1)) -> 0 | V10: =IF(AND(U10=1,(Scenario!$B$14-E10)/60>R10),1,0) -> 0 | W10: =IF(OR(C10=Scenario!$B$22,C10=Scenario!$C$22),1,0) -> 0 | X10: =IF(ISNUMBER(I10),1,0) -> 0 | Y10: =MOD(INT(E10/86400)+3,7) -> 0 | Z10: =MOD(INT(E10/3600),24) -> 7 | AA10: 2026-07-06T07:30:34Z
A11: t-0010 | B11: P3 | C11: chat | D11: q-002 | E11: 1783325078 | F11: 1783325239 | G11: 1783325088 | H11: 1783326596 | J11: 0 | K11: 0 | L11: =IF(AND(E11>=Scenario!$B$11,E11<Scenario!$B$12),1,0) -> 1 | M11: =IF(AND(L11=1,ISNUMBER(F11)),MAX(0,F11-E11)/60,"") -> 2.6833333 | N11: =IF(AND(L11=1,ISNUMBER(G11)),MAX(0,G11-E11)/60,"") -> 0.16666667 | O11: =IF(ISNUMBER(H11),IF(AND(H11>=Scenario!$B$11,H11<Scenario!$B$12),1,0),0) -> 1 | P11: =IF(O11=1,MAX(0,H11-E11)/60,"") -> 25.3 | Q11: =INDEX(Scenario!$B$18:$B$20,MATCH(B11,Scenario!$A$18:$A$20,0)) -> 240 | R11: =INDEX(Scenario!$C$18:$C$20,MATCH(B11,Scenario!$A$18:$A$20,0)) -> 4320 | S11: =IF(ISNUMBER(M11),IF(M11<=Q11,1,0),"") -> 1 | T11: =IF(ISNUMBER(P11),IF(P11<=R11,1,0),"") -> 1 | U11: =IF(E11>Scenario!$B$14,0,IF(OR(AND(ISNUMBER(H11),H11<=Scenario!$B$14),AND(ISNUMBER(I11),I11<=Scenario!$B$14)),0,1)) -> 0 | V11: =IF(AND(U11=1,(Scenario!$B$14-E11)/60>R11),1,0) -> 0 | W11: =IF(OR(C11=Scenario!$B$22,C11=Scenario!$C$22),1,0) -> 1 | X11: =IF(ISNUMBER(I11),1,0) -> 0 | Y11: =MOD(INT(E11/86400)+3,7) -> 0 | Z11: =MOD(INT(E11/3600),24) -> 8 | AA11: 2026-07-06T08:04:38Z
A12: t-0011 | B12: P3 | C12: email | D12: q-002 | E12: 1783325484 | F12: 1783325605 | G12: 1783325540 | H12: 1783329989 | J12: 0 | K12: 0 | L12: =IF(AND(E12>=Scenario!$B$11,E12<Scenario!$B$12),1,0) -> 1 | M12: =IF(AND(L12=1,ISNUMBER(F12)),MAX(0,F12-E12)/60,"") -> 2.0166667 | N12: =IF(AND(L12=1,ISNUMBER(G12)),MAX(0,G12-E12)/60,"") -> 0.93333333 | O12: =IF(ISNUMBER(H12),IF(AND(H12>=Scenario!$B$11,H12<Scenario!$B$12),1,0),0) -> 1 | P12: =IF(O12=1,MAX(0,H12-E12)/60,"") -> 75.083333 | Q12: =INDEX(Scenario!$B$18:$B$20,MATCH(B12,Scenario!$A$18:$A$20,0)) -> 240 | R12: =INDEX(Scenario!$C$18:$C$20,MATCH(B12,Scenario!$A$18:$A$20,0)) -> 4320 | S12: =IF(ISNUMBER(M12),IF(M12<=Q12,1,0),"") -> 1 | T12: =IF(ISNUMBER(P12),IF(P12<=R12,1,0),"") -> 1 | U12: =IF(E12>Scenario!$B$14,0,IF(OR(AND(ISNUMBER(H12),H12<=Scenario!$B$14),AND(ISNUMBER(I12),I12<=Scenario!$B$14)),0,1)) -> 0 | V12: =IF(AND(U12=1,(Scenario!$B$14-E12)/60>R12),1,0) -> 0 | W12: =IF(OR(C12=Scenario!$B$22,C12=Scenario!$C$22),1,0) -> 0 | X12: =IF(ISNUMBER(I12),1,0) -> 0 | Y12: =MOD(INT(E12/86400)+3,7) -> 0 | Z12: =MOD(INT(E12/3600),24) -> 8 | AA12: 2026-07-06T08:11:24Z
A13: t-0012 | B13: P3 | C13: email | D13: q-002 | E13: 1783327596 | F13: 1783327717 | G13: 1783327613 | H13: 1783329512 | J13: 0 | K13: 0 | L13: =IF(AND(E13>=Scenario!$B$11,E13<Scenario!$B$12),1,0) -> 1 | M13: =IF(AND(L13=1,ISNUMBER(F13)),MAX(0,F13-E13)/60,"") -> 2.0166667 | N13: =IF(AND(L13=1,ISNUMBER(G13)),MAX(0,G13-E13)/60,"") -> 0.28333333 | O13: =IF(ISNUMBER(H13),IF(AND(H13>=Scenario!$B$11,H13<Scenario!$B$12),1,0),0) -> 1 | P13: =IF(O13=1,MAX(0,H13-E13)/60,"") -> 31.933333 | Q13: =INDEX(Scenario!$B$18:$B$20,MATCH(B13,Scenario!$A$18:$A$20,0)) -> 240 | R13: =INDEX(Scenario!$C$18:$C$20,MATCH(B13,Scenario!$A$18:$A$20,0)) -> 4320 | S13: =IF(ISNUMBER(M13),IF(M13<=Q13,1,0),"") -> 1 | T13: =IF(ISNUMBER(P13),IF(P13<=R13,1,0),"") -> 1 | U13: =IF(E13>Scenario!$B$14,0,IF(OR(AND(ISNUMBER(H13),H13<=Scenario!$B$14),AND(ISNUMBER(I13),I13<=Scenario!$B$14)),0,1)) -> 0 | V13: =IF(AND(U13=1,(Scenario!$B$14-E13)/60>R13),1,0) -> 0 | W13: =IF(OR(C13=Scenario!$B$22,C13=Scenario!$C$22),1,0) -> 0 | X13: =IF(ISNUMBER(I13),1,0) -> 0 | Y13: =MOD(INT(E13/86400)+3,7) -> 0 | Z13: =MOD(INT(E13/3600),24) -> 8 | AA13: 2026-07-06T08:46:36Z
A14: t-0013 | B14: P1 | C14: email | D14: q-002 | E14: 1783328650 | F14: 1783328755 | G14: 1783328666 | H14: 1783333443 | J14: 0 | K14: 0 | L14: =IF(AND(E14>=Scenario!$B$11,E14<Scenario!$B$12),1,0) -> 1 | M14: =IF(AND(L14=1,ISNUMBER(F14)),MAX(0,F14-E14)/60,"") -> 1.75 | N14: =IF(AND(L14=1,ISNUMBER(G14)),MAX(0,G14-E14)/60,"") -> 0.26666667 | O14: =IF(ISNUMBER(H14),IF(AND(H14>=Scenario!$B$11,H14<Scenario!$B$12),1,0),0) -> 1 | P14: =IF(O14=1,MAX(0,H14-E14)/60,"") -> 79.883333 | Q14: =INDEX(Scenario!$B$18:$B$20,MATCH(B14,Scenario!$A$18:$A$20,0)) -> 15 | R14: =INDEX(Scenario!$C$18:$C$20,MATCH(B14,Scenario!$A$18:$A$20,0)) -> 240 | S14: =IF(ISNUMBER(M14),IF(M14<=Q14,1,0),"") -> 1 | T14: =IF(ISNUMBER(P14),IF(P14<=R14,1,0),"") -> 1 | U14: =IF(E14>Scenario!$B$14,0,IF(OR(AND(ISNUMBER(H14),H14<=Scenario!$B$14),AND(ISNUMBER(I14),I14<=Scenario!$B$14)),0,1)) -> 0 | V14: =IF(AND(U14=1,(Scenario!$B$14-E14)/60>R14),1,0) -> 0 | W14: =IF(OR(C14=Scenario!$B$22,C14=Scenario!$C$22),1,0) -> 0 | X14: =IF(ISNUMBER(I14),1,0) -> 0 | Y14: =MOD(INT(E14/86400)+3,7) -> 0 | Z14: =MOD(INT(E14/3600),24) -> 9 | AA14: 2026-07-06T09:04:10Z
A15: t-0014 | B15: P3 | C15: email | D15: q-002 | E15: 1783328881 | F15: 1783329048 | G15: 1783328892 | H15: 1783333972 | J15: 0 | K15: 0 | L15: =IF(AND(E15>=Scenario!$B$11,E15<Scenario!$B$12),1,0) -> 1 | M15: =IF(AND(L15=1,ISNUMBER(F15)),MAX(0,F15-E15)/60,"") -> 2.7833333 | N15: =IF(AND(L15=1,ISNUMBER(G15)),MAX(0,G15-E15)/60,"") -> 0.18333333 | O15: =IF(ISNUMBER(H15),IF(AND(H15>=Scenario!$B$11,H15<Scenario!$B$12),1,0),0) -> 1 | P15: =IF(O15=1,MAX(0,H15-E15)/60,"") -> 84.85 | Q15: =INDEX(Scenario!$B$18:$B$20,MATCH(B15,Scenario!$A$18:$A$20,0)) -> 240 | R15: =INDEX(Scenario!$C$18:$C$20,MATCH(B15,Scenario!$A$18:$A$20,0)) -> 4320 | S15: =IF(ISNUMBER(M15),IF(M15<=Q15,1,0),"") -> 1 | T15: =IF(ISNUMBER(P15),IF(P15<=R15,1,0),"") -> 1 | U15: =IF(E15>Scenario!$B$14,0,IF(OR(AND(ISNUMBER(H15),H15<=Scenario!$B$14),AND(ISNUMBER(I15),I15<=Scenario!$B$14)),0,1)) -> 0 | V15: =IF(AND(U15=1,(Scenario!$B$14-E15)/60>R15),1,0) -> 0 | W15: =IF(OR(C15=Scenario!$B$22,C15=Scenario!$C$22),1,0) -> 0 | X15: =IF(ISNUMBER(I15),1,0) -> 0 | Y15: =MOD(INT(E15/86400)+3,7) -> 0 | Z15: =MOD(INT(E15/3600),24) -> 9 | AA15: 2026-07-06T09:08:01Z
A16: t-0015 | B16: P3 | C16: email | D16: q-001 | E16: 1783328892 | F16: 1783329570 | G16: 1783329360 | H16: 1783402736 | J16: 1 | K16: 0 | L16: =IF(AND(E16>=Scenario!$B$11,E16<Scenario!$B$12),1,0) -> 1 | M16: =IF(AND(L16=1,ISNUMBER(F16)),MAX(0,F16-E16)/60,"") -> 11.3 | N16: =IF(AND(L16=1,ISNUMBER(G16)),MAX(0,G16-E16)/60,"") -> 7.8 | O16: =IF(ISNUMBER(H16),IF(AND(H16>=Scenario!$B$11,H16<Scenario!$B$12),1,0),0) -> 1 | P16: =IF(O16=1,MAX(0,H16-E16)/60,"") -> 1230.7333 | Q16: =INDEX(Scenario!$B$18:$B$20,MATCH(B16,Scenario!$A$18:$A$20,0)) -> 240 | R16: =INDEX(Scenario!$C$18:$C$20,MATCH(B16,Scenario!$A$18:$A$20,0)) -> 4320 | S16: =IF(ISNUMBER(M16),IF(M16<=Q16,1,0),"") -> 1 | T16: =IF(ISNUMBER(P16),IF(P16<=R16,1,0),"") -> 1 | U16: =IF(E16>Scenario!$B$14,0,IF(OR(AND(ISNUMBER(H16),H16<=Scenario!$B$14),AND(ISNUMBER(I16),I16<=Scenario!$B$14)),0,1)) -> 0 | V16: =IF(AND(U16=1,(Scenario!$B$14-E16)/60>R16),1,0) -> 0 | W16: =IF(OR(C16=Scenario!$B$22,C16=Scenario!$C$22),1,0) -> 0 | X16: =IF(ISNUMBER(I16),1,0) -> 0 | Y16: =MOD(INT(E16/86400)+3,7) -> 0 | Z16: =MOD(INT(E16/3600),24) -> 9 | AA16: 2026-07-06T09:08:12Z
A17: t-0016 | B17: P3 | C17: phone | D17: q-002 | E17: 1783329064 | I17: 1783329184 | J17: 0 | K17: 0 | L17: =IF(AND(E17>=Scenario!$B$11,E17<Scenario!$B$12),1,0) -> 1 | M17: =IF(AND(L17=1,ISNUMBER(F17)),MAX(0,F17-E17)/60,"") | N17: =IF(AND(L17=1,ISNUMBER(G17)),MAX(0,G17-E17)/60,"") | O17: =IF(ISNUMBER(H17),IF(AND(H17>=Scenario!$B$11,H17<Scenario!$B$12),1,0),0) -> 0 | P17: =IF(O17=1,MAX(0,H17-E17)/60,"") | Q17: =INDEX(Scenario!$B$18:$B$20,MATCH(B17,Scenario!$A$18:$A$20,0)) -> 240 | R17: =INDEX(Scenario!$C$18:$C$20,MATCH(B17,Scenario!$A$18:$A$20,0)) -> 4320 | S17: =IF(ISNUMBER(M17),IF(M17<=Q17,1,0),"") | T17: =IF(ISNUMBER(P17),IF(P17<=R17,1,0),"") | U17: =IF(E17>Scenario!$B$14,0,IF(OR(AND(ISNUMBER(H17),H17<=Scenario!$B$14),AND(ISNUMBER(I17),I17<=Scenario!$B$14)),0,1)) -> 0 | V17: =IF(AND(U17=1,(Scenario!$B$14-E17)/60>R17),1,0) -> 0 | W17: =IF(OR(C17=Scenario!$B$22,C17=Scenario!$C$22),1,0) -> 1 | X17: =IF(ISNUMBER(I17),1,0) -> 1 | Y17: =MOD(INT(E17/86400)+3,7) -> 0 | Z17: =MOD(INT(E17/3600),24) -> 9 | AA17: 2026-07-06T09:11:04Z
A18: t-0017 | B18: P3 | C18: chat | D18: q-002 | E18: 1783329188 | F18: 1783329777 | G18: 1783329570 | H18: 1783339368 | J18: 0 | K18: 0 | L18: =IF(AND(E18>=Scenario!$B$11,E18<Scenario!$B$12),1,0) -> 1 | M18: =IF(AND(L18=1,ISNUMBER(F18)),MAX(0,F18-E18)/60,"") -> 9.8166667 | N18: =IF(AND(L18=1,ISNUMBER(G18)),MAX(0,G18-E18)/60,"") -> 6.3666667 | O18: =IF(ISNUMBER(H18),IF(AND(H18>=Scenario!$B$11,H18<Scenario!$B$12),1,0),0) -> 1 | P18: =IF(O18=1,MAX(0,H18-E18)/60,"") -> 169.66667 | Q18: =INDEX(Scenario!$B$18:$B$20,MATCH(B18,Scenario!$A$18:$A$20,0)) -> 240 | R18: =INDEX(Scenario!$C$18:$C$20,MATCH(B18,Scenario!$A$18:$A$20,0)) -> 4320 | S18: =IF(ISNUMBER(M18),IF(M18<=Q18,1,0),"") -> 1 | T18: =IF(ISNUMBER(P18),IF(P18<=R18,1,0),"") -> 1 | U18: =IF(E18>Scenario!$B$14,0,IF(OR(AND(ISNUMBER(H18),H18<=Scenario!$B$14),AND(ISNUMBER(I18),I18<=Scenario!$B$14)),0,1)) -> 0 | V18: =IF(AND(U18=1,(Scenario!$B$14-E18)/60>R18),1,0) -> 0 | W18: =IF(OR(C18=Scenario!$B$22,C18=Scenario!$C$22),1,0) -> 1 | X18: =IF(ISNUMBER(I18),1,0) -> 0 | Y18: =MOD(INT(E18/86400)+3,7) -> 0 | Z18: =MOD(INT(E18/3600),24) -> 9 | AA18: 2026-07-06T09:13:08Z
A19: t-0018 | B19: P3 | C19: email | D19: q-001 | E19: 1783329534 | F19: 1783329795 | G19: 1783329635 | H19: 1783334298 | J19: 0 | K19: 0 | L19: =IF(AND(E19>=Scenario!$B$11,E19<Scenario!$B$12),1,0) -> 1 | M19: =IF(AND(L19=1,ISNUMBER(F19)),MAX(0,F19-E19)/60,"") -> 4.35 | N19: =IF(AND(L19=1,ISNUMBER(G19)),MAX(0,G19-E19)/60,"") -> 1.6833333 | O19: =IF(ISNUMBER(H19),IF(AND(H19>=Scenario!$B$11,H19<Scenario!$B$12),1,0),0) -> 1 | P19: =IF(O19=1,MAX(0,H19-E19)/60,"") -> 79.4 | Q19: =INDEX(Scenario!$B$18:$B$20,MATCH(B19,Scenario!$A$18:$A$20,0)) -> 240 | R19: =INDEX(Scenario!$C$18:$C$20,MATCH(B19,Scenario!$A$18:$A$20,0)) -> 4320 | S19: =IF(ISNUMBER(M19),IF(M19<=Q19,1,0),"") -> 1 | T19: =IF(ISNUMBER(P19),IF(P19<=R19,1,0),"") -> 1 | U19: =IF(E19>Scenario!$B$14,0,IF(OR(AND(ISNUMBER(H19),H19<=Scenario!$B$14),AND(ISNUMBER(I19),I19<=Scenario!$B$14)),0,1)) -> 0 | V19: =IF(AND(U19=1,(Scenario!$B$14-E19)/60>R19),1,0) -> 0 | W19: =IF(OR(C19=Scenario!$B$22,C19=Scenario!$C$22),1,0) -> 0 | X19: =IF(ISNUMBER(I19),1,0) -> 0 | Y19: =MOD(INT(E19/86400)+3,7) -> 0 | Z19: =MOD(INT(E19/3600),24) -> 9 | AA19: 2026-07-06T09:18:54Z
A20: t-0019 | B20: P2 | C20: chat | D20: q-001 | E20: 1783329912 | F20: 1783330197 | G20: 1783329977 | H20: 1783332607 | J20: 0 | K20: 0 | L20: =IF(AND(E20>=Scenario!$B$11,E20<Scenario!$B$12),1,0) -> 1 | M20: =IF(AND(L20=1,ISNUMBER(F20)),MAX(0,F20-E20)/60,"") -> 4.75 | N20: =IF(AND(L20=1,ISNUMBER(G20)),MAX(0,G20-E20)/60,"") -> 1.0833333 | O20: =IF(ISNUMBER(H20),IF(AND(H20>=Scenario!$B$11,H20<Scenario!$B$12),1,0),0) -> 1 | P20: =IF(O20=1,MAX(0,H20-E20)/60,"") -> 44.916667 | Q20: =INDEX(Scenario!$B$18:$B$20,MATCH(B20,Scenario!$A$18:$A$20,0)) -> 60 | R20: =INDEX(Scenario!$C$18:$C$20,MATCH(B20,Scenario!$A$18:$A$20,0)) -> 1440 | S20: =IF(ISNUMBER(M20),IF(M20<=Q20,1,0),"") -> 1 | T20: =IF(ISNUMBER(P20),IF(P20<=R20,1,0),"") -> 1 | U20: =IF(E20>Scenario!$B$14,0,IF(OR(AND(ISNUMBER(H20),H20<=Scenario!$B$14),AND(ISNUMBER(I20),I20<=Scenario!$B$14)),0,1)) -> 0 | V20: =IF(AND(U20=1,(Scenario!$B$14-E20)/60>R20),1,0) -> 0 | W20: =IF(OR(C20=Scenario!$B$22,C20=Scenario!$C$22),1,0) -> 1 | X20: =IF(ISNUMBER(I20),1,0) -> 0 | Y20: =MOD(INT(E20/86400)+3,7) -> 0 | Z20: =MOD(INT(E20/3600),24) -> 9 | AA20: 2026-07-06T09:25:12Z
A21: t-0020 | B21: P2 | C21: chat | D21: q-003 | E21: 1783330090 | F21: 1783330352 | G21: 1783330149 | H21: 1783332364 | J21: 0 | K21: 0 | L21: =IF(AND(E21>=Scenario!$B$11,E21<Scenario!$B$12),1,0) -> 1 | M21: =IF(AND(L21=1,ISNUMBER(F21)),MAX(0,F21-E21)/60,"") -> 4.3666667 | N21: =IF(AND(L21=1,ISNUMBER(G21)),MAX(0,G21-E21)/60,"") -> 0.98333333 | O21: =IF(ISNUMBER(H21),IF(AND(H21>=Scenario!$B$11,H21<Scenario!$B$12),1,0),0) -> 1 | P21: =IF(O21=1,MAX(0,H21-E21)/60,"") -> 37.9 | Q21: =INDEX(Scenario!$B$18:$B$20,MATCH(B21,Scenario!$A$18:$A$20,0)) -> 60 | R21: =INDEX(Scenario!$C$18:$C$20,MATCH(B21,Scenario!$A$18:$A$20,0)) -> 1440 | S21: =IF(ISNUMBER(M21),IF(M21<=Q21,1,0),"") -> 1 | T21: =IF(ISNUMBER(P21),IF(P21<=R21,1,0),"") -> 1 | U21: =IF(E21>Scenario!$B$14,0,IF(OR(AND(ISNUMBER(H21),H21<=Scenario!$B$14),AND(ISNUMBER(I21),I21<=Scenario!$B$14)),0,1)) -> 0 | V21: =IF(AND(U21=1,(Scenario!$B$14-E21)/60>R21),1,0) -> 0 | W21: =IF(OR(C21=Scenario!$B$22,C21=Scenario!$C$22),1,0) -> 1 | X21: =IF(ISNUMBER(I21),1,0) -> 0 | Y21: =MOD(INT(E21/86400)+3,7) -> 0 | Z21: =MOD(INT(E21/3600),24) -> 9 | AA21: 2026-07-06T09:28:10Z
A22: t-0021 | B22: P2 | C22: web_form | D22: q-001 | E22: 1783330134 | F22: 1783330737 | G22: 1783330583 | H22: 1783331899 | J22: 0 | K22: 0 | L22: =IF(AND(E22>=Scenario!$B$11,E22<Scenario!$B$12),1,0) -> 1 | M22: =IF(AND(L22=1,ISNUMBER(F22)),MAX(0,F22-E22)/60,"") -> 10.05 | N22: =IF(AND(L22=1,ISNUMBER(G22)),MAX(0,G22-E22)/60,"") -> 7.4833333 | O22: =IF(ISNUMBER(H22),IF(AND(H22>=Scenario!$B$11,H22<Scenario!$B$12),1,0),0) -> 1 | P22: =IF(O22=1,MAX(0,H22-E22)/60,"") -> 29.416667 | Q22: =INDEX(Scenario!$B$18:$B$20,MATCH(B22,Scenario!$A$18:$A$20,0)) -> 60 | R22: =INDEX(Scenario!$C$18:$C$20,MATCH(B22,Scenario!$A$18:$A$20,0)) -> 1440 | S22: =IF(ISNUMBER(M22),IF(M22<=Q22,1,0),"") -> 1 | T22: =IF(ISNUMBER(P22),IF(P22<=R22,1,0),"") -> 1 | U22: =IF(E22>Scenario!$B$14,0,IF(OR(AND(ISNUMBER(H22),H22<=Scenario!$B$14),AND(ISNUMBER(I22),I22<=Scenario!$B$14)),0,1)) -> 0 | V22: =IF(AND(U22=1,(Scenario!$B$14-E22)/60>R22),1,0) -> 0 | W22: =IF(OR(C22=Scenario!$B$22,C22=Scenario!$C$22),1,0) -> 0 | X22: =IF(ISNUMBER(I22),1,0) -> 0 | Y22: =MOD(INT(E22/86400)+3,7) -> 0 | Z22: =MOD(INT(E22/3600),24) -> 9 | AA22: 2026-07-06T09:28:54Z
A23: t-0022 | B23: P3 | C23: email | D23: q-001 | E23: 1783330442 | F23: 1783334527 | G23: 1783334336 | H23: 1783337606 | J23: 0 | K23: 1 | L23: =IF(AND(E23>=Scenario!$B$11,E23<Scenario!$B$12),1,0) -> 1 | M23: =IF(AND(L23=1,ISNUMBER(F23)),MAX(0,F23-E23)/60,"") -> 68.083333 | N23: =IF(AND(L23=1,ISNUMBER(G23)),MAX(0,G23-E23)/60,"") -> 64.9 | O23: =IF(ISNUMBER(H23),IF(AND(H23>=Scenario!$B$11,H23<Scenario!$B$12),1,0),0) -> 1 | P23: =IF(O23=1,MAX(0,H23-E23)/60,"") -> 119.4 | Q23: =INDEX(Scenario!$B$18:$B$20,MATCH(B23,Scenario!$A$18:$A$20,0)) -> 240 | R23: =INDEX(Scenario!$C$18:$C$20,MATCH(B23,Scenario!$A$18:$A$20,0)) -> 4320 | S23: =IF(ISNUMBER(M23),IF(M23<=Q23,1,0),"") -> 1 | T23: =IF(ISNUMBER(P23),IF(P23<=R23,1,0),"") -> 1 | U23: =IF(E23>Scenario!$B$14,0,IF(OR(AND(ISNUMBER(H23),H23<=Scenario!$B$14),AND(ISNUMBER(I23),I23<=Scenario!$B$14)),0,1)) -> 0 | V23: =IF(AND(U23=1,(Scenario!$B$14-E23)/60>R23),1,0) -> 0 | W23: =IF(OR(C23=Scenario!$B$22,C23=Scenario!$C$22),1,0) -> 0 | X23: =IF(ISNUMBER(I23),1,0) -> 0 | Y23: =MOD(INT(E23/86400)+3,7) -> 0 | Z23: =MOD(INT(E23/3600),24) -> 9 | AA23: 2026-07-06T09:34:02Z
A24: t-0023 | B24: P2 | C24: phone | D24: q-002 | E24: 1783330843 | F24: 1783331996 | G24: 1783331820 | H24: 1783363579 | J24: 1 | K24: 0 | L24: =IF(AND(E24>=Scenario!$B$11,E24<Scenario!$B$12),1,0) -> 1 | M24: =IF(AND(L24=1,ISNUMBER(F24)),MAX(0,F24-E24)/60,"") -> 19.216667 | N24: =IF(AND(L24=1,ISNUMBER(G24)),MAX(0,G24-E24)/60,"") -> 16.283333 | O24: =IF(ISNUMBER(H24),IF(AND(H24>=Scenario!$B$11,H24<Scenario!$B$12),1,0),0) -> 1 | P24: =IF(O24=1,MAX(0,H24-E24)/60,"") -> 545.6 | Q24: =INDEX(Scenario!$B$18:$B$20,MATCH(B24,Scenario!$A$18:$A$20,0)) -> 60 | R24: =INDEX(Scenario!$C$18:$C$20,MATCH(B24,Scenario!$A$18:$A$20,0)) -> 1440 | S24: =IF(ISNUMBER(M24),IF(M24<=Q24,1,0),"") -> 1 | T24: =IF(ISNUMBER(P24),IF(P24<=R24,1,0),"") -> 1 | U24: =IF(E24>Scenario!$B$14,0,IF(OR(AND(ISNUMBER(H24),H24<=Scenario!$B$14),AND(ISNUMBER(I24),I24<=Scenario!$B$14)),0,1)) -> 0 | V24: =IF(AND(U24=1,(Scenario!$B$14-E24)/60>R24),1,0) -> 0 | W24: =IF(OR(C24=Scenario!$B$22,C24=Scenario!$C$22),1,0) -> 1 | X24: =IF(ISNUMBER(I24),1,0) -> 0 | Y24: =MOD(INT(E24/86400)+3,7) -> 0 | Z24: =MOD(INT(E24/3600),24) -> 9 | AA24: 2026-07-06T09:40:43Z
A25: t-0024 | B25: P2 | C25: email | D25: q-003 | E25: 1783331279 | F25: 1783332127 | G25: 1783331921 | H25: 1783335717 | J25: 0 | K25: 1 | L25: =IF(AND(E25>=Scenario!$B$11,E25<Scenario!$B$12),1,0) -> 1 | M25: =IF(AND(L25=1,ISNUMBER(F25)),MAX(0,F25-E25)/60,"") -> 14.133333 | N25: =IF(AND(L25=1,ISNUMBER(G25)),MAX(0,G25-E25)/60,"") -> 10.7 | O25: =IF(ISNUMBER(H25),IF(AND(H25>=Scenario!$B$11,H25<Scenario!$B$12),1,0),0) -> 1 | P25: =IF(O25=1,MAX(0,H25-E25)/60,"") -> 73.966667 | Q25: =INDEX(Scenario!$B$18:$B$20,MATCH(B25,Scenario!$A$18:$A$20,0)) -> 60 | R25: =INDEX(Scenario!$C$18:$C$20,MATCH(B25,Scenario!$A$18:$A$20,0)) -> 1440 | S25: =IF(ISNUMBER(M25),IF(M25<=Q25,1,0),"") -> 1 | T25: =IF(ISNUMBER(P25),IF(P25<=R25,1,0),"") -> 1 | U25: =IF(E25>Scenario!$B$14,0,IF(OR(AND(ISNUMBER(H25),H25<=Scenario!$B$14),AND(ISNUMBER(I25),I25<=Scenario!$B$14)),0,1)) -> 0 | V25: =IF(AND(U25=1,(Scenario!$B$14-E25)/60>R25),1,0) -> 0 | W25: =IF(OR(C25=Scenario!$B$22,C25=Scenario!$C$22),1,0) -> 0 | X25: =IF(ISNUMBER(I25),1,0) -> 0 | Y25: =MOD(INT(E25/86400)+3,7) -> 0 | Z25: =MOD(INT(E25/3600),24) -> 9 | AA25: 2026-07-06T09:47:59Z
A26: t-0025 | B26: P3 | C26: chat | D26: q-001 | E26: 1783331609 | F26: 1783335448 | G26: 1783335251 | H26: 1783335695 | J26: 0 | K26: 0 | L26: =IF(AND(E26>=Scenario!$B$11,E26<Scenario!$B$12),1,0) -> 1 | M26: =IF(AND(L26=1,ISNUMBER(F26)),MAX(0,F26-E26)/60,"") -> 63.983333 | N26: =IF(AND(L26=1,ISNUMBER(G26)),MAX(0,G26-E26)/60,"") -> 60.7 | O26: =IF(ISNUMBER(H26),IF(AND(H26>=Scenario!$B$11,H26<Scenario!$B$12),1,0),0) -> 1 | P26: =IF(O26=1,MAX(0,H26-E26)/60,"") -> 68.1 | Q26: =INDEX(Scenario!$B$18:$B$20,MATCH(B26,Scenario!$A$18:$A$20,0)) -> 240 | R26: =INDEX(Scenario!$C$18:$C$20,MATCH(B26,Scenario!$A$18:$A$20,0)) -> 4320 | S26: =IF(ISNUMBER(M26),IF(M26<=Q26,1,0),"") -> 1 | T26: =IF(ISNUMBER(P26),IF(P26<=R26,1,0),"") -> 1 | U26: =IF(E26>Scenario!$B$14,0,IF(OR(AND(ISNUMBER(H26),H26<=Scenario!$B$14),AND(ISNUMBER(I26),I26<=Scenario!$B$14)),0,1)) -> 0 | V26: =IF(AND(U26=1,(Scenario!$B$14-E26)/60>R26),1,0) -> 0 | W26: =IF(OR(C26=Scenario!$B$22,C26=Scenario!$C$22),1,0) -> 1 | X26: =IF(ISNUMBER(I26),1,0) -> 0 | Y26: =MOD(INT(E26/86400)+3,7) -> 0 | Z26: =MOD(INT(E26/3600),24) -> 9 | AA26: 2026-07-06T09:53:29Z
A27: t-0026 | B27: P2 | C27: phone | D27: q-002 | E27: 1783331614 | I27: 1783332892 | J27: 0 | K27: 0 | L27: =IF(AND(E27>=Scenario!$B$11,E27<Scenario!$B$12),1,0) -> 1 | M27: =IF(AND(L27=1,ISNUMBER(F27)),MAX(0,F27-E27)/60,"") | N27: =IF(AND(L27=1,ISNUMBER(G27)),MAX(0,G27-E27)/60,"") | O27: =IF(ISNUMBER(H27),IF(AND(H27>=Scenario!$B$11,H27<Scenario!$B$12),1,0),0) -> 0 | P27: =IF(O27=1,MAX(0,H27-E27)/60,"") | Q27: =INDEX(Scenario!$B$18:$B$20,MATCH(B27,Scenario!$A$18:$A$20,0)) -> 60 | R27: =INDEX(Scenario!$C$18:$C$20,MATCH(B27,Scenario!$A$18:$A$20,0)) -> 1440 | S27: =IF(ISNUMBER(M27),IF(M27<=Q27,1,0),"") | T27: =IF(ISNUMBER(P27),IF(P27<=R27,1,0),"") | U27: =IF(E27>Scenario!$B$14,0,IF(OR(AND(ISNUMBER(H27),H27<=Scenario!$B$14),AND(ISNUMBER(I27),I27<=Scenario!$B$14)),0,1)) -> 0 | V27: =IF(AND(U27=1,(Scenario!$B$14-E27)/60>R27),1,0) -> 0 | W27: =IF(OR(C27=Scenario!$B$22,C27=Scenario!$C$22),1,0) -> 1 | X27: =IF(ISNUMBER(I27),1,0) -> 1 | Y27: =MOD(INT(E27/86400)+3,7) -> 0 | Z27: =MOD(INT(E27/3600),24) -> 9 | AA27: 2026-07-06T09:53:34Z
A28: t-0027 | B28: P2 | C28: email | D28: q-003 | E28: 1783331805 | F28: 1783331974 | G28: 1783331835 | H28: 1783333941 | J28: 0 | K28: 0 | L28: =IF(AND(E28>=Scenario!$B$11,E28<Scenario!$B$12),1,0) -> 1 | M28: =IF(AND(L28=1,ISNUMBER(F28)),MAX(0,F28-E28)/60,"") -> 2.8166667 | N28: =IF(AND(L28=1,ISNUMBER(G28)),MAX(0,G28-E28)/60,"") -> 0.5 | O28: =IF(ISNUMBER(H28),IF(AND(H28>=Scenario!$B$11,H28<Scenario!$B$12),1,0),0) -> 1 | P28: =IF(O28=1,MAX(0,H28-E28)/60,"") -> 35.6 | Q28: =INDEX(Scenario!$B$18:$B$20,MATCH(B28,Scenario!$A$18:$A$20,0)) -> 60 | R28: =INDEX(Scenario!$C$18:$C$20,MATCH(B28,Scenario!$A$18:$A$20,0)) -> 1440 | S28: =IF(ISNUMBER(M28),IF(M28<=Q28,1,0),"") -> 1 | T28: =IF(ISNUMBER(P28),IF(P28<=R28,1,0),"") -> 1 | U28: =IF(E28>Scenario!$B$14,0,IF(OR(AND(ISNUMBER(H28),H28<=Scenario!$B$14),AND(ISNUMBER(I28),I28<=Scenario!$B$14)),0,1)) -> 0 | V28: =IF(AND(U28=1,(Scenario!$B$14-E28)/60>R28),1,0) -> 0 | W28: =IF(OR(C28=Scenario!$B$22,C28=Scenario!$C$22),1,0) -> 0 | X28: =IF(ISNUMBER(I28),1,0) -> 0 | Y28: =MOD(INT(E28/86400)+3,7) -> 0 | Z28: =MOD(INT(E28/3600),24) -> 9 | AA28: 2026-07-06T09:56:45Z
A29: t-0028 | B29: P2 | C29: email | D29: q-002 | E29: 1783332028 | F29: 1783333560 | G29: 1783333357 | H29: 1783338401 | J29: 0 | K29: 1 | L29: =IF(AND(E29>=Scenario!$B$11,E29<Scenario!$B$12),1,0) -> 1 | M29: =IF(AND(L29=1,ISNUMBER(F29)),MAX(0,F29-E29)/60,"") -> 25.533333 | N29: =IF(AND(L29=1,ISNUMBER(G29)),MAX(0,G29-E29)/60,"") -> 22.15 | O29: =IF(ISNUMBER(H29),IF(AND(H29>=Scenario!$B$11,H29<Scenario!$B$12),1,0),0) -> 1 | P29: =IF(O29=1,MAX(0,H29-E29)/60,"") -> 106.21667 | Q29: =INDEX(Scenario!$B$18:$B$20,MATCH(B29,Scenario!$A$18:$A$20,0)) -> 60 | R29: =INDEX(Scenario!$C$18:$C$20,MATCH(B29,Scenario!$A$18:$A$20,0)) -> 1440 | S29: =IF(ISNUMBER(M29),IF(M29<=Q29,1,0),"") -> 1 | T29: =IF(ISNUMBER(P29),IF(P29<=R29,1,0),"") -> 1 | U29: =IF(E29>Scenario!$B$14,0,IF(OR(AND(ISNUMBER(H29),H29<=Scenario!$B$14),AND(ISNUMBER(I29),I29<=Scenario!$B$14)),0,1)) -> 0 | V29: =IF(AND(U29=1,(Scenario!$B$14-E29)/60>R29),1,0) -> 0 | W29: =IF(OR(C29=Scenario!$B$22,C29=Scenario!$C$22),1,0) -> 0 | X29: =IF(ISNUMBER(I29),1,0) -> 0 | Y29: =MOD(INT(E29/86400)+3,7) -> 0 | Z29: =MOD(INT(E29/3600),24) -> 10 | AA29: 2026-07-06T10:00:28Z
A30: t-0029 | B30: P3 | C30: email | D30: q-001 | E30: 1783332131 | F30: 1783335857 | G30: 1783335728 | H30: 1783335987 | J30: 0 | K30: 0 | L30: =IF(AND(E30>=Scenario!$B$11,E30<Scenario!$B$12),1,0) -> 1 | M30: =IF(AND(L30=1,ISNUMBER(F30)),MAX(0,F30-E30)/60,"") -> 62.1 | N30: =IF(AND(L30=1,ISNUMBER(G30)),MAX(0,G30-E30)/60,"") -> 59.95 | O30: =IF(ISNUMBER(H30),IF(AND(H30>=Scenario!$B$11,H30<Scenario!$B$12),1,0),0) -> 1 | P30: =IF(O30=1,MAX(0,H30-E30)/60,"") -> 64.266667 | Q30: =INDEX(Scenario!$B$18:$B$20,MATCH(B30,Scenario!$A$18:$A$20,0)) -> 240 | R30: =INDEX(Scenario!$C$18:$C$20,MATCH(B30,Scenario!$A$18:$A$20,0)) -> 4320 | S30: =IF(ISNUMBER(M30),IF(M30<=Q30,1,0),"") -> 1 | T30: =IF(ISNUMBER(P30),IF(P30<=R30,1,0),"") -> 1 | U30: =IF(E30>Scenario!$B$14,0,IF(OR(AND(ISNUMBER(H30),H30<=Scenario!$B$14),AND(ISNUMBER(I30),I30<=Scenario!$B$14)),0,1)) -> 0 | V30: =IF(AND(U30=1,(Scenario!$B$14-E30)/60>R30),1,0) -> 0 | W30: =IF(OR(C30=Scenario!$B$22,C30=Scenario!$C$22),1,0) -> 0 | X30: =IF(ISNUMBER(I30),1,0) -> 0 | Y30: =MOD(INT(E30/86400)+3,7) -> 0 | Z30: =MOD(INT(E30/3600),24) -> 10 | AA30: 2026-07-06T10:02:11Z
A31: t-0030 | B31: P3 | C31: email | D31: q-003 | E31: 1783332229 | F31: 1783332432 | G31: 1783332266 | H31: 1783419636 | J31: 1 | K31: 0 | L31: =IF(AND(E31>=Scenario!$B$11,E31<Scenario!$B$12),1,0) -> 1 | M31: =IF(AND(L31=1,ISNUMBER(F31)),MAX(0,F31-E31)/60,"") -> 3.3833333 | N31: =IF(AND(L31=1,ISNUMBER(G31)),MAX(0,G31-E31)/60,"") -> 0.61666667 | O31: =IF(ISNUMBER(H31),IF(AND(H31>=Scenario!$B$11,H31<Scenario!$B$12),1,0),0) -> 1 | P31: =IF(O31=1,MAX(0,H31-E31)/60,"") -> 1456.7833 | Q31: =INDEX(Scenario!$B$18:$B$20,MATCH(B31,Scenario!$A$18:$A$20,0)) -> 240 | R31: =INDEX(Scenario!$C$18:$C$20,MATCH(B31,Scenario!$A$18:$A$20,0)) -> 4320 | S31: =IF(ISNUMBER(M31),IF(M31<=Q31,1,0),"") -> 1 | T31: =IF(ISNUMBER(P31),IF(P31<=R31,1,0),"") -> 1 | U31: =IF(E31>Scenario!$B$14,0,IF(OR(AND(ISNUMBER(H31),H31<=Scenario!$B$14),AND(ISNUMBER(I31),I31<=Scenario!$B$14)),0,1)) -> 0 | V31: =IF(AND(U31=1,(Scenario!$B$14-E31)/60>R31),1,0) -> 0 | W31: =IF(OR(C31=Scenario!$B$22,C31=Scenario!$C$22),1,0) -> 0 | X31: =IF(ISNUMBER(I31),1,0) -> 0 | Y31: =MOD(INT(E31/86400)+3,7) -> 0 | Z31: =MOD(INT(E31/3600),24) -> 10 | AA31: 2026-07-06T10:03:49Z
A32: t-0031 | B32: P3 | C32: email | D32: q-003 | E32: 1783332238 | F32: 1783332585 | G32: 1783332399 | H32: 1783338707 | J32: 0 | K32: 0 | L32: =IF(AND(E32>=Scenario!$B$11,E32<Scenario!$B$12),1,0) -> 1 | M32: =IF(AND(L32=1,ISNUMBER(F32)),MAX(0,F32-E32)/60,"") -> 5.7833333 | N32: =IF(AND(L32=1,ISNUMBER(G32)),MAX(0,G32-E32)/60,"") -> 2.6833333 | O32: =IF(ISNUMBER(H32),IF(AND(H32>=Scenario!$B$11,H32<Scenario!$B$12),1,0),0) -> 1 | P32: =IF(O32=1,MAX(0,H32-E32)/60,"") -> 107.81667 | Q32: =INDEX(Scenario!$B$18:$B$20,MATCH(B32,Scenario!$A$18:$A$20,0)) -> 240 | R32: =INDEX(Scenario!$C$18:$C$20,MATCH(B32,Scenario!$A$18:$A$20,0)) -> 4320 | S32: =IF(ISNUMBER(M32),IF(M32<=Q32,1,0),"") -> 1 | T32: =IF(ISNUMBER(P32),IF(P32<=R32,1,0),"") -> 1 | U32: =IF(E32>Scenario!$B$14,0,IF(OR(AND(ISNUMBER(H32),H32<=Scenario!$B$14),AND(ISNUMBER(I32),I32<=Scenario!$B$14)),0,1)) -> 0 | V32: =IF(AND(U32=1,(Scenario!$B$14-E32)/60>R32),1,0) -> 0 | W32: =IF(OR(C32=Scenario!$B$22,C32=Scenario!$C$22),1,0) -> 0 | X32: =IF(ISNUMBER(I32),1,0) -> 0 | Y32: =MOD(INT(E32/86400)+3,7) -> 0 | Z32: =MOD(INT(E32/3600),24) -> 10 | AA32: 2026-07-06T10:03:58Z
A33: t-0032 | B33: P3 | C33: phone | D33: q-001 | E33: 1783332311 | I33: 1783332431 | J33: 0 | K33: 0 | L33: =IF(AND(E33>=Scenario!$B$11,E33<Scenario!$B$12),1,0) -> 1 | M33: =IF(AND(L33=1,ISNUMBER(F33)),MAX(0,F33-E33)/60,"") | N33: =IF(AND(L33=1,ISNUMBER(G33)),MAX(0,G33-E33)/60,"") | O33: =IF(ISNUMBER(H33),IF(AND(H33>=Scenario!$B$11,H33<Scenario!$B$12),1,0),0) -> 0 | P33: =IF(O33=1,MAX(0,H33-E33)/60,"") | Q33: =INDEX(Scenario!$B$18:$B$20,MATCH(B33,Scenario!$A$18:$A$20,0)) -> 240 | R33: =INDEX(Scenario!$C$18:$C$20,MATCH(B33,Scenario!$A$18:$A$20,0)) -> 4320 | S33: =IF(ISNUMBER(M33),IF(M33<=Q33,1,0),"") | T33: =IF(ISNUMBER(P33),IF(P33<=R33,1,0),"") | U33: =IF(E33>Scenario!$B$14,0,IF(OR(AND(ISNUMBER(H33),H33<=Scenario!$B$14),AND(ISNUMBER(I33),I33<=Scenario!$B$14)),0,1)) -> 0 | V33: =IF(AND(U33=1,(Scenario!$B$14-E33)/60>R33),1,0) -> 0 | W33: =IF(OR(C33=Scenario!$B$22,C33=Scenario!$C$22),1,0) -> 1 | X33: =IF(ISNUMBER(I33),1,0) -> 1 | Y33: =MOD(INT(E33/86400)+3,7) -> 0 | Z33: =MOD(INT(E33/3600),24) -> 10 | AA33: 2026-07-06T10:05:11Z
A34: t-0033 | B34: P2 | C34: email | D34: q-002 | E34: 1783332332 | F34: 1783333706 | G34: 1783333529 | H34: 1783336961 | J34: 0 | K34: 0 | L34: =IF(AND(E34>=Scenario!$B$11,E34<Scenario!$B$12),1,0) -> 1 | M34: =IF(AND(L34=1,ISNUMBER(F34)),MAX(0,F34-E34)/60,"") -> 22.9 | N34: =IF(AND(L34=1,ISNUMBER(G34)),MAX(0,G34-E34)/60,"") -> 19.95 | O34: =IF(ISNUMBER(H34),IF(AND(H34>=Scenario!$B$11,H34<Scenario!$B$12),1,0),0) -> 1 | P34: =IF(O34=1,MAX(0,H34-E34)/60,"") -> 77.15 | Q34: =INDEX(Scenario!$B$18:$B$20,MATCH(B34,Scenario!$A$18:$A$20,0)) -> 60 | R34: =INDEX(Scenario!$C$18:$C$20,MATCH(B34,Scenario!$A$18:$A$20,0)) -> 1440 | S34: =IF(ISNUMBER(M34),IF(M34<=Q34,1,0),"") -> 1 | T34: =IF(ISNUMBER(P34),IF(P34<=R34,1,0),"") -> 1 | U34: =IF(E34>Scenario!$B$14,0,IF(OR(AND(ISNUMBER(H34),H34<=Scenario!$B$14),AND(ISNUMBER(I34),I34<=Scenario!$B$14)),0,1)) -> 0 | V34: =IF(AND(U34=1,(Scenario!$B$14-E34)/60>R34),1,0) -> 0 | W34: =IF(OR(C34=Scenario!$B$22,C34=Scenario!$C$22),1,0) -> 0 | X34: =IF(ISNUMBER(I34),1,0) -> 0 | Y34: =MOD(INT(E34/86400)+3,7) -> 0 | Z34: =MOD(INT(E34/3600),24) -> 10 | AA34: 2026-07-06T10:05:32Z
A35: t-0034 | B35: P2 | C35: email | D35: q-002 | E35: 1783332790 | F35: 1783333900 | G35: 1783333789 | H35: 1783339817 | J35: 0 | K35: 0 | L35: =IF(AND(E35>=Scenario!$B$11,E35<Scenario!$B$12),1,0) -> 1 | M35: =IF(AND(L35=1,ISNUMBER(F35)),MAX(0,F35-E35)/60,"") -> 18.5 | N35: =IF(AND(L35=1,ISNUMBER(G35)),MAX(0,G35-E35)/60,"") -> 16.65 | O35: =IF(ISNUMBER(H35),IF(AND(H35>=Scenario!$B$11,H35<Scenario!$B$12),1,0),0) -> 1 | P35: =IF(O35=1,MAX(0,H35-E35)/60,"") -> 117.11667 | Q35: =INDEX(Scenario!$B$18:$B$20,MATCH(B35,Scenario!$A$18:$A$20,0)) -> 60 | R35: =INDEX(Scenario!$C$18:$C$20,MATCH(B35,Scenario!$A$18:$A$20,0)) -> 1440 | S35: =IF(ISNUMBER(M35),IF(M35<=Q35,1,0),"") -> 1 | T35: =IF(ISNUMBER(P35),IF(P35<=R35,1,0),"") -> 1 | U35: =IF(E35>Scenario!$B$14,0,IF(OR(AND(ISNUMBER(H35),H35<=Scenario!$B$14),AND(ISNUMBER(I35),I35<=Scenario!$B$14)),0,1)) -> 0 | V35: =IF(AND(U35=1,(Scenario!$B$14-E35)/60>R35),1,0) -> 0 | W35: =IF(OR(C35=Scenario!$B$22,C35=Scenario!$C$22),1,0) -> 0 | X35: =IF(ISNUMBER(I35),1,0) -> 0 | Y35: =MOD(INT(E35/86400)+3,7) -> 0 | Z35: =MOD(INT(E35/3600),24) -> 10 | AA35: 2026-07-06T10:13:10Z
A36: t-0035 | B36: P3 | C36: email | D36: q-003 | E36: 1783332938 | F36: 1783335955 | G36: 1783335735 | H36: 1783337628 | J36: 0 | K36: 0 | L36: =IF(AND(E36>=Scenario!$B$11,E36<Scenario!$B$12),1,0) -> 1 | M36: =IF(AND(L36=1,ISNUMBER(F36)),MAX(0,F36-E36)/60,"") -> 50.283333 | N36: =IF(AND(L36=1,ISNUMBER(G36)),MAX(0,G36-E36)/60,"") -> 46.616667 | O36: =IF(ISNUMBER(H36),IF(AND(H36>=Scenario!$B$11,H36<Scenario!$B$12),1,0),0) -> 1 | P36: =IF(O36=1,MAX(0,H36-E36)/60,"") -> 78.166667 | Q36: =INDEX(Scenario!$B$18:$B$20,MATCH(B36,Scenario!$A$18:$A$20,0)) -> 240 | R36: =INDEX(Scenario!$C$18:$C$20,MATCH(B36,Scenario!$A$18:$A$20,0)) -> 4320 | S36: =IF(ISNUMBER(M36),IF(M36<=Q36,1,0),"") -> 1 | T36: =IF(ISNUMBER(P36),IF(P36<=R36,1,0),"") -> 1 | U36: =IF(E36>Scenario!$B$14,0,IF(OR(AND(ISNUMBER(H36),H36<=Scenario!$B$14),AND(ISNUMBER(I36),I36<=Scenario!$B$14)),0,1)) -> 0 | V36: =IF(AND(U36=1,(Scenario!$B$14-E36)/60>R36),1,0) -> 0 | W36: =IF(OR(C36=Scenario!$B$22,C36=Scenario!$C$22),1,0) -> 0 | X36: =IF(ISNUMBER(I36),1,0) -> 0 | Y36: =MOD(INT(E36/86400)+3,7) -> 0 | Z36: =MOD(INT(E36/3600),24) -> 10 | AA36: 2026-07-06T10:15:38Z
A37: t-0036 | B37: P3 | C37: email | D37: q-001 | E37: 1783333507 | F37: 1783335852 | G37: 1783335708 | H37: 1783347866 | J37: 1 | K37: 0 | L37: =IF(AND(E37>=Scenario!$B$11,E37<Scenario!$B$12),1,0) -> 1 | M37: =IF(AND(L37=1,ISNUMBER(F37)),MAX(0,F37-E37)/60,"") -> 39.083333 | N37: =IF(AND(L37=1,ISNUMBER(G37)),MAX(0,G37-E37)/60,"") -> 36.683333 | O37: =IF(ISNUMBER(H37),IF(AND(H37>=Scenario!$B$11,H37<Scenario!$B$12),1,0),0) -> 1 | P37: =IF(O37=1,MAX(0,H37-E37)/60,"") -> 239.31667 | Q37: =INDEX(Scenario!$B$18:$B$20,MATCH(B37,Scenario!$A$18:$A$20,0)) -> 240 | R37: =INDEX(Scenario!$C$18:$C$20,MATCH(B37,Scenario!$A$18:$A$20,0)) -> 4320 | S37: =IF(ISNUMBER(M37),IF(M37<=Q37,1,0),"") -> 1 | T37: =IF(ISNUMBER(P37),IF(P37<=R37,1,0),"") -> 1 | U37: =IF(E37>Scenario!$B$14,0,IF(OR(AND(ISNUMBER(H37),H37<=Scenario!$B$14),AND(ISNUMBER(I37),I37<=Scenario!$B$14)),0,1)) -> 0 | V37: =IF(AND(U37=1,(Scenario!$B$14-E37)/60>R37),1,0) -> 0 | W37: =IF(OR(C37=Scenario!$B$22,C37=Scenario!$C$22),1,0) -> 0 | X37: =IF(ISNUMBER(I37),1,0) -> 0 | Y37: =MOD(INT(E37/86400)+3,7) -> 0 | Z37: =MOD(INT(E37/3600),24) -> 10 | AA37: 2026-07-06T10:25:07Z
A38: t-0037 | B38: P1 | C38: email | D38: q-003 | E38: 1783333831 | F38: 1783336957 | G38: 1783336845 | H38: 1783341708 | J38: 0 | K38: 0 | L38: =IF(AND(E38>=Scenario!$B$11,E38<Scenario!$B$12),1,0) -> 1 | M38: =IF(AND(L38=1,ISNUMBER(F38)),MAX(0,F38-E38)/60,"") -> 52.1 | N38: =IF(AND(L38=1,ISNUMBER(G38)),MAX(0,G38-E38)/60,"") -> 50.233333 | O38: =IF(ISNUMBER(H38),IF(AND(H38>=Scenario!$B$11,H38<Scenario!$B$12),1,0),0) -> 1 | P38: =IF(O38=1,MAX(0,H38-E38)/60,"") -> 131.28333 | Q38: =INDEX(Scenario!$B$18:$B$20,MATCH(B38,Scenario!$A$18:$A$20,0)) -> 15 | R38: =INDEX(Scenario!$C$18:$C$20,MATCH(B38,Scenario!$A$18:$A$20,0)) -> 240 | S38: =IF(ISNUMBER(M38),IF(M38<=Q38,1,0),"") -> 0 | T38: =IF(ISNUMBER(P38),IF(P38<=R38,1,0),"") -> 1 | U38: =IF(E38>Scenario!$B$14,0,IF(OR(AND(ISNUMBER(H38),H38<=Scenario!$B$14),AND(ISNUMBER(I38),I38<=Scenario!$B$14)),0,1)) -> 0 | V38: =IF(AND(U38=1,(Scenario!$B$14-E38)/60>R38),1,0) -> 0 | W38: =IF(OR(C38=Scenario!$B$22,C38=Scenario!$C$22),1,0) -> 0 | X38: =IF(ISNUMBER(I38),1,0) -> 0 | Y38: =MOD(INT(E38/86400)+3,7) -> 0 | Z38: =MOD(INT(E38/3600),24) -> 10 | AA38: 2026-07-06T10:30:31Z
A39: t-0038 | B39: P3 | C39: web_form | D39: q-001 | E39: 1783334296 | F39: 1783336485 | G39: 1783336307 | H39: 1783337010 | J39: 0 | K39: 0 | L39: =IF(AND(E39>=Scenario!$B$11,E39<Scenario!$B$12),1,0) -> 1 | M39: =IF(AND(L39=1,ISNUMBER(F39)),MAX(0,F39-E39)/60,"") -> 36.483333 | N39: =IF(AND(L39=1,ISNUMBER(G39)),MAX(0,G39-E39)/60,"") -> 33.516667 | O39: =IF(ISNUMBER(H39),IF(AND(H39>=Scenario!$B$11,H39<Scenario!$B$12),1,0),0) -> 1 | P39: =IF(O39=1,MAX(0,H39-E39)/60,"") -> 45.233333 | Q39: =INDEX(Scenario!$B$18:$B$20,MATCH(B39,Scenario!$A$18:$A$20,0)) -> 240 | R39: =INDEX(Scenario!$C$18:$C$20,MATCH(B39,Scenario!$A$18:$A$20,0)) -> 4320 | S39: =IF(ISNUMBER(M39),IF(M39<=Q39,1,0),"") -> 1 | T39: =IF(ISNUMBER(P39),IF(P39<=R39,1,0),"") -> 1 | U39: =IF(E39>Scenario!$B$14,0,IF(OR(AND(ISNUMBER(H39),H39<=Scenario!$B$14),AND(ISNUMBER(I39),I39<=Scenario!$B$14)),0,1)) -> 0 | V39: =IF(AND(U39=1,(Scenario!$B$14-E39)/60>R39),1,0) -> 0 | W39: =IF(OR(C39=Scenario!$B$22,C39=Scenario!$C$22),1,0) -> 0 | X39: =IF(ISNUMBER(I39),1,0) -> 0 | Y39: =MOD(INT(E39/86400)+3,7) -> 0 | Z39: =MOD(INT(E39/3600),24) -> 10 | AA39: 2026-07-06T10:38:16Z
A40: t-0039 | B40: P2 | C40: phone | D40: q-003 | E40: 1783334409 | F40: 1783334831 | G40: 1783334766 | I40: 1783337382 | J40: 0 | K40: 1 | L40: =IF(AND(E40>=Scenario!$B$11,E40<Scenario!$B$12),1,0) -> 1 | M40: =IF(AND(L40=1,ISNUMBER(F40)),MAX(0,F40-E40)/60,"") -> 7.0333333 | N40: =IF(AND(L40=1,ISNUMBER(G40)),MAX(0,G40-E40)/60,"") -> 5.95 | O40: =IF(ISNUMBER(H40),IF(AND(H40>=Scenario!$B$11,H40<Scenario!$B$12),1,0),0) -> 0 | P40: =IF(O40=1,MAX(0,H40-E40)/60,"") | Q40: =INDEX(Scenario!$B$18:$B$20,MATCH(B40,Scenario!$A$18:$A$20,0)) -> 60 | R40: =INDEX(Scenario!$C$18:$C$20,MATCH(B40,Scenario!$A$18:$A$20,0)) -> 1440 | S40: =IF(ISNUMBER(M40),IF(M40<=Q40,1,0),"") -> 1 | T40: =IF(ISNUMBER(P40),IF(P40<=R40,1,0),"") | U40: =IF(E40>Scenario!$B$14,0,IF(OR(AND(ISNUMBER(H40),H40<=Scenario!$B$14),AND(ISNUMBER(I40),I40<=Scenario!$B$14)),0,1)) -> 0 | V40: =IF(AND(U40=1,(Scenario!$B$14-E40)/60>R40),1,0) -> 0 | W40: =IF(OR(C40=Scenario!$B$22,C40=Scenario!$C$22),1,0) -> 1 | X40: =IF(ISNUMBER(I40),1,0) -> 1 | Y40: =MOD(INT(E40/86400)+3,7) -> 0 | Z40: =MOD(INT(E40/3600),24) -> 10 | AA40: 2026-07-06T10:40:09Z
A41: t-0040 | B41: P3 | C41: chat | D41: q-003 | E41: 1783334830 | I41: 1783337234 | J41: 0 | K41: 0 | L41: =IF(AND(E41>=Scenario!$B$11,E41<Scenario!$B$12),1,0) -> 1 | M41: =IF(AND(L41=1,ISNUMBER(F41)),MAX(0,F41-E41)/60,"") | N41: =IF(AND(L41=1,ISNUMBER(G41)),MAX(0,G41-E41)/60,"") | O41: =IF(ISNUMBER(H41),IF(AND(H41>=Scenario!$B$11,H41<Scenario!$B$12),1,0),0) -> 0 | P41: =IF(O41=1,MAX(0,H41-E41)/60,"") | Q41: =INDEX(Scenario!$B$18:$B$20,MATCH(B41,Scenario!$A$18:$A$20,0)) -> 240 | R41: =INDEX(Scenario!$C$18:$C$20,MATCH(B41,Scenario!$A$18:$A$20,0)) -> 4320 | S41: =IF(ISNUMBER(M41),IF(M41<=Q41,1,0),"") | T41: =IF(ISNUMBER(P41),IF(P41<=R41,1,0),"") | U41: =IF(E41>Scenario!$B$14,0,IF(OR(AND(ISNUMBER(H41),H41<=Scenario!$B$14),AND(ISNUMBER(I41),I41<=Scenario!$B$14)),0,1)) -> 0 | V41: =IF(AND(U41=1,(Scenario!$B$14-E41)/60>R41),1,0) -> 0 | W41: =IF(OR(C41=Scenario!$B$22,C41=Scenario!$C$22),1,0) -> 1 | X41: =IF(ISNUMBER(I41),1,0) -> 1 | Y41: =MOD(INT(E41/86400)+3,7) -> 0 | Z41: =MOD(INT(E41/3600),24) -> 10 | AA41: 2026-07-06T10:47:10Z
A42: t-0041 | B42: P3 | C42: chat | D42: q-002 | E42: 1783335060 | F42: 1783335258 | G42: 1783335096 | H42: 1783342141 | J42: 0 | K42: 0 | L42: =IF(AND(E42>=Scenario!$B$11,E42<Scenario!$B$12),1,0) -> 1 | M42: =IF(AND(L42=1,ISNUMBER(F42)),MAX(0,F42-E42)/60,"") -> 3.3 | N42: =IF(AND(L42=1,ISNUMBER(G42)),MAX(0,G42-E42)/60,"") -> 0.6 | O42: =IF(ISNUMBER(H42),IF(AND(H42>=Scenario!$B$11,H42<Scenario!$B$12),1,0),0) -> 1 | P42: =IF(O42=1,MAX(0,H42-E42)/60,"") -> 118.01667 | Q42: =INDEX(Scenario!$B$18:$B$20,MATCH(B42,Scenario!$A$18:$A$20,0)) -> 240 | R42: =INDEX(Scenario!$C$18:$C$20,MATCH(B42,Scenario!$A$18:$A$20,0)) -> 4320 | S42: =IF(ISNUMBER(M42),IF(M42<=Q42,1,0),"") -> 1 | T42: =IF(ISNUMBER(P42),IF(P42<=R42,1,0),"") -> 1 | U42: =IF(E42>Scenario!$B$14,0,IF(OR(AND(ISNUMBER(H42),H42<=Scenario!$B$14),AND(ISNUMBER(I42),I42<=Scenario!$B$14)),0,1)) -> 0 | V42: =IF(AND(U42=1,(Scenario!$B$14-E42)/60>R42),1,0) -> 0 | W42: =IF(OR(C42=Scenario!$B$22,C42=Scenario!$C$22),1,0) -> 1 | X42: =IF(ISNUMBER(I42),1,0) -> 0 | Y42: =MOD(INT(E42/86400)+3,7) -> 0 | Z42: =MOD(INT(E42/3600),24) -> 10 | AA42: 2026-07-06T10:51:00Z
A43: t-0042 | B43: P3 | C43: chat | D43: q-001 | E43: 1783335580 | F43: 1783337204 | G43: 1783337049 | H43: 1783337934 | J43: 0 | K43: 0 | L43: =IF(AND(E43>=Scenario!$B$11,E43<Scenario!$B$12),1,0) -> 1 | M43: =IF(AND(L43=1,ISNUMBER(F43)),MAX(0,F43-E43)/60,"") -> 27.066667 | N43: =IF(AND(L43=1,ISNUMBER(G43)),MAX(0,G43-E43)/60,"") -> 24.483333 | O43: =IF(ISNUMBER(H43),IF(AND(H43>=Scenario!$B$11,H43<Scenario!$B$12),1,0),0) -> 1 | P43: =IF(O43=1,MAX(0,H43-E43)/60,"") -> 39.233333 | Q43: =INDEX(Scenario!$B$18:$B$20,MATCH(B43,Scenario!$A$18:$A$20,0)) -> 240 | R43: =INDEX(Scenario!$C$18:$C$20,MATCH(B43,Scenario!$A$18:$A$20,0)) -> 4320 | S43: =IF(ISNUMBER(M43),IF(M43<=Q43,1,0),"") -> 1 | T43: =IF(ISNUMBER(P43),IF(P43<=R43,1,0),"") -> 1 | U43: =IF(E43>Scenario!$B$14,0,IF(OR(AND(ISNUMBER(H43),H43<=Scenario!$B$14),AND(ISNUMBER(I43),I43<=Scenario!$B$14)),0,1)) -> 0 | V43: =IF(AND(U43=1,(Scenario!$B$14-E43)/60>R43),1,0) -> 0 | W43: =IF(OR(C43=Scenario!$B$22,C43=Scenario!$C$22),1,0) -> 1 | X43: =IF(ISNUMBER(I43),1,0) -> 0 | Y43: =MOD(INT(E43/86400)+3,7) -> 0 | Z43: =MOD(INT(E43/3600),24) -> 10 | AA43: 2026-07-06T10:59:40Z
A44: t-0043 | B44: P2 | C44: chat | D44: q-001 | E44: 1783335837 | F44: 1783336202 | G44: 1783336003 | H44: 1783337462 | J44: 0 | K44: 0 | L44: =IF(AND(E44>=Scenario!$B$11,E44<Scenario!$B$12),1,0) -> 1 | M44: =IF(AND(L44=1,ISNUMBER(F44)),MAX(0,F44-E44)/60,"") -> 6.0833333 | N44: =IF(AND(L44=1,ISNUMBER(G44)),MAX(0,G44-E44)/60,"") -> 2.7666667 | O44: =IF(ISNUMBER(H44),IF(AND(H44>=Scenario!$B$11,H44<Scenario!$B$12),1,0),0) -> 1 | P44: =IF(O44=1,MAX(0,H44-E44)/60,"") -> 27.083333 | Q44: =INDEX(Scenario!$B$18:$B$20,MATCH(B44,Scenario!$A$18:$A$20,0)) -> 60 | R44: =INDEX(Scenario!$C$18:$C$20,MATCH(B44,Scenario!$A$18:$A$20,0)) -> 1440 | S44: =IF(ISNUMBER(M44),IF(M44<=Q44,1,0),"") -> 1 | T44: =IF(ISNUMBER(P44),IF(P44<=R44,1,0),"") -> 1 | U44: =IF(E44>Scenario!$B$14,0,IF(OR(AND(ISNUMBER(H44),H44<=Scenario!$B$14),AND(ISNUMBER(I44),I44<=Scenario!$B$14)),0,1)) -> 0 | V44: =IF(AND(U44=1,(Scenario!$B$14-E44)/60>R44),1,0) -> 0 | W44: =IF(OR(C44=Scenario!$B$22,C44=Scenario!$C$22),1,0) -> 1 | X44: =IF(ISNUMBER(I44),1,0) -> 0 | Y44: =MOD(INT(E44/86400)+3,7) -> 0 | Z44: =MOD(INT(E44/3600),24) -> 11 | AA44: 2026-07-06T11:03:57Z
A45: t-0044 | B45: P2 | C45: web_form | D45: q-001 | E45: 1783337205 | F45: 1783337629 | G45: 1783337487 | H45: 1783339577 | J45: 0 | K45: 1 | L45: =IF(AND(E45>=Scenario!$B$11,E45<Scenario!$B$12),1,0) -> 1 | M45: =IF(AND(L45=1,ISNUMBER(F45)),MAX(0,F45-E45)/60,"") -> 7.0666667 | N45: =IF(AND(L45=1,ISNUMBER(G45)),MAX(0,G45-E45)/60,"") -> 4.7 | O45: =IF(ISNUMBER(H45),IF(AND(H45>=Scenario!$B$11,H45<Scenario!$B$12),1,0),0) -> 1 | P45: =IF(O45=1,MAX(0,H45-E45)/60,"") -> 39.533333 | Q45: =INDEX(Scenario!$B$18:$B$20,MATCH(B45,Scenario!$A$18:$A$20,0)) -> 60 | R45: =INDEX(Scenario!$C$18:$C$20,MATCH(B45,Scenario!$A$18:$A$20,0)) -> 1440 | S45: =IF(ISNUMBER(M45),IF(M45<=Q45,1,0),"") -> 1 | T45: =IF(ISNUMBER(P45),IF(P45<=R45,1,0),"") -> 1 | U45: =IF(E45>Scenario!$B$14,0,IF(OR(AND(ISNUMBER(H45),H45<=Scenario!$B$14),AND(ISNUMBER(I45),I45<=Scenario!$B$14)),0,1)) -> 0 | V45: =IF(AND(U45=1,(Scenario!$B$14-E45)/60>R45),1,0) -> 0 | W45: =IF(OR(C45=Scenario!$B$22,C45=Scenario!$C$22),1,0) -> 0 | X45: =IF(ISNUMBER(I45),1,0) -> 0 | Y45: =MOD(INT(E45/86400)+3,7) -> 0 | Z45: =MOD(INT(E45/3600),24) -> 11 | AA45: 2026-07-06T11:26:45Z
A46: t-0045 | B46: P2 | C46: chat | D46: q-001 | E46: 1783337740 | F46: 1783337859 | G46: 1783337774 | I46: 1783339051 | J46: 0 | K46: 1 | L46: =IF(AND(E46>=Scenario!$B$11,E46<Scenario!$B$12),1,0) -> 1 | M46: =IF(AND(L46=1,ISNUMBER(F46)),MAX(0,F46-E46)/60,"") -> 1.9833333 | N46: =IF(AND(L46=1,ISNUMBER(G46)),MAX(0,G46-E46)/60,"") -> 0.56666667 | O46: =IF(ISNUMBER(H46),IF(AND(H46>=Scenario!$B$11,H46<Scenario!$B$12),1,0),0) -> 0 | P46: =IF(O46=1,MAX(0,H46-E46)/60,"") | Q46: =INDEX(Scenario!$B$18:$B$20,MATCH(B46,Scenario!$A$18:$A$20,0)) -> 60 | R46: =INDEX(Scenario!$C$18:$C$20,MATCH(B46,Scenario!$A$18:$A$20,0)) -> 1440 | S46: =IF(ISNUMBER(M46),IF(M46<=Q46,1,0),"") -> 1 | T46: =IF(ISNUMBER(P46),IF(P46<=R46,1,0),"") | U46: =IF(E46>Scenario!$B$14,0,IF(OR(AND(ISNUMBER(H46),H46<=Scenario!$B$14),AND(ISNUMBER(I46),I46<=Scenario!$B$14)),0,1)) -> 0 | V46: =IF(AND(U46=1,(Scenario!$B$14-E46)/60>R46),1,0) -> 0 | W46: =IF(OR(C46=Scenario!$B$22,C46=Scenario!$C$22),1,0) -> 1 | X46: =IF(ISNUMBER(I46),1,0) -> 1 | Y46: =MOD(INT(E46/86400)+3,7) -> 0 | Z46: =MOD(INT(E46/3600),24) -> 11 | AA46: 2026-07-06T11:35:40Z
A47: t-0046 | B47: P2 | C47: email | D47: q-001 | E47: 1783338205 | F47: 1783338463 | G47: 1783338264 | H47: 1783340182 | J47: 0 | K47: 0 | L47: =IF(AND(E47>=Scenario!$B$11,E47<Scenario!$B$12),1,0) -> 1 | M47: =IF(AND(L47=1,ISNUMBER(F47)),MAX(0,F47-E47)/60,"") -> 4.3 | N47: =IF(AND(L47=1,ISNUMBER(G47)),MAX(0,G47-E47)/60,"") -> 0.98333333 | O47: =IF(ISNUMBER(H47),IF(AND(H47>=Scenario!$B$11,H47<Scenario!$B$12),1,0),0) -> 1 | P47: =IF(O47=1,MAX(0,H47-E47)/60,"") -> 32.95 | Q47: =INDEX(Scenario!$B$18:$B$20,MATCH(B47,Scenario!$A$18:$A$20,0)) -> 60 | R47: =INDEX(Scenario!$C$18:$C$20,MATCH(B47,Scenario!$A$18:$A$20,0)) -> 1440 | S47: =IF(ISNUMBER(M47),IF(M47<=Q47,1,0),"") -> 1 | T47: =IF(ISNUMBER(P47),IF(P47<=R47,1,0),"") -> 1 | U47: =IF(E47>Scenario!$B$14,0,IF(OR(AND(ISNUMBER(H47),H47<=Scenario!$B$14),AND(ISNUMBER(I47),I47<=Scenario!$B$14)),0,1)) -> 0 | V47: =IF(AND(U47=1,(Scenario!$B$14-E47)/60>R47),1,0) -> 0 | W47: =IF(OR(C47=Scenario!$B$22,C47=Scenario!$C$22),1,0) -> 0 | X47: =IF(ISNUMBER(I47),1,0) -> 0 | Y47: =MOD(INT(E47/86400)+3,7) -> 0 | Z47: =MOD(INT(E47/3600),24) -> 11 | AA47: 2026-07-06T11:43:25Z
A48: t-0047 | B48: P3 | C48: chat | D48: q-002 | E48: 1783338349 | F48: 1783339324 | G48: 1783339221 | H48: 1783343515 | J48: 0 | K48: 0 | L48: =IF(AND(E48>=Scenario!$B$11,E48<Scenario!$B$12),1,0) -> 1 | M48: =IF(AND(L48=1,ISNUMBER(F48)),MAX(0,F48-E48)/60,"") -> 16.25 | N48: =IF(AND(L48=1,ISNUMBER(G48)),MAX(0,G48-E48)/60,"") -> 14.533333 | O48: =IF(ISNUMBER(H48),IF(AND(H48>=Scenario!$B$11,H48<Scenario!$B$12),1,0),0) -> 1 | P48: =IF(O48=1,MAX(0,H48-E48)/60,"") -> 86.1 | Q48: =INDEX(Scenario!$B$18:$B$20,MATCH(B48,Scenario!$A$18:$A$20,0)) -> 240 | R48: =INDEX(Scenario!$C$18:$C$20,MATCH(B48,Scenario!$A$18:$A$20,0)) -> 4320 | S48: =IF(ISNUMBER(M48),IF(M48<=Q48,1,0),"") -> 1 | T48: =IF(ISNUMBER(P48),IF(P48<=R48,1,0),"") -> 1 | U48: =IF(E48>Scenario!$B$14,0,IF(OR(AND(ISNUMBER(H48),H48<=Scenario!$B$14),AND(ISNUMBER(I48),I48<=Scenario!$B$14)),0,1)) -> 0 | V48: =IF(AND(U48=1,(Scenario!$B$14-E48)/60>R48),1,0) -> 0 | W48: =IF(OR(C48=Scenario!$B$22,C48=Scenario!$C$22),1,0) -> 1 | X48: =IF(ISNUMBER(I48),1,0) -> 0 | Y48: =MOD(INT(E48/86400)+3,7) -> 0 | Z48: =MOD(INT(E48/3600),24) -> 11 | AA48: 2026-07-06T11:45:49Z
A49: t-0048 | B49: P2 | C49: chat | D49: q-001 | E49: 1783339161 | F49: 1783339410 | G49: 1783339222 | H49: 1783340723 | J49: 0 | K49: 0 | L49: =IF(AND(E49>=Scenario!$B$11,E49<Scenario!$B$12),1,0) -> 1 | M49: =IF(AND(L49=1,ISNUMBER(F49)),MAX(0,F49-E49)/60,"") -> 4.15 | N49: =IF(AND(L49=1,ISNUMBER(G49)),MAX(0,G49-E49)/60,"") -> 1.0166667 | O49: =IF(ISNUMBER(H49),IF(AND(H49>=Scenario!$B$11,H49<Scenario!$B$12),1,0),0) -> 1 | P49: =IF(O49=1,MAX(0,H49-E49)/60,"") -> 26.033333 | Q49: =INDEX(Scenario!$B$18:$B$20,MATCH(B49,Scenario!$A$18:$A$20,0)) -> 60 | R49: =INDEX(Scenario!$C$18:$C$20,MATCH(B49,Scenario!$A$18:$A$20,0)) -> 1440 | S49: =IF(ISNUMBER(M49),IF(M49<=Q49,1,0),"") -> 1 | T49: =IF(ISNUMBER(P49),IF(P49<=R49,1,0),"") -> 1 | U49: =IF(E49>Scenario!$B$14,0,IF(OR(AND(ISNUMBER(H49),H49<=Scenario!$B$14),AND(ISNUMBER(I49),I49<=Scenario!$B$14)),0,1)) -> 0 | V49: =IF(AND(U49=1,(Scenario!$B$14-E49)/60>R49),1,0) -> 0 | W49: =IF(OR(C49=Scenario!$B$22,C49=Scenario!$C$22),1,0) -> 1 | X49: =IF(ISNUMBER(I49),1,0) -> 0 | Y49: =MOD(INT(E49/86400)+3,7) -> 0 | Z49: =MOD(INT(E49/3600),24) -> 11 | AA49: 2026-07-06T11:59:21Z
A50: t-0049 | B50: P2 | C50: email | D50: q-001 | E50: 1783339306 | F50: 1783339789 | G50: 1783339625 | H50: 1783341048 | J50: 0 | K50: 0 | L50: =IF(AND(E50>=Scenario!$B$11,E50<Scenario!$B$12),1,0) -> 1 | M50: =IF(AND(L50=1,ISNUMBER(F50)),MAX(0,F50-E50)/60,"") -> 8.05 | N50: =IF(AND(L50=1,ISNUMBER(G50)),MAX(0,G50-E50)/60,"") -> 5.3166667 | O50: =IF(ISNUMBER(H50),IF(AND(H50>=Scenario!$B$11,H50<Scenario!$B$12),1,0),0) -> 1 | P50: =IF(O50=1,MAX(0,H50-E50)/60,"") -> 29.033333 | Q50: =INDEX(Scenario!$B$18:$B$20,MATCH(B50,Scenario!$A$18:$A$20,0)) -> 60 | R50: =INDEX(Scenario!$C$18:$C$20,MATCH(B50,Scenario!$A$18:$A$20,0)) -> 1440 | S50: =IF(ISNUMBER(M50),IF(M50<=Q50,1,0),"") -> 1 | T50: =IF(ISNUMBER(P50),IF(P50<=R50,1,0),"") -> 1 | U50: =IF(E50>Scenario!$B$14,0,IF(OR(AND(ISNUMBER(H50),H50<=Scenario!$B$14),AND(ISNUMBER(I50),I50<=Scenario!$B$14)),0,1)) -> 0 | V50: =IF(AND(U50=1,(Scenario!$B$14-E50)/60>R50),1,0) -> 0 | W50: =IF(OR(C50=Scenario!$B$22,C50=Scenario!$C$22),1,0) -> 0 | X50: =IF(ISNUMBER(I50),1,0) -> 0 | Y50: =MOD(INT(E50/86400)+3,7) -> 0 | Z50: =MOD(INT(E50/3600),24) -> 12 | AA50: 2026-07-06T12:01:46Z
A51: t-0050 | B51: P3 | C51: chat | D51: q-003 | E51: 1783339680 | F51: 1783339816 | G51: 1783339720 | H51: 1783344701 | J51: 0 | K51: 0 | L51: =IF(AND(E51>=Scenario!$B$11,E51<Scenario!$B$12),1,0) -> 1 | M51: =IF(AND(L51=1,ISNUMBER(F51)),MAX(0,F51-E51)/60,"") -> 2.2666667 | N51: =IF(AND(L51=1,ISNUMBER(G51)),MAX(0,G51-E51)/60,"") -> 0.66666667 | O51: =IF(ISNUMBER(H51),IF(AND(H51>=Scenario!$B$11,H51<Scenario!$B$12),1,0),0) -> 1 | P51: =IF(O51=1,MAX(0,H51-E51)/60,"") -> 83.683333 | Q51: =INDEX(Scenario!$B$18:$B$20,MATCH(B51,Scenario!$A$18:$A$20,0)) -> 240 | R51: =INDEX(Scenario!$C$18:$C$20,MATCH(B51,Scenario!$A$18:$A$20,0)) -> 4320 | S51: =IF(ISNUMBER(M51),IF(M51<=Q51,1,0),"") -> 1 | T51: =IF(ISNUMBER(P51),IF(P51<=R51,1,0),"") -> 1 | U51: =IF(E51>Scenario!$B$14,0,IF(OR(AND(ISNUMBER(H51),H51<=Scenario!$B$14),AND(ISNUMBER(I51),I51<=Scenario!$B$14)),0,1)) -> 0 | V51: =IF(AND(U51=1,(Scenario!$B$14-E51)/60>R51),1,0) -> 0 | W51: =IF(OR(C51=Scenario!$B$22,C51=Scenario!$C$22),1,0) -> 1 | X51: =IF(ISNUMBER(I51),1,0) -> 0 | Y51: =MOD(INT(E51/86400)+3,7) -> 0 | Z51: =MOD(INT(E51/3600),24) -> 12 | AA51: 2026-07-06T12:08:00Z
A52: t-0051 | B52: P2 | C52: web_form | D52: q-003 | E52: 1783339990 | F52: 1783340092 | G52: 1783340023 | H52: 1783342516 | J52: 0 | K52: 0 | L52: =IF(AND(E52>=Scenario!$B$11,E52<Scenario!$B$12),1,0) -> 1 | M52: =IF(AND(L52=1,ISNUMBER(F52)),MAX(0,F52-E52)/60,"") -> 1.7 | N52: =IF(AND(L52=1,ISNUMBER(G52)),MAX(0,G52-E52)/60,"") -> 0.55 | O52: =IF(ISNUMBER(H52),IF(AND(H52>=Scenario!$B$11,H52<Scenario!$B$12),1,0),0) -> 1 | P52: =IF(O52=1,MAX(0,H52-E52)/60,"") -> 42.1 | Q52: =INDEX(Scenario!$B$18:$B$20,MATCH(B52,Scenario!$A$18:$A$20,0)) -> 60 | R52: =INDEX(Scenario!$C$18:$C$20,MATCH(B52,Scenario!$A$18:$A$20,0)) -> 1440 | S52: =IF(ISNUMBER(M52),IF(M52<=Q52,1,0),"") -> 1 | T52: =IF(ISNUMBER(P52),IF(P52<=R52,1,0),"") -> 1 | U52: =IF(E52>Scenario!$B$14,0,IF(OR(AND(ISNUMBER(H52),H52<=Scenario!$B$14),AND(ISNUMBER(I52),I52<=Scenario!$B$14)),0,1)) -> 0 | V52: =IF(AND(U52=1,(Scenario!$B$14-E52)/60>R52),1,0) -> 0 | W52: =IF(OR(C52=Scenario!$B$22,C52=Scenario!$C$22),1,0) -> 0 | X52: =IF(ISNUMBER(I52),1,0) -> 0 | Y52: =MOD(INT(E52/86400)+3,7) -> 0 | Z52: =MOD(INT(E52/3600),24) -> 12 | AA52: 2026-07-06T12:13:10Z
A53: t-0052 | B53: P2 | C53: email | D53: q-002 | E53: 1783340627 | F53: 1783340834 | G53: 1783340678 | H53: 1783343503 | J53: 0 | K53: 0 | L53: =IF(AND(E53>=Scenario!$B$11,E53<Scenario!$B$12),1,0) -> 1 | M53: =IF(AND(L53=1,ISNUMBER(F53)),MAX(0,F53-E53)/60,"") -> 3.45 | N53: =IF(AND(L53=1,ISNUMBER(G53)),MAX(0,G53-E53)/60,"") -> 0.85 | O53: =IF(ISNUMBER(H53),IF(AND(H53>=Scenario!$B$11,H53<Scenario!$B$12),1,0),0) -> 1 | P53: =IF(O53=1,MAX(0,H53-E53)/60,"") -> 47.933333 | Q53: =INDEX(Scenario!$B$18:$B$20,MATCH(B53,Scenario!$A$18:$A$20,0)) -> 60 | R53: =INDEX(Scenario!$C$18:$C$20,MATCH(B53,Scenario!$A$18:$A$20,0)) -> 1440 | S53: =IF(ISNUMBER(M53),IF(M53<=Q53,1,0),"") -> 1 | T53: =IF(ISNUMBER(P53),IF(P53<=R53,1,0),"") -> 1 | U53: =IF(E53>Scenario!$B$14,0,IF(OR(AND(ISNUMBER(H53),H53<=Scenario!$B$14),AND(ISNUMBER(I53),I53<=Scenario!$B$14)),0,1)) -> 0 | V53: =IF(AND(U53=1,(Scenario!$B$14-E53)/60>R53),1,0) -> 0 | W53: =IF(OR(C53=Scenario!$B$22,C53=Scenario!$C$22),1,0) -> 0 | X53: =IF(ISNUMBER(I53),1,0) -> 0 | Y53: =MOD(INT(E53/86400)+3,7) -> 0 | Z53: =MOD(INT(E53/3600),24) -> 12 | AA53: 2026-07-06T12:23:47Z
A54: t-0053 | B54: P3 | C54: phone | D54: q-001 | E54: 1783343182 | F54: 1783343325 | G54: 1783343229 | H54: 1783345266 | J54: 0 | K54: 0 | L54: =IF(AND(E54>=Scenario!$B$11,E54<Scenario!$B$12),1,0) -> 1 | M54: =IF(AND(L54=1,ISNUMBER(F54)),MAX(0,F54-E54)/60,"") -> 2.3833333 | N54: =IF(AND(L54=1,ISNUMBER(G54)),MAX(0,G54-E54)/60,"") -> 0.78333333 | O54: =IF(ISNUMBER(H54),IF(AND(H54>=Scenario!$B$11,H54<Scenario!$B$12),1,0),0) -> 1 | P54: =IF(O54=1,MAX(0,H54-E54)/60,"") -> 34.733333 | Q54: =INDEX(Scenario!$B$18:$B$20,MATCH(B54,Scenario!$A$18:$A$20,0)) -> 240 | R54: =INDEX(Scenario!$C$18:$C$20,MATCH(B54,Scenario!$A$18:$A$20,0)) -> 4320 | S54: =IF(ISNUMBER(M54),IF(M54<=Q54,1,0),"") -> 1 | T54: =IF(ISNUMBER(P54),IF(P54<=R54,1,0),"") -> 1 | U54: =IF(E54>Scenario!$B$14,0,IF(OR(AND(ISNUMBER(H54),H54<=Scenario!$B$14),AND(ISNUMBER(I54),I54<=Scenario!$B$14)),0,1)) -> 0 | V54: =IF(AND(U54=1,(Scenario!$B$14-E54)/60>R54),1,0) -> 0 | W54: =IF(OR(C54=Scenario!$B$22,C54=Scenario!$C$22),1,0) -> 1 | X54: =IF(ISNUMBER(I54),1,0) -> 0 | Y54: =MOD(INT(E54/86400)+3,7) -> 0 | Z54: =MOD(INT(E54/3600),24) -> 13 | AA54: 2026-07-06T13:06:22Z
A55: t-0054 | B55: P3 | C55: email | D55: q-002 | E55: 1783343476 | F55: 1783343690 | G55: 1783343490 | H55: 1783344654 | J55: 0 | K55: 0 | L55: =IF(AND(E55>=Scenario!$B$11,E55<Scenario!$B$12),1,0) -> 1 | M55: =IF(AND(L55=1,ISNUMBER(F55)),MAX(0,F55-E55)/60,"") -> 3.5666667 | N55: =IF(AND(L55=1,ISNUMBER(G55)),MAX(0,G55-E55)/60,"") -> 0.23333333 | O55: =IF(ISNUMBER(H55),IF(AND(H55>=Scenario!$B$11,H55<Scenario!$B$12),1,0),0) -> 1 | P55: =IF(O55=1,MAX(0,H55-E55)/60,"") -> 19.633333 | Q55: =INDEX(Scenario!$B$18:$B$20,MATCH(B55,Scenario!$A$18:$A$20,0)) -> 240 | R55: =INDEX(Scenario!$C$18:$C$20,MATCH(B55,Scenario!$A$18:$A$20,0)) -> 4320 | S55: =IF(ISNUMBER(M55),IF(M55<=Q55,1,0),"") -> 1 | T55: =IF(ISNUMBER(P55),IF(P55<=R55,1,0),"") -> 1 | U55: =IF(E55>Scenario!$B$14,0,IF(OR(AND(ISNUMBER(H55),H55<=Scenario!$B$14),AND(ISNUMBER(I55),I55<=Scenario!$B$14)),0,1)) -> 0 | V55: =IF(AND(U55=1,(Scenario!$B$14-E55)/60>R55),1,0) -> 0 | W55: =IF(OR(C55=Scenario!$B$22,C55=Scenario!$C$22),1,0) -> 0 | X55: =IF(ISNUMBER(I55),1,0) -> 0 | Y55: =MOD(INT(E55/86400)+3,7) -> 0 | Z55: =MOD(INT(E55/3600),24) -> 13 | AA55: 2026-07-06T13:11:16Z
A56: t-0055 | B56: P2 | C56: email | D56: q-001 | E56: 1783343689 | F56: 1783343870 | G56: 1783343747 | H56: 1783344583 | J56: 0 | K56: 0 | L56: =IF(AND(E56>=Scenario!$B$11,E56<Scenario!$B$12),1,0) -> 1 | M56: =IF(AND(L56=1,ISNUMBER(F56)),MAX(0,F56-E56)/60,"") -> 3.0166667 | N56: =IF(AND(L56=1,ISNUMBER(G56)),MAX(0,G56-E56)/60,"") -> 0.96666667 | O56: =IF(ISNUMBER(H56),IF(AND(H56>=Scenario!$B$11,H56<Scenario!$B$12),1,0),0) -> 1 | P56: =IF(O56=1,MAX(0,H56-E56)/60,"") -> 14.9 | Q56: =INDEX(Scenario!$B$18:$B$20,MATCH(B56,Scenario!$A$18:$A$20,0)) -> 60 | R56: =INDEX(Scenario!$C$18:$C$20,MATCH(B56,Scenario!$A$18:$A$20,0)) -> 1440 | S56: =IF(ISNUMBER(M56),IF(M56<=Q56,1,0),"") -> 1 | T56: =IF(ISNUMBER(P56),IF(P56<=R56,1,0),"") -> 1 | U56: =IF(E56>Scenario!$B$14,0,IF(OR(AND(ISNUMBER(H56),H56<=Scenario!$B$14),AND(ISNUMBER(I56),I56<=Scenario!$B$14)),0,1)) -> 0 | V56: =IF(AND(U56=1,(Scenario!$B$14-E56)/60>R56),1,0) -> 0 | W56: =IF(OR(C56=Scenario!$B$22,C56=Scenario!$C$22),1,0) -> 0 | X56: =IF(ISNUMBER(I56),1,0) -> 0 | Y56: =MOD(INT(E56/86400)+3,7) -> 0 | Z56: =MOD(INT(E56/3600),24) -> 13 | AA56: 2026-07-06T13:14:49Z
A57: t-0056 | B57: P3 | C57: email | D57: q-002 | E57: 1783345649 | F57: 1783345769 | G57: 1783345674 | H57: 1783348483 | J57: 0 | K57: 0 | L57: =IF(AND(E57>=Scenario!$B$11,E57<Scenario!$B$12),1,0) -> 1 | M57: =IF(AND(L57=1,ISNUMBER(F57)),MAX(0,F57-E57)/60,"") -> 2 | N57: =IF(AND(L57=1,ISNUMBER(G57)),MAX(0,G57-E57)/60,"") -> 0.41666667 | O57: =IF(ISNUMBER(H57),IF(AND(H57>=Scenario!$B$11,H57<Scenario!$B$12),1,0),0) -> 1 | P57: =IF(O57=1,MAX(0,H57-E57)/60,"") -> 47.233333 | Q57: =INDEX(Scenario!$B$18:$B$20,MATCH(B57,Scenario!$A$18:$A$20,0)) -> 240 | R57: =INDEX(Scenario!$C$18:$C$20,MATCH(B57,Scenario!$A$18:$A$20,0)) -> 4320 | S57: =IF(ISNUMBER(M57),IF(M57<=Q57,1,0),"") -> 1 | T57: =IF(ISNUMBER(P57),IF(P57<=R57,1,0),"") -> 1 | U57: =IF(E57>Scenario!$B$14,0,IF(OR(AND(ISNUMBER(H57),H57<=Scenario!$B$14),AND(ISNUMBER(I57),I57<=Scenario!$B$14)),0,1)) -> 0 | V57: =IF(AND(U57=1,(Scenario!$B$14-E57)/60>R57),1,0) -> 0 | W57: =IF(OR(C57=Scenario!$B$22,C57=Scenario!$C$22),1,0) -> 0 | X57: =IF(ISNUMBER(I57),1,0) -> 0 | Y57: =MOD(INT(E57/86400)+3,7) -> 0 | Z57: =MOD(INT(E57/3600),24) -> 13 | AA57: 2026-07-06T13:47:29Z
A58: t-0057 | B58: P3 | C58: web_form | D58: q-002 | E58: 1783346070 | F58: 1783346213 | G58: 1783346114 | H58: 1783348780 | J58: 0 | K58: 1 | L58: =IF(AND(E58>=Scenario!$B$11,E58<Scenario!$B$12),1,0) -> 1 | M58: =IF(AND(L58=1,ISNUMBER(F58)),MAX(0,F58-E58)/60,"") -> 2.3833333 | N58: =IF(AND(L58=1,ISNUMBER(G58)),MAX(0,G58-E58)/60,"") -> 0.73333333 | O58: =IF(ISNUMBER(H58),IF(AND(H58>=Scenario!$B$11,H58<Scenario!$B$12),1,0),0) -> 1 | P58: =IF(O58=1,MAX(0,H58-E58)/60,"") -> 45.166667 | Q58: =INDEX(Scenario!$B$18:$B$20,MATCH(B58,Scenario!$A$18:$A$20,0)) -> 240 | R58: =INDEX(Scenario!$C$18:$C$20,MATCH(B58,Scenario!$A$18:$A$20,0)) -> 4320 | S58: =IF(ISNUMBER(M58),IF(M58<=Q58,1,0),"") -> 1 | T58: =IF(ISNUMBER(P58),IF(P58<=R58,1,0),"") -> 1 | U58: =IF(E58>Scenario!$B$14,0,IF(OR(AND(ISNUMBER(H58),H58<=Scenario!$B$14),AND(ISNUMBER(I58),I58<=Scenario!$B$14)),0,1)) -> 0 | V58: =IF(AND(U58=1,(Scenario!$B$14-E58)/60>R58),1,0) -> 0 | W58: =IF(OR(C58=Scenario!$B$22,C58=Scenario!$C$22),1,0) -> 0 | X58: =IF(ISNUMBER(I58),1,0) -> 0 | Y58: =MOD(INT(E58/86400)+3,7) -> 0 | Z58: =MOD(INT(E58/3600),24) -> 13 | AA58: 2026-07-06T13:54:30Z
... A113: t-0112 | B113: P2 | C113: email | D113: q-003 | E113: 1783438092 | F113: 1783438274 | G113: 1783438143 | H113: 1783442170 | J113: 0 | K113: 0 | L113: =IF(AND(E113>=Scenario!$B$11,E113<Scenario!$B$12),1,0) -> 1 | M113: =IF(AND(L113=1,ISNUMBER(F113)),MAX(0,F113-E113)/60,"") -> 3.0333333 | N113: =IF(AND(L113=1,ISNUMBER(G113)),MAX(0,G113-E113)/60,"") -> 0.85 | O113: =IF(ISNUMBER(H113),IF(AND(H113>=Scenario!$B$11,H113<Scenario!$B$12),1,0),0) -> 1 | P113: =IF(O113=1,MAX(0,H113-E113)/60,"") -> 67.966667 | Q113: =INDEX(Scenario!$B$18:$B$20,MATCH(B113,Scenario!$A$18:$A$20,0)) -> 60 | R113: =INDEX(Scenario!$C$18:$C$20,MATCH(B113,Scenario!$A$18:$A$20,0)) -> 1440 | S113: =IF(ISNUMBER(M113),IF(M113<=Q113,1,0),"") -> 1 | T113: =IF(ISNUMBER(P113),IF(P113<=R113,1,0),"") -> 1 | U113: =IF(E113>Scenario!$B$14,0,IF(OR(AND(ISNUMBER(H113),H113<=Scenario!$B$14),AND(ISNUMBER(I113),I113<=Scenario!$B$14)),0,1)) -> 0 | V113: =IF(AND(U113=1,(Scenario!$B$14-E113)/60>R113),1,0) -> 0 | W113: =IF(OR(C113=Scenario!$B$22,C113=Scenario!$C$22),1,0) -> 0 | X113: =IF(ISNUMBER(I113),1,0) -> 0 | Y113: =MOD(INT(E113/86400)+3,7) -> 1 | Z113: =MOD(INT(E113/3600),24) -> 15 | AA113: 2026-07-07T15:28:12Z
A114: t-0113 | B114: P2 | C114: phone | D114: q-002 | E114: 1783439405 | I114: 1783439830 | J114: 0 | K114: 0 | L114: =IF(AND(E114>=Scenario!$B$11,E114<Scenario!$B$12),1,0) -> 1 | M114: =IF(AND(L114=1,ISNUMBER(F114)),MAX(0,F114-E114)/60,"") | N114: =IF(AND(L114=1,ISNUMBER(G114)),MAX(0,G114-E114)/60,"") | O114: =IF(ISNUMBER(H114),IF(AND(H114>=Scenario!$B$11,H114<Scenario!$B$12),1,0),0) -> 0 | P114: =IF(O114=1,MAX(0,H114-E114)/60,"") | Q114: =INDEX(Scenario!$B$18:$B$20,MATCH(B114,Scenario!$A$18:$A$20,0)) -> 60 | R114: =INDEX(Scenario!$C$18:$C$20,MATCH(B114,Scenario!$A$18:$A$20,0)) -> 1440 | S114: =IF(ISNUMBER(M114),IF(M114<=Q114,1,0),"") | T114: =IF(ISNUMBER(P114),IF(P114<=R114,1,0),"") | U114: =IF(E114>Scenario!$B$14,0,IF(OR(AND(ISNUMBER(H114),H114<=Scenario!$B$14),AND(ISNUMBER(I114),I114<=Scenario!$B$14)),0,1)) -> 0 | V114: =IF(AND(U114=1,(Scenario!$B$14-E114)/60>R114),1,0) -> 0 | W114: =IF(OR(C114=Scenario!$B$22,C114=Scenario!$C$22),1,0) -> 1 | X114: =IF(ISNUMBER(I114),1,0) -> 1 | Y114: =MOD(INT(E114/86400)+3,7) -> 1 | Z114: =MOD(INT(E114/3600),24) -> 15 | AA114: 2026-07-07T15:50:05Z
A115: t-0114 | B115: P3 | C115: chat | D115: q-003 | E115: 1783439530 | F115: 1783440177 | G115: 1783440014 | H115: 1783449093 | J115: 0 | K115: 0 | L115: =IF(AND(E115>=Scenario!$B$11,E115<Scenario!$B$12),1,0) -> 1 | M115: =IF(AND(L115=1,ISNUMBER(F115)),MAX(0,F115-E115)/60,"") -> 10.783333 | N115: =IF(AND(L115=1,ISNUMBER(G115)),MAX(0,G115-E115)/60,"") -> 8.0666667 | O115: =IF(ISNUMBER(H115),IF(AND(H115>=Scenario!$B$11,H115<Scenario!$B$12),1,0),0) -> 1 | P115: =IF(O115=1,MAX(0,H115-E115)/60,"") -> 159.38333 | Q115: =INDEX(Scenario!$B$18:$B$20,MATCH(B115,Scenario!$A$18:$A$20,0)) -> 240 | R115: =INDEX(Scenario!$C$18:$C$20,MATCH(B115,Scenario!$A$18:$A$20,0)) -> 4320 | S115: =IF(ISNUMBER(M115),IF(M115<=Q115,1,0),"") -> 1 | T115: =IF(ISNUMBER(P115),IF(P115<=R115,1,0),"") -> 1 | U115: =IF(E115>Scenario!$B$14,0,IF(OR(AND(ISNUMBER(H115),H115<=Scenario!$B$14),AND(ISNUMBER(I115),I115<=Scenario!$B$14)),0,1)) -> 0 | V115: =IF(AND(U115=1,(Scenario!$B$14-E115)/60>R115),1,0) -> 0 | W115: =IF(OR(C115=Scenario!$B$22,C115=Scenario!$C$22),1,0) -> 1 | X115: =IF(ISNUMBER(I115),1,0) -> 0 | Y115: =MOD(INT(E115/86400)+3,7) -> 1 | Z115: =MOD(INT(E115/3600),24) -> 15 | AA115: 2026-07-07T15:52:10Z
A116: t-0115 | B116: P1 | C116: chat | D116: q-002 | E116: 1783440237 | F116: 1783440389 | G116: 1783440282 | H116: 1783442973 | J116: 0 | K116: 0 | L116: =IF(AND(E116>=Scenario!$B$11,E116<Scenario!$B$12),1,0) -> 1 | M116: =IF(AND(L116=1,ISNUMBER(F116)),MAX(0,F116-E116)/60,"") -> 2.5333333 | N116: =IF(AND(L116=1,ISNUMBER(G116)),MAX(0,G116-E116)/60,"") -> 0.75 | O116: =IF(ISNUMBER(H116),IF(AND(H116>=Scenario!$B$11,H116<Scenario!$B$12),1,0),0) -> 1 | P116: =IF(O116=1,MAX(0,H116-E116)/60,"") -> 45.6 | Q116: =INDEX(Scenario!$B$18:$B$20,MATCH(B116,Scenario!$A$18:$A$20,0)) -> 15 | R116: =INDEX(Scenario!$C$18:$C$20,MATCH(B116,Scenario!$A$18:$A$20,0)) -> 240 | S116: =IF(ISNUMBER(M116),IF(M116<=Q116,1,0),"") -> 1 | T116: =IF(ISNUMBER(P116),IF(P116<=R116,1,0),"") -> 1 | U116: =IF(E116>Scenario!$B$14,0,IF(OR(AND(ISNUMBER(H116),H116<=Scenario!$B$14),AND(ISNUMBER(I116),I116<=Scenario!$B$14)),0,1)) -> 0 | V116: =IF(AND(U116=1,(Scenario!$B$14-E116)/60>R116),1,0) -> 0 | W116: =IF(OR(C116=Scenario!$B$22,C116=Scenario!$C$22),1,0) -> 1 | X116: =IF(ISNUMBER(I116),1,0) -> 0 | Y116: =MOD(INT(E116/86400)+3,7) -> 1 | Z116: =MOD(INT(E116/3600),24) -> 16 | AA116: 2026-07-07T16:03:57Z
A117: t-0116 | B117: P2 | C117: email | D117: q-003 | E117: 1783442611 | F117: 1783442805 | G117: 1783442629 | H117: 1783453553 | J117: 0 | K117: 0 | L117: =IF(AND(E117>=Scenario!$B$11,E117<Scenario!$B$12),1,0) -> 1 | M117: =IF(AND(L117=1,ISNUMBER(F117)),MAX(0,F117-E117)/60,"") -> 3.2333333 | N117: =IF(AND(L117=1,ISNUMBER(G117)),MAX(0,G117-E117)/60,"") -> 0.3 | O117: =IF(ISNUMBER(H117),IF(AND(H117>=Scenario!$B$11,H117<Scenario!$B$12),1,0),0) -> 1 | P117: =IF(O117=1,MAX(0,H117-E117)/60,"") -> 182.36667 | Q117: =INDEX(Scenario!$B$18:$B$20,MATCH(B117,Scenario!$A$18:$A$20,0)) -> 60 | R117: =INDEX(Scenario!$C$18:$C$20,MATCH(B117,Scenario!$A$18:$A$20,0)) -> 1440 | S117: =IF(ISNUMBER(M117),IF(M117<=Q117,1,0),"") -> 1 | T117: =IF(ISNUMBER(P117),IF(P117<=R117,1,0),"") -> 1 | U117: =IF(E117>Scenario!$B$14,0,IF(OR(AND(ISNUMBER(H117),H117<=Scenario!$B$14),AND(ISNUMBER(I117),I117<=Scenario!$B$14)),0,1)) -> 0 | V117: =IF(AND(U117=1,(Scenario!$B$14-E117)/60>R117),1,0) -> 0 | W117: =IF(OR(C117=Scenario!$B$22,C117=Scenario!$C$22),1,0) -> 0 | X117: =IF(ISNUMBER(I117),1,0) -> 0 | Y117: =MOD(INT(E117/86400)+3,7) -> 1 | Z117: =MOD(INT(E117/3600),24) -> 16 | AA117: 2026-07-07T16:43:31Z
A118: t-0117 | B118: P2 | C118: email | D118: q-003 | E118: 1783442983 | F118: 1783443196 | G118: 1783443023 | H118: 1783498062 | J118: 1 | K118: 0 | L118: =IF(AND(E118>=Scenario!$B$11,E118<Scenario!$B$12),1,0) -> 1 | M118: =IF(AND(L118=1,ISNUMBER(F118)),MAX(0,F118-E118)/60,"") -> 3.55 | N118: =IF(AND(L118=1,ISNUMBER(G118)),MAX(0,G118-E118)/60,"") -> 0.66666667 | O118: =IF(ISNUMBER(H118),IF(AND(H118>=Scenario!$B$11,H118<Scenario!$B$12),1,0),0) -> 1 | P118: =IF(O118=1,MAX(0,H118-E118)/60,"") -> 917.98333 | Q118: =INDEX(Scenario!$B$18:$B$20,MATCH(B118,Scenario!$A$18:$A$20,0)) -> 60 | R118: =INDEX(Scenario!$C$18:$C$20,MATCH(B118,Scenario!$A$18:$A$20,0)) -> 1440 | S118: =IF(ISNUMBER(M118),IF(M118<=Q118,1,0),"") -> 1 | T118: =IF(ISNUMBER(P118),IF(P118<=R118,1,0),"") -> 1 | U118: =IF(E118>Scenario!$B$14,0,IF(OR(AND(ISNUMBER(H118),H118<=Scenario!$B$14),AND(ISNUMBER(I118),I118<=Scenario!$B$14)),0,1)) -> 0 | V118: =IF(AND(U118=1,(Scenario!$B$14-E118)/60>R118),1,0) -> 0 | W118: =IF(OR(C118=Scenario!$B$22,C118=Scenario!$C$22),1,0) -> 0 | X118: =IF(ISNUMBER(I118),1,0) -> 0 | Y118: =MOD(INT(E118/86400)+3,7) -> 1 | Z118: =MOD(INT(E118/3600),24) -> 16 | AA118: 2026-07-07T16:49:43Z
A119: t-0118 | B119: P2 | C119: email | D119: q-003 | E119: 1783443530 | F119: 1783444202 | G119: 1783444008 | H119: 1783448090 | J119: 0 | K119: 0 | L119: =IF(AND(E119>=Scenario!$B$11,E119<Scenario!$B$12),1,0) -> 1 | M119: =IF(AND(L119=1,ISNUMBER(F119)),MAX(0,F119-E119)/60,"") -> 11.2 | N119: =IF(AND(L119=1,ISNUMBER(G119)),MAX(0,G119-E119)/60,"") -> 7.9666667 | O119: =IF(ISNUMBER(H119),IF(AND(H119>=Scenario!$B$11,H119<Scenario!$B$12),1,0),0) -> 1 | P119: =IF(O119=1,MAX(0,H119-E119)/60,"") -> 76 | Q119: =INDEX(Scenario!$B$18:$B$20,MATCH(B119,Scenario!$A$18:$A$20,0)) -> 60 | R119: =INDEX(Scenario!$C$18:$C$20,MATCH(B119,Scenario!$A$18:$A$20,0)) -> 1440 | S119: =IF(ISNUMBER(M119),IF(M119<=Q119,1,0),"") -> 1 | T119: =IF(ISNUMBER(P119),IF(P119<=R119,1,0),"") -> 1 | U119: =IF(E119>Scenario!$B$14,0,IF(OR(AND(ISNUMBER(H119),H119<=Scenario!$B$14),AND(ISNUMBER(I119),I119<=Scenario!$B$14)),0,1)) -> 0 | V119: =IF(AND(U119=1,(Scenario!$B$14-E119)/60>R119),1,0) -> 0 | W119: =IF(OR(C119=Scenario!$B$22,C119=Scenario!$C$22),1,0) -> 0 | X119: =IF(ISNUMBER(I119),1,0) -> 0 | Y119: =MOD(INT(E119/86400)+3,7) -> 1 | Z119: =MOD(INT(E119/3600),24) -> 16 | AA119: 2026-07-07T16:58:50Z
A120: t-0119 | B120: P2 | C120: chat | D120: q-003 | E120: 1783445776 | F120: 1783446101 | G120: 1783445993 | H120: 1783449503 | J120: 0 | K120: 0 | L120: =IF(AND(E120>=Scenario!$B$11,E120<Scenario!$B$12),1,0) -> 1 | M120: =IF(AND(L120=1,ISNUMBER(F120)),MAX(0,F120-E120)/60,"") -> 5.4166667 | N120: =IF(AND(L120=1,ISNUMBER(G120)),MAX(0,G120-E120)/60,"") -> 3.6166667 | O120: =IF(ISNUMBER(H120),IF(AND(H120>=Scenario!$B$11,H120<Scenario!$B$12),1,0),0) -> 1 | P120: =IF(O120=1,MAX(0,H120-E120)/60,"") -> 62.116667 | Q120: =INDEX(Scenario!$B$18:$B$20,MATCH(B120,Scenario!$A$18:$A$20,0)) -> 60 | R120: =INDEX(Scenario!$C$18:$C$20,MATCH(B120,Scenario!$A$18:$A$20,0)) -> 1440 | S120: =IF(ISNUMBER(M120),IF(M120<=Q120,1,0),"") -> 1 | T120: =IF(ISNUMBER(P120),IF(P120<=R120,1,0),"") -> 1 | U120: =IF(E120>Scenario!$B$14,0,IF(OR(AND(ISNUMBER(H120),H120<=Scenario!$B$14),AND(ISNUMBER(I120),I120<=Scenario!$B$14)),0,1)) -> 0 | V120: =IF(AND(U120=1,(Scenario!$B$14-E120)/60>R120),1,0) -> 0 | W120: =IF(OR(C120=Scenario!$B$22,C120=Scenario!$C$22),1,0) -> 1 | X120: =IF(ISNUMBER(I120),1,0) -> 0 | Y120: =MOD(INT(E120/86400)+3,7) -> 1 | Z120: =MOD(INT(E120/3600),24) -> 17 | AA120: 2026-07-07T17:36:16Z
A121: t-0120 | B121: P3 | C121: chat | D121: q-002 | E121: 1783446725 | F121: 1783446865 | G121: 1783446740 | H121: 1783451772 | J121: 0 | K121: 0 | L121: =IF(AND(E121>=Scenario!$B$11,E121<Scenario!$B$12),1,0) -> 1 | M121: =IF(AND(L121=1,ISNUMBER(F121)),MAX(0,F121-E121)/60,"") -> 2.3333333 | N121: =IF(AND(L121=1,ISNUMBER(G121)),MAX(0,G121-E121)/60,"") -> 0.25 | O121: =IF(ISNUMBER(H121),IF(AND(H121>=Scenario!$B$11,H121<Scenario!$B$12),1,0),0) -> 1 | P121: =IF(O121=1,MAX(0,H121-E121)/60,"") -> 84.116667 | Q121: =INDEX(Scenario!$B$18:$B$20,MATCH(B121,Scenario!$A$18:$A$20,0)) -> 240 | R121: =INDEX(Scenario!$C$18:$C$20,MATCH(B121,Scenario!$A$18:$A$20,0)) -> 4320 | S121: =IF(ISNUMBER(M121),IF(M121<=Q121,1,0),"") -> 1 | T121: =IF(ISNUMBER(P121),IF(P121<=R121,1,0),"") -> 1 | U121: =IF(E121>Scenario!$B$14,0,IF(OR(AND(ISNUMBER(H121),H121<=Scenario!$B$14),AND(ISNUMBER(I121),I121<=Scenario!$B$14)),0,1)) -> 0 | V121: =IF(AND(U121=1,(Scenario!$B$14-E121)/60>R121),1,0) -> 0 | W121: =IF(OR(C121=Scenario!$B$22,C121=Scenario!$C$22),1,0) -> 1 | X121: =IF(ISNUMBER(I121),1,0) -> 0 | Y121: =MOD(INT(E121/86400)+3,7) -> 1 | Z121: =MOD(INT(E121/3600),24) -> 17 | AA121: 2026-07-07T17:52:05Z
A122: t-0121 | B122: P1 | C122: phone | D122: q-002 | E122: 1783447736 | F122: 1783447865 | G122: 1783447781 | H122: 1783450258 | J122: 0 | K122: 0 | L122: =IF(AND(E122>=Scenario!$B$11,E122<Scenario!$B$12),1,0) -> 1 | M122: =IF(AND(L122=1,ISNUMBER(F122)),MAX(0,F122-E122)/60,"") -> 2.15 | N122: =IF(AND(L122=1,ISNUMBER(G122)),MAX(0,G122-E122)/60,"") -> 0.75 | O122: =IF(ISNUMBER(H122),IF(AND(H122>=Scenario!$B$11,H122<Scenario!$B$12),1,0),0) -> 1 | P122: =IF(O122=1,MAX(0,H122-E122)/60,"") -> 42.033333 | Q122: =INDEX(Scenario!$B$18:$B$20,MATCH(B122,Scenario!$A$18:$A$20,0)) -> 15 | R122: =INDEX(Scenario!$C$18:$C$20,MATCH(B122,Scenario!$A$18:$A$20,0)) -> 240 | S122: =IF(ISNUMBER(M122),IF(M122<=Q122,1,0),"") -> 1 | T122: =IF(ISNUMBER(P122),IF(P122<=R122,1,0),"") -> 1 | U122: =IF(E122>Scenario!$B$14,0,IF(OR(AND(ISNUMBER(H122),H122<=Scenario!$B$14),AND(ISNUMBER(I122),I122<=Scenario!$B$14)),0,1)) -> 0 | V122: =IF(AND(U122=1,(Scenario!$B$14-E122)/60>R122),1,0) -> 0 | W122: =IF(OR(C122=Scenario!$B$22,C122=Scenario!$C$22),1,0) -> 1 | X122: =IF(ISNUMBER(I122),1,0) -> 0 | Y122: =MOD(INT(E122/86400)+3,7) -> 1 | Z122: =MOD(INT(E122/3600),24) -> 18 | AA122: 2026-07-07T18:08:56Z
A123: t-0122 | B123: P2 | C123: email | D123: q-002 | E123: 1783447929 | F123: 1783448158 | G123: 1783447971 | H123: 1783452807 | J123: 0 | K123: 0 | L123: =IF(AND(E123>=Scenario!$B$11,E123<Scenario!$B$12),1,0) -> 1 | M123: =IF(AND(L123=1,ISNUMBER(F123)),MAX(0,F123-E123)/60,"") -> 3.8166667 | N123: =IF(AND(L123=1,ISNUMBER(G123)),MAX(0,G123-E123)/60,"") -> 0.7 | O123: =IF(ISNUMBER(H123),IF(AND(H123>=Scenario!$B$11,H123<Scenario!$B$12),1,0),0) -> 1 | P123: =IF(O123=1,MAX(0,H123-E123)/60,"") -> 81.3 | Q123: =INDEX(Scenario!$B$18:$B$20,MATCH(B123,Scenario!$A$18:$A$20,0)) -> 60 | R123: =INDEX(Scenario!$C$18:$C$20,MATCH(B123,Scenario!$A$18:$A$20,0)) -> 1440 | S123: =IF(ISNUMBER(M123),IF(M123<=Q123,1,0),"") -> 1 | T123: =IF(ISNUMBER(P123),IF(P123<=R123,1,0),"") -> 1 | U123: =IF(E123>Scenario!$B$14,0,IF(OR(AND(ISNUMBER(H123),H123<=Scenario!$B$14),AND(ISNUMBER(I123),I123<=Scenario!$B$14)),0,1)) -> 0 | V123: =IF(AND(U123=1,(Scenario!$B$14-E123)/60>R123),1,0) -> 0 | W123: =IF(OR(C123=Scenario!$B$22,C123=Scenario!$C$22),1,0) -> 0 | X123: =IF(ISNUMBER(I123),1,0) -> 0 | Y123: =MOD(INT(E123/86400)+3,7) -> 1 | Z123: =MOD(INT(E123/3600),24) -> 18 | AA123: 2026-07-07T18:12:09Z
A124: t-0123 | B124: P3 | C124: email | D124: q-001 | E124: 1783448400 | F124: 1783448642 | G124: 1783448412 | H124: 1783450295 | J124: 0 | K124: 0 | L124: =IF(AND(E124>=Scenario!$B$11,E124<Scenario!$B$12),1,0) -> 1 | M124: =IF(AND(L124=1,ISNUMBER(F124)),MAX(0,F124-E124)/60,"") -> 4.0333333 | N124: =IF(AND(L124=1,ISNUMBER(G124)),MAX(0,G124-E124)/60,"") -> 0.2 | O124: =IF(ISNUMBER(H124),IF(AND(H124>=Scenario!$B$11,H124<Scenario!$B$12),1,0),0) -> 1 | P124: =IF(O124=1,MAX(0,H124-E124)/60,"") -> 31.583333 | Q124: =INDEX(Scenario!$B$18:$B$20,MATCH(B124,Scenario!$A$18:$A$20,0)) -> 240 | R124: =INDEX(Scenario!$C$18:$C$20,MATCH(B124,Scenario!$A$18:$A$20,0)) -> 4320 | S124: =IF(ISNUMBER(M124),IF(M124<=Q124,1,0),"") -> 1 | T124: =IF(ISNUMBER(P124),IF(P124<=R124,1,0),"") -> 1 | U124: =IF(E124>Scenario!$B$14,0,IF(OR(AND(ISNUMBER(H124),H124<=Scenario!$B$14),AND(ISNUMBER(I124),I124<=Scenario!$B$14)),0,1)) -> 0 | V124: =IF(AND(U124=1,(Scenario!$B$14-E124)/60>R124),1,0) -> 0 | W124: =IF(OR(C124=Scenario!$B$22,C124=Scenario!$C$22),1,0) -> 0 | X124: =IF(ISNUMBER(I124),1,0) -> 0 | Y124: =MOD(INT(E124/86400)+3,7) -> 1 | Z124: =MOD(INT(E124/3600),24) -> 18 | AA124: 2026-07-07T18:20:00Z
A125: t-0124 | B125: P3 | C125: chat | D125: q-001 | E125: 1783448465 | F125: 1783448703 | G125: 1783448493 | H125: 1783450783 | J125: 0 | K125: 0 | L125: =IF(AND(E125>=Scenario!$B$11,E125<Scenario!$B$12),1,0) -> 1 | M125: =IF(AND(L125=1,ISNUMBER(F125)),MAX(0,F125-E125)/60,"") -> 3.9666667 | N125: =IF(AND(L125=1,ISNUMBER(G125)),MAX(0,G125-E125)/60,"") -> 0.46666667 | O125: =IF(ISNUMBER(H125),IF(AND(H125>=Scenario!$B$11,H125<Scenario!$B$12),1,0),0) -> 1 | P125: =IF(O125=1,MAX(0,H125-E125)/60,"") -> 38.633333 | Q125: =INDEX(Scenario!$B$18:$B$20,MATCH(B125,Scenario!$A$18:$A$20,0)) -> 240 | R125: =INDEX(Scenario!$C$18:$C$20,MATCH(B125,Scenario!$A$18:$A$20,0)) -> 4320 | S125: =IF(ISNUMBER(M125),IF(M125<=Q125,1,0),"") -> 1 | T125: =IF(ISNUMBER(P125),IF(P125<=R125,1,0),"") -> 1 | U125: =IF(E125>Scenario!$B$14,0,IF(OR(AND(ISNUMBER(H125),H125<=Scenario!$B$14),AND(ISNUMBER(I125),I125<=Scenario!$B$14)),0,1)) -> 0 | V125: =IF(AND(U125=1,(Scenario!$B$14-E125)/60>R125),1,0) -> 0 | W125: =IF(OR(C125=Scenario!$B$22,C125=Scenario!$C$22),1,0) -> 1 | X125: =IF(ISNUMBER(I125),1,0) -> 0 | Y125: =MOD(INT(E125/86400)+3,7) -> 1 | Z125: =MOD(INT(E125/3600),24) -> 18 | AA125: 2026-07-07T18:21:05Z
A126: t-0125 | B126: P2 | C126: chat | D126: q-003 | E126: 1783450177 | F126: 1783450366 | G126: 1783450201 | H126: 1783454303 | J126: 0 | K126: 1 | L126: =IF(AND(E126>=Scenario!$B$11,E126<Scenario!$B$12),1,0) -> 1 | M126: =IF(AND(L126=1,ISNUMBER(F126)),MAX(0,F126-E126)/60,"") -> 3.15 | N126: =IF(AND(L126=1,ISNUMBER(G126)),MAX(0,G126-E126)/60,"") -> 0.4 | O126: =IF(ISNUMBER(H126),IF(AND(H126>=Scenario!$B$11,H126<Scenario!$B$12),1,0),0) -> 1 | P126: =IF(O126=1,MAX(0,H126-E126)/60,"") -> 68.766667 | Q126: =INDEX(Scenario!$B$18:$B$20,MATCH(B126,Scenario!$A$18:$A$20,0)) -> 60 | R126: =INDEX(Scenario!$C$18:$C$20,MATCH(B126,Scenario!$A$18:$A$20,0)) -> 1440 | S126: =IF(ISNUMBER(M126),IF(M126<=Q126,1,0),"") -> 1 | T126: =IF(ISNUMBER(P126),IF(P126<=R126,1,0),"") -> 1 | U126: =IF(E126>Scenario!$B$14,0,IF(OR(AND(ISNUMBER(H126),H126<=Scenario!$B$14),AND(ISNUMBER(I126),I126<=Scenario!$B$14)),0,1)) -> 0 | V126: =IF(AND(U126=1,(Scenario!$B$14-E126)/60>R126),1,0) -> 0 | W126: =IF(OR(C126=Scenario!$B$22,C126=Scenario!$C$22),1,0) -> 1 | X126: =IF(ISNUMBER(I126),1,0) -> 0 | Y126: =MOD(INT(E126/86400)+3,7) -> 1 | Z126: =MOD(INT(E126/3600),24) -> 18 | AA126: 2026-07-07T18:49:37Z
... A131: t-0130 | B131: P2 | C131: email | D131: q-002 | E131: 1783469112 | F131: 1783487039 | G131: 1783486826 | H131: 1783496077 | J131: 0 | K131: 0 | L131: =IF(AND(E131>=Scenario!$B$11,E131<Scenario!$B$12),1,0) -> 1 | M131: =IF(AND(L131=1,ISNUMBER(F131)),MAX(0,F131-E131)/60,"") -> 298.78333 | N131: =IF(AND(L131=1,ISNUMBER(G131)),MAX(0,G131-E131)/60,"") -> 295.23333 | O131: =IF(ISNUMBER(H131),IF(AND(H131>=Scenario!$B$11,H131<Scenario!$B$12),1,0),0) -> 1 | P131: =IF(O131=1,MAX(0,H131-E131)/60,"") -> 449.41667 | Q131: =INDEX(Scenario!$B$18:$B$20,MATCH(B131,Scenario!$A$18:$A$20,0)) -> 60 | R131: =INDEX(Scenario!$C$18:$C$20,MATCH(B131,Scenario!$A$18:$A$20,0)) -> 1440 | S131: =IF(ISNUMBER(M131),IF(M131<=Q131,1,0),"") -> 0 | T131: =IF(ISNUMBER(P131),IF(P131<=R131,1,0),"") -> 1 | U131: =IF(E131>Scenario!$B$14,0,IF(OR(AND(ISNUMBER(H131),H131<=Scenario!$B$14),AND(ISNUMBER(I131),I131<=Scenario!$B$14)),0,1)) -> 0 | V131: =IF(AND(U131=1,(Scenario!$B$14-E131)/60>R131),1,0) -> 0 | W131: =IF(OR(C131=Scenario!$B$22,C131=Scenario!$C$22),1,0) -> 0 | X131: =IF(ISNUMBER(I131),1,0) -> 0 | Y131: =MOD(INT(E131/86400)+3,7) -> 2 | Z131: =MOD(INT(E131/3600),24) -> 0 | AA131: 2026-07-08T00:05:12Z
A132: t-0131 | B132: P2 | C132: chat | D132: q-003 | E132: 1783482060 | I132: 1783485805 | J132: 0 | K132: 0 | L132: =IF(AND(E132>=Scenario!$B$11,E132<Scenario!$B$12),1,0) -> 1 | M132: =IF(AND(L132=1,ISNUMBER(F132)),MAX(0,F132-E132)/60,"") | N132: =IF(AND(L132=1,ISNUMBER(G132)),MAX(0,G132-E132)/60,"") | O132: =IF(ISNUMBER(H132),IF(AND(H132>=Scenario!$B$11,H132<Scenario!$B$12),1,0),0) -> 0 | P132: =IF(O132=1,MAX(0,H132-E132)/60,"") | Q132: =INDEX(Scenario!$B$18:$B$20,MATCH(B132,Scenario!$A$18:$A$20,0)) -> 60 | R132: =INDEX(Scenario!$C$18:$C$20,MATCH(B132,Scenario!$A$18:$A$20,0)) -> 1440 | S132: =IF(ISNUMBER(M132),IF(M132<=Q132,1,0),"") | T132: =IF(ISNUMBER(P132),IF(P132<=R132,1,0),"") | U132: =IF(E132>Scenario!$B$14,0,IF(OR(AND(ISNUMBER(H132),H132<=Scenario!$B$14),AND(ISNUMBER(I132),I132<=Scenario!$B$14)),0,1)) -> 0 | V132: =IF(AND(U132=1,(Scenario!$B$14-E132)/60>R132),1,0) -> 0 | W132: =IF(OR(C132=Scenario!$B$22,C132=Scenario!$C$22),1,0) -> 1 | X132: =IF(ISNUMBER(I132),1,0) -> 1 | Y132: =MOD(INT(E132/86400)+3,7) -> 2 | Z132: =MOD(INT(E132/3600),24) -> 3 | AA132: 2026-07-08T03:41:00Z
A133: t-0132 | B133: P3 | C133: email | D133: q-001 | E133: 1783482834 | F133: 1783491210 | G133: 1783491032 | H133: 1783492010 | J133: 0 | K133: 0 | L133: =IF(AND(E133>=Scenario!$B$11,E133<Scenario!$B$12),1,0) -> 1 | M133: =IF(AND(L133=1,ISNUMBER(F133)),MAX(0,F133-E133)/60,"") -> 139.6 | N133: =IF(AND(L133=1,ISNUMBER(G133)),MAX(0,G133-E133)/60,"") -> 136.63333 | O133: =IF(ISNUMBER(H133),IF(AND(H133>=Scenario!$B$11,H133<Scenario!$B$12),1,0),0) -> 1 | P133: =IF(O133=1,MAX(0,H133-E133)/60,"") -> 152.93333 | Q133: =INDEX(Scenario!$B$18:$B$20,MATCH(B133,Scenario!$A$18:$A$20,0)) -> 240 | R133: =INDEX(Scenario!$C$18:$C$20,MATCH(B133,Scenario!$A$18:$A$20,0)) -> 4320 | S133: =IF(ISNUMBER(M133),IF(M133<=Q133,1,0),"") -> 1 | T133: =IF(ISNUMBER(P133),IF(P133<=R133,1,0),"") -> 1 | U133: =IF(E133>Scenario!$B$14,0,IF(OR(AND(ISNUMBER(H133),H133<=Scenario!$B$14),AND(ISNUMBER(I133),I133<=Scenario!$B$14)),0,1)) -> 0 | V133: =IF(AND(U133=1,(Scenario!$B$14-E133)/60>R133),1,0) -> 0 | W133: =IF(OR(C133=Scenario!$B$22,C133=Scenario!$C$22),1,0) -> 0 | X133: =IF(ISNUMBER(I133),1,0) -> 0 | Y133: =MOD(INT(E133/86400)+3,7) -> 2 | Z133: =MOD(INT(E133/3600),24) -> 3 | AA133: 2026-07-08T03:53:54Z
A134: t-0133 | B134: P2 | C134: email | D134: q-001 | E134: 1783492118 | F134: 1783492284 | G134: 1783492177 | H134: 1783493163 | J134: 0 | K134: 0 | L134: =IF(AND(E134>=Scenario!$B$11,E134<Scenario!$B$12),1,0) -> 1 | M134: =IF(AND(L134=1,ISNUMBER(F134)),MAX(0,F134-E134)/60,"") -> 2.7666667 | N134: =IF(AND(L134=1,ISNUMBER(G134)),MAX(0,G134-E134)/60,"") -> 0.98333333 | O134: =IF(ISNUMBER(H134),IF(AND(H134>=Scenario!$B$11,H134<Scenario!$B$12),1,0),0) -> 1 | P134: =IF(O134=1,MAX(0,H134-E134)/60,"") -> 17.416667 | Q134: =INDEX(Scenario!$B$18:$B$20,MATCH(B134,Scenario!$A$18:$A$20,0)) -> 60 | R134: =INDEX(Scenario!$C$18:$C$20,MATCH(B134,Scenario!$A$18:$A$20,0)) -> 1440 | S134: =IF(ISNUMBER(M134),IF(M134<=Q134,1,0),"") -> 1 | T134: =IF(ISNUMBER(P134),IF(P134<=R134,1,0),"") -> 1 | U134: =IF(E134>Scenario!$B$14,0,IF(OR(AND(ISNUMBER(H134),H134<=Scenario!$B$14),AND(ISNUMBER(I134),I134<=Scenario!$B$14)),0,1)) -> 0 | V134: =IF(AND(U134=1,(Scenario!$B$14-E134)/60>R134),1,0) -> 0 | W134: =IF(OR(C134=Scenario!$B$22,C134=Scenario!$C$22),1,0) -> 0 | X134: =IF(ISNUMBER(I134),1,0) -> 0 | Y134: =MOD(INT(E134/86400)+3,7) -> 2 | Z134: =MOD(INT(E134/3600),24) -> 6 | AA134: 2026-07-08T06:28:38Z
A135: t-0134 | B135: P2 | C135: email | D135: q-002 | E135: 1783495157 | F135: 1783495338 | G135: 1783495209 | H135: 1783499204 | J135: 0 | K135: 0 | L135: =IF(AND(E135>=Scenario!$B$11,E135<Scenario!$B$12),1,0) -> 1 | M135: =IF(AND(L135=1,ISNUMBER(F135)),MAX(0,F135-E135)/60,"") -> 3.0166667 | N135: =IF(AND(L135=1,ISNUMBER(G135)),MAX(0,G135-E135)/60,"") -> 0.86666667 | O135: =IF(ISNUMBER(H135),IF(AND(H135>=Scenario!$B$11,H135<Scenario!$B$12),1,0),0) -> 1 | P135: =IF(O135=1,MAX(0,H135-E135)/60,"") -> 67.45 | Q135: =INDEX(Scenario!$B$18:$B$20,MATCH(B135,Scenario!$A$18:$A$20,0)) -> 60 | R135: =INDEX(Scenario!$C$18:$C$20,MATCH(B135,Scenario!$A$18:$A$20,0)) -> 1440 | S135: =IF(ISNUMBER(M135),IF(M135<=Q135,1,0),"") -> 1 | T135: =IF(ISNUMBER(P135),IF(P135<=R135,1,0),"") -> 1 | U135: =IF(E135>Scenario!$B$14,0,IF(OR(AND(ISNUMBER(H135),H135<=Scenario!$B$14),AND(ISNUMBER(I135),I135<=Scenario!$B$14)),0,1)) -> 0 | V135: =IF(AND(U135=1,(Scenario!$B$14-E135)/60>R135),1,0) -> 0 | W135: =IF(OR(C135=Scenario!$B$22,C135=Scenario!$C$22),1,0) -> 0 | X135: =IF(ISNUMBER(I135),1,0) -> 0 | Y135: =MOD(INT(E135/86400)+3,7) -> 2 | Z135: =MOD(INT(E135/3600),24) -> 7 | AA135: 2026-07-08T07:19:17Z
A136: t-0135 | B136: P2 | C136: chat | D136: q-002 | E136: 1783495893 | F136: 1783496077 | G136: 1783495908 | H136: 1783499639 | J136: 0 | K136: 1 | L136: =IF(AND(E136>=Scenario!$B$11,E136<Scenario!$B$12),1,0) -> 1 | M136: =IF(AND(L136=1,ISNUMBER(F136)),MAX(0,F136-E136)/60,"") -> 3.0666667 | N136: =IF(AND(L136=1,ISNUMBER(G136)),MAX(0,G136-E136)/60,"") -> 0.25 | O136: =IF(ISNUMBER(H136),IF(AND(H136>=Scenario!$B$11,H136<Scenario!$B$12),1,0),0) -> 1 | P136: =IF(O136=1,MAX(0,H136-E136)/60,"") -> 62.433333 | Q136: =INDEX(Scenario!$B$18:$B$20,MATCH(B136,Scenario!$A$18:$A$20,0)) -> 60 | R136: =INDEX(Scenario!$C$18:$C$20,MATCH(B136,Scenario!$A$18:$A$20,0)) -> 1440 | S136: =IF(ISNUMBER(M136),IF(M136<=Q136,1,0),"") -> 1 | T136: =IF(ISNUMBER(P136),IF(P136<=R136,1,0),"") -> 1 | U136: =IF(E136>Scenario!$B$14,0,IF(OR(AND(ISNUMBER(H136),H136<=Scenario!$B$14),AND(ISNUMBER(I136),I136<=Scenario!$B$14)),0,1)) -> 0 | V136: =IF(AND(U136=1,(Scenario!$B$14-E136)/60>R136),1,0) -> 0 | W136: =IF(OR(C136=Scenario!$B$22,C136=Scenario!$C$22),1,0) -> 1 | X136: =IF(ISNUMBER(I136),1,0) -> 0 | Y136: =MOD(INT(E136/86400)+3,7) -> 2 | Z136: =MOD(INT(E136/3600),24) -> 7 | AA136: 2026-07-08T07:31:33Z
A137: t-0136 | B137: P2 | C137: email | D137: q-002 | E137: 1783497129 | F137: 1783497236 | G137: 1783497139 | H137: 1783506039 | J137: 0 | K137: 0 | L137: =IF(AND(E137>=Scenario!$B$11,E137<Scenario!$B$12),1,0) -> 1 | M137: =IF(AND(L137=1,ISNUMBER(F137)),MAX(0,F137-E137)/60,"") -> 1.7833333 | N137: =IF(AND(L137=1,ISNUMBER(G137)),MAX(0,G137-E137)/60,"") -> 0.16666667 | O137: =IF(ISNUMBER(H137),IF(AND(H137>=Scenario!$B$11,H137<Scenario!$B$12),1,0),0) -> 1 | P137: =IF(O137=1,MAX(0,H137-E137)/60,"") -> 148.5 | Q137: =INDEX(Scenario!$B$18:$B$20,MATCH(B137,Scenario!$A$18:$A$20,0)) -> 60 | R137: =INDEX(Scenario!$C$18:$C$20,MATCH(B137,Scenario!$A$18:$A$20,0)) -> 1440 | S137: =IF(ISNUMBER(M137),IF(M137<=Q137,1,0),"") -> 1 | T137: =IF(ISNUMBER(P137),IF(P137<=R137,1,0),"") -> 1 | U137: =IF(E137>Scenario!$B$14,0,IF(OR(AND(ISNUMBER(H137),H137<=Scenario!$B$14),AND(ISNUMBER(I137),I137<=Scenario!$B$14)),0,1)) -> 0 | V137: =IF(AND(U137=1,(Scenario!$B$14-E137)/60>R137),1,0) -> 0 | W137: =IF(OR(C137=Scenario!$B$22,C137=Scenario!$C$22),1,0) -> 0 | X137: =IF(ISNUMBER(I137),1,0) -> 0 | Y137: =MOD(INT(E137/86400)+3,7) -> 2 | Z137: =MOD(INT(E137/3600),24) -> 7 | AA137: 2026-07-08T07:52:09Z
A138: t-0137 | B138: P2 | C138: chat | D138: q-001 | E138: 1783498110 | F138: 1783498279 | G138: 1783498165 | H138: 1783500852 | J138: 0 | K138: 0 | L138: =IF(AND(E138>=Scenario!$B$11,E138<Scenario!$B$12),1,0) -> 1 | M138: =IF(AND(L138=1,ISNUMBER(F138)),MAX(0,F138-E138)/60,"") -> 2.8166667 | N138: =IF(AND(L138=1,ISNUMBER(G138)),MAX(0,G138-E138)/60,"") -> 0.91666667 | O138: =IF(ISNUMBER(H138),IF(AND(H138>=Scenario!$B$11,H138<Scenario!$B$12),1,0),0) -> 1 | P138: =IF(O138=1,MAX(0,H138-E138)/60,"") -> 45.7 | Q138: =INDEX(Scenario!$B$18:$B$20,MATCH(B138,Scenario!$A$18:$A$20,0)) -> 60 | R138: =INDEX(Scenario!$C$18:$C$20,MATCH(B138,Scenario!$A$18:$A$20,0)) -> 1440 | S138: =IF(ISNUMBER(M138),IF(M138<=Q138,1,0),"") -> 1 | T138: =IF(ISNUMBER(P138),IF(P138<=R138,1,0),"") -> 1 | U138: =IF(E138>Scenario!$B$14,0,IF(OR(AND(ISNUMBER(H138),H138<=Scenario!$B$14),AND(ISNUMBER(I138),I138<=Scenario!$B$14)),0,1)) -> 0 | V138: =IF(AND(U138=1,(Scenario!$B$14-E138)/60>R138),1,0) -> 0 | W138: =IF(OR(C138=Scenario!$B$22,C138=Scenario!$C$22),1,0) -> 1 | X138: =IF(ISNUMBER(I138),1,0) -> 0 | Y138: =MOD(INT(E138/86400)+3,7) -> 2 | Z138: =MOD(INT(E138/3600),24) -> 8 | AA138: 2026-07-08T08:08:30Z
A139: t-0138 | B139: P2 | C139: web_form | D139: q-001 | E139: 1783498987 | F139: 1783501065 | G139: 1783500912 | H139: 1783502514 | J139: 0 | K139: 0 | L139: =IF(AND(E139>=Scenario!$B$11,E139<Scenario!$B$12),1,0) -> 1 | M139: =IF(AND(L139=1,ISNUMBER(F139)),MAX(0,F139-E139)/60,"") -> 34.633333 | N139: =IF(AND(L139=1,ISNUMBER(G139)),MAX(0,G139-E139)/60,"") -> 32.083333 | O139: =IF(ISNUMBER(H139),IF(AND(H139>=Scenario!$B$11,H139<Scenario!$B$12),1,0),0) -> 1 | P139: =IF(O139=1,MAX(0,H139-E139)/60,"") -> 58.783333 | Q139: =INDEX(Scenario!$B$18:$B$20,MATCH(B139,Scenario!$A$18:$A$20,0)) -> 60 | R139: =INDEX(Scenario!$C$18:$C$20,MATCH(B139,Scenario!$A$18:$A$20,0)) -> 1440 | S139: =IF(ISNUMBER(M139),IF(M139<=Q139,1,0),"") -> 1 | T139: =IF(ISNUMBER(P139),IF(P139<=R139,1,0),"") -> 1 | U139: =IF(E139>Scenario!$B$14,0,IF(OR(AND(ISNUMBER(H139),H139<=Scenario!$B$14),AND(ISNUMBER(I139),I139<=Scenario!$B$14)),0,1)) -> 0 | V139: =IF(AND(U139=1,(Scenario!$B$14-E139)/60>R139),1,0) -> 0 | W139: =IF(OR(C139=Scenario!$B$22,C139=Scenario!$C$22),1,0) -> 0 | X139: =IF(ISNUMBER(I139),1,0) -> 0 | Y139: =MOD(INT(E139/86400)+3,7) -> 2 | Z139: =MOD(INT(E139/3600),24) -> 8 | AA139: 2026-07-08T08:23:07Z
A140: t-0139 | B140: P3 | C140: chat | D140: q-001 | E140: 1783499577 | I140: 1783500396 | J140: 0 | K140: 0 | L140: =IF(AND(E140>=Scenario!$B$11,E140<Scenario!$B$12),1,0) -> 1 | M140: =IF(AND(L140=1,ISNUMBER(F140)),MAX(0,F140-E140)/60,"") | N140: =IF(AND(L140=1,ISNUMBER(G140)),MAX(0,G140-E140)/60,"") | O140: =IF(ISNUMBER(H140),IF(AND(H140>=Scenario!$B$11,H140<Scenario!$B$12),1,0),0) -> 0 | P140: =IF(O140=1,MAX(0,H140-E140)/60,"") | Q140: =INDEX(Scenario!$B$18:$B$20,MATCH(B140,Scenario!$A$18:$A$20,0)) -> 240 | R140: =INDEX(Scenario!$C$18:$C$20,MATCH(B140,Scenario!$A$18:$A$20,0)) -> 4320 | S140: =IF(ISNUMBER(M140),IF(M140<=Q140,1,0),"") | T140: =IF(ISNUMBER(P140),IF(P140<=R140,1,0),"") | U140: =IF(E140>Scenario!$B$14,0,IF(OR(AND(ISNUMBER(H140),H140<=Scenario!$B$14),AND(ISNUMBER(I140),I140<=Scenario!$B$14)),0,1)) -> 0 | V140: =IF(AND(U140=1,(Scenario!$B$14-E140)/60>R140),1,0) -> 0 | W140: =IF(OR(C140=Scenario!$B$22,C140=Scenario!$C$22),1,0) -> 1 | X140: =IF(ISNUMBER(I140),1,0) -> 1 | Y140: =MOD(INT(E140/86400)+3,7) -> 2 | Z140: =MOD(INT(E140/3600),24) -> 8 | AA140: 2026-07-08T08:32:57Z
A141: t-0140 | B141: P2 | C141: chat | D141: q-003 | E141: 1783501085 | F141: 1783501351 | G141: 1783501230 | H141: 1783503629 | J141: 0 | K141: 1 | L141: =IF(AND(E141>=Scenario!$B$11,E141<Scenario!$B$12),1,0) -> 1 | M141: =IF(AND(L141=1,ISNUMBER(F141)),MAX(0,F141-E141)/60,"") -> 4.4333333 | N141: =IF(AND(L141=1,ISNUMBER(G141)),MAX(0,G141-E141)/60,"") -> 2.4166667 | O141: =IF(ISNUMBER(H141),IF(AND(H141>=Scenario!$B$11,H141<Scenario!$B$12),1,0),0) -> 1 | P141: =IF(O141=1,MAX(0,H141-E141)/60,"") -> 42.4 | Q141: =INDEX(Scenario!$B$18:$B$20,MATCH(B141,Scenario!$A$18:$A$20,0)) -> 60 | R141: =INDEX(Scenario!$C$18:$C$20,MATCH(B141,Scenario!$A$18:$A$20,0)) -> 1440 | S141: =IF(ISNUMBER(M141),IF(M141<=Q141,1,0),"") -> 1 | T141: =IF(ISNUMBER(P141),IF(P141<=R141,1,0),"") -> 1 | U141: =IF(E141>Scenario!$B$14,0,IF(OR(AND(ISNUMBER(H141),H141<=Scenario!$B$14),AND(ISNUMBER(I141),I141<=Scenario!$B$14)),0,1)) -> 0 | V141: =IF(AND(U141=1,(Scenario!$B$14-E141)/60>R141),1,0) -> 0 | W141: =IF(OR(C141=Scenario!$B$22,C141=Scenario!$C$22),1,0) -> 1 | X141: =IF(ISNUMBER(I141),1,0) -> 0 | Y141: =MOD(INT(E141/86400)+3,7) -> 2 | Z141: =MOD(INT(E141/3600),24) -> 8 | AA141: 2026-07-08T08:58:05Z
A142: t-0141 | B142: P3 | C142: phone | D142: q-002 | E142: 1783501285 | F142: 1783501480 | G142: 1783501339 | H142: 1783504367 | J142: 0 | K142: 0 | L142: =IF(AND(E142>=Scenario!$B$11,E142<Scenario!$B$12),1,0) -> 1 | M142: =IF(AND(L142=1,ISNUMBER(F142)),MAX(0,F142-E142)/60,"") -> 3.25 | N142: =IF(AND(L142=1,ISNUMBER(G142)),MAX(0,G142-E142)/60,"") -> 0.9 | O142: =IF(ISNUMBER(H142),IF(AND(H142>=Scenario!$B$11,H142<Scenario!$B$12),1,0),0) -> 1 | P142: =IF(O142=1,MAX(0,H142-E142)/60,"") -> 51.366667 | Q142: =INDEX(Scenario!$B$18:$B$20,MATCH(B142,Scenario!$A$18:$A$20,0)) -> 240 | R142: =INDEX(Scenario!$C$18:$C$20,MATCH(B142,Scenario!$A$18:$A$20,0)) -> 4320 | S142: =IF(ISNUMBER(M142),IF(M142<=Q142,1,0),"") -> 1 | T142: =IF(ISNUMBER(P142),IF(P142<=R142,1,0),"") -> 1 | U142: =IF(E142>Scenario!$B$14,0,IF(OR(AND(ISNUMBER(H142),H142<=Scenario!$B$14),AND(ISNUMBER(I142),I142<=Scenario!$B$14)),0,1)) -> 0 | V142: =IF(AND(U142=1,(Scenario!$B$14-E142)/60>R142),1,0) -> 0 | W142: =IF(OR(C142=Scenario!$B$22,C142=Scenario!$C$22),1,0) -> 1 | X142: =IF(ISNUMBER(I142),1,0) -> 0 | Y142: =MOD(INT(E142/86400)+3,7) -> 2 | Z142: =MOD(INT(E142/3600),24) -> 9 | AA142: 2026-07-08T09:01:25Z
A143: t-0142 | B143: P3 | C143: email | D143: q-002 | E143: 1783503207 | F143: 1783503424 | G143: 1783503236 | H143: 1783505036 | J143: 0 | K143: 0 | L143: =IF(AND(E143>=Scenario!$B$11,E143<Scenario!$B$12),1,0) -> 1 | M143: =IF(AND(L143=1,ISNUMBER(F143)),MAX(0,F143-E143)/60,"") -> 3.6166667 | N143: =IF(AND(L143=1,ISNUMBER(G143)),MAX(0,G143-E143)/60,"") -> 0.48333333 | O143: =IF(ISNUMBER(H143),IF(AND(H143>=Scenario!$B$11,H143<Scenario!$B$12),1,0),0) -> 1 | P143: =IF(O143=1,MAX(0,H143-E143)/60,"") -> 30.483333 | Q143: =INDEX(Scenario!$B$18:$B$20,MATCH(B143,Scenario!$A$18:$A$20,0)) -> 240 | R143: =INDEX(Scenario!$C$18:$C$20,MATCH(B143,Scenario!$A$18:$A$20,0)) -> 4320 | S143: =IF(ISNUMBER(M143),IF(M143<=Q143,1,0),"") -> 1 | T143: =IF(ISNUMBER(P143),IF(P143<=R143,1,0),"") -> 1 | U143: =IF(E143>Scenario!$B$14,0,IF(OR(AND(ISNUMBER(H143),H143<=Scenario!$B$14),AND(ISNUMBER(I143),I143<=Scenario!$B$14)),0,1)) -> 0 | V143: =IF(AND(U143=1,(Scenario!$B$14-E143)/60>R143),1,0) -> 0 | W143: =IF(OR(C143=Scenario!$B$22,C143=Scenario!$C$22),1,0) -> 0 | X143: =IF(ISNUMBER(I143),1,0) -> 0 | Y143: =MOD(INT(E143/86400)+3,7) -> 2 | Z143: =MOD(INT(E143/3600),24) -> 9 | AA143: 2026-07-08T09:33:27Z
A144: t-0143 | B144: P2 | C144: chat | D144: q-002 | E144: 1783504092 | F144: 1783504262 | G144: 1783504143 | H144: 1783506968 | J144: 0 | K144: 0 | L144: =IF(AND(E144>=Scenario!$B$11,E144<Scenario!$B$12),1,0) -> 1 | M144: =IF(AND(L144=1,ISNUMBER(F144)),MAX(0,F144-E144)/60,"") -> 2.8333333 | N144: =IF(AND(L144=1,ISNUMBER(G144)),MAX(0,G144-E144)/60,"") -> 0.85 | O144: =IF(ISNUMBER(H144),IF(AND(H144>=Scenario!$B$11,H144<Scenario!$B$12),1,0),0) -> 1 | P144: =IF(O144=1,MAX(0,H144-E144)/60,"") -> 47.933333 | Q144: =INDEX(Scenario!$B$18:$B$20,MATCH(B144,Scenario!$A$18:$A$20,0)) -> 60 | R144: =INDEX(Scenario!$C$18:$C$20,MATCH(B144,Scenario!$A$18:$A$20,0)) -> 1440 | S144: =IF(ISNUMBER(M144),IF(M144<=Q144,1,0),"") -> 1 | T144: =IF(ISNUMBER(P144),IF(P144<=R144,1,0),"") -> 1 | U144: =IF(E144>Scenario!$B$14,0,IF(OR(AND(ISNUMBER(H144),H144<=Scenario!$B$14),AND(ISNUMBER(I144),I144<=Scenario!$B$14)),0,1)) -> 0 | V144: =IF(AND(U144=1,(Scenario!$B$14-E144)/60>R144),1,0) -> 0 | W144: =IF(OR(C144=Scenario!$B$22,C144=Scenario!$C$22),1,0) -> 1 | X144: =IF(ISNUMBER(I144),1,0) -> 0 | Y144: =MOD(INT(E144/86400)+3,7) -> 2 | Z144: =MOD(INT(E144/3600),24) -> 9 | AA144: 2026-07-08T09:48:12Z
A145: t-0144 | B145: P3 | C145: chat | D145: q-002 | E145: 1783504733 | F145: 1783504903 | G145: 1783504768 | H145: 1783508309 | J145: 0 | K145: 0 | L145: =IF(AND(E145>=Scenario!$B$11,E145<Scenario!$B$12),1,0) -> 1 | M145: =IF(AND(L145=1,ISNUMBER(F145)),MAX(0,F145-E145)/60,"") -> 2.8333333 | N145: =IF(AND(L145=1,ISNUMBER(G145)),MAX(0,G145-E145)/60,"") -> 0.58333333 | O145: =IF(ISNUMBER(H145),IF(AND(H145>=Scenario!$B$11,H145<Scenario!$B$12),1,0),0) -> 1 | P145: =IF(O145=1,MAX(0,H145-E145)/60,"") -> 59.6 | Q145: =INDEX(Scenario!$B$18:$B$20,MATCH(B145,Scenario!$A$18:$A$20,0)) -> 240 | R145: =INDEX(Scenario!$C$18:$C$20,MATCH(B145,Scenario!$A$18:$A$20,0)) -> 4320 | S145: =IF(ISNUMBER(M145),IF(M145<=Q145,1,0),"") -> 1 | T145: =IF(ISNUMBER(P145),IF(P145<=R145,1,0),"") -> 1 | U145: =IF(E145>Scenario!$B$14,0,IF(OR(AND(ISNUMBER(H145),H145<=Scenario!$B$14),AND(ISNUMBER(I145),I145<=Scenario!$B$14)),0,1)) -> 0 | V145: =IF(AND(U145=1,(Scenario!$B$14-E145)/60>R145),1,0) -> 0 | W145: =IF(OR(C145=Scenario!$B$22,C145=Scenario!$C$22),1,0) -> 1 | X145: =IF(ISNUMBER(I145),1,0) -> 0 | Y145: =MOD(INT(E145/86400)+3,7) -> 2 | Z145: =MOD(INT(E145/3600),24) -> 9 | AA145: 2026-07-08T09:58:53Z
A146: t-0145 | B146: P3 | C146: chat | D146: q-001 | E146: 1783504838 | F146: 1783504973 | G146: 1783504873 | H146: 1783506439 | J146: 0 | K146: 0 | L146: =IF(AND(E146>=Scenario!$B$11,E146<Scenario!$B$12),1,0) -> 1 | M146: =IF(AND(L146=1,ISNUMBER(F146)),MAX(0,F146-E146)/60,"") -> 2.25 | N146: =IF(AND(L146=1,ISNUMBER(G146)),MAX(0,G146-E146)/60,"") -> 0.58333333 | O146: =IF(ISNUMBER(H146),IF(AND(H146>=Scenario!$B$11,H146<Scenario!$B$12),1,0),0) -> 1 | P146: =IF(O146=1,MAX(0,H146-E146)/60,"") -> 26.683333 | Q146: =INDEX(Scenario!$B$18:$B$20,MATCH(B146,Scenario!$A$18:$A$20,0)) -> 240 | R146: =INDEX(Scenario!$C$18:$C$20,MATCH(B146,Scenario!$A$18:$A$20,0)) -> 4320 | S146: =IF(ISNUMBER(M146),IF(M146<=Q146,1,0),"") -> 1 | T146: =IF(ISNUMBER(P146),IF(P146<=R146,1,0),"") -> 1 | U146: =IF(E146>Scenario!$B$14,0,IF(OR(AND(ISNUMBER(H146),H146<=Scenario!$B$14),AND(ISNUMBER(I146),I146<=Scenario!$B$14)),0,1)) -> 0 | V146: =IF(AND(U146=1,(Scenario!$B$14-E146)/60>R146),1,0) -> 0 | W146: =IF(OR(C146=Scenario!$B$22,C146=Scenario!$C$22),1,0) -> 1 | X146: =IF(ISNUMBER(I146),1,0) -> 0 | Y146: =MOD(INT(E146/86400)+3,7) -> 2 | Z146: =MOD(INT(E146/3600),24) -> 10 | AA146: 2026-07-08T10:00:38Z
A147: t-0146 | B147: P3 | C147: email | D147: q-001 | E147: 1783506191 | F147: 1783506416 | G147: 1783506214 | H147: 1783507869 | J147: 0 | K147: 0 | L147: =IF(AND(E147>=Scenario!$B$11,E147<Scenario!$B$12),1,0) -> 1 | M147: =IF(AND(L147=1,ISNUMBER(F147)),MAX(0,F147-E147)/60,"") -> 3.75 | N147: =IF(AND(L147=1,ISNUMBER(G147)),MAX(0,G147-E147)/60,"") -> 0.38333333 | O147: =IF(ISNUMBER(H147),IF(AND(H147>=Scenario!$B$11,H147<Scenario!$B$12),1,0),0) -> 1 | P147: =IF(O147=1,MAX(0,H147-E147)/60,"") -> 27.966667 | Q147: =INDEX(Scenario!$B$18:$B$20,MATCH(B147,Scenario!$A$18:$A$20,0)) -> 240 | R147: =INDEX(Scenario!$C$18:$C$20,MATCH(B147,Scenario!$A$18:$A$20,0)) -> 4320 | S147: =IF(ISNUMBER(M147),IF(M147<=Q147,1,0),"") -> 1 | T147: =IF(ISNUMBER(P147),IF(P147<=R147,1,0),"") -> 1 | U147: =IF(E147>Scenario!$B$14,0,IF(OR(AND(ISNUMBER(H147),H147<=Scenario!$B$14),AND(ISNUMBER(I147),I147<=Scenario!$B$14)),0,1)) -> 0 | V147: =IF(AND(U147=1,(Scenario!$B$14-E147)/60>R147),1,0) -> 0 | W147: =IF(OR(C147=Scenario!$B$22,C147=Scenario!$C$22),1,0) -> 0 | X147: =IF(ISNUMBER(I147),1,0) -> 0 | Y147: =MOD(INT(E147/86400)+3,7) -> 2 | Z147: =MOD(INT(E147/3600),24) -> 10 | AA147: 2026-07-08T10:23:11Z
A148: t-0147 | B148: P3 | C148: email | D148: q-003 | E148: 1783507827 | F148: 1783507978 | G148: 1783507869 | H148: 1783511865 | J148: 0 | K148: 0 | L148: =IF(AND(E148>=Scenario!$B$11,E148<Scenario!$B$12),1,0) -> 1 | M148: =IF(AND(L148=1,ISNUMBER(F148)),MAX(0,F148-E148)/60,"") -> 2.5166667 | N148: =IF(AND(L148=1,ISNUMBER(G148)),MAX(0,G148-E148)/60,"") -> 0.7 | O148: =IF(ISNUMBER(H148),IF(AND(H148>=Scenario!$B$11,H148<Scenario!$B$12),1,0),0) -> 1 | P148: =IF(O148=1,MAX(0,H148-E148)/60,"") -> 67.3 | Q148: =INDEX(Scenario!$B$18:$B$20,MATCH(B148,Scenario!$A$18:$A$20,0)) -> 240 | R148: =INDEX(Scenario!$C$18:$C$20,MATCH(B148,Scenario!$A$18:$A$20,0)) -> 4320 | S148: =IF(ISNUMBER(M148),IF(M148<=Q148,1,0),"") -> 1 | T148: =IF(ISNUMBER(P148),IF(P148<=R148,1,0),"") -> 1 | U148: =IF(E148>Scenario!$B$14,0,IF(OR(AND(ISNUMBER(H148),H148<=Scenario!$B$14),AND(ISNUMBER(I148),I148<=Scenario!$B$14)),0,1)) -> 0 | V148: =IF(AND(U148=1,(Scenario!$B$14-E148)/60>R148),1,0) -> 0 | W148: =IF(OR(C148=Scenario!$B$22,C148=Scenario!$C$22),1,0) -> 0 | X148: =IF(ISNUMBER(I148),1,0) -> 0 | Y148: =MOD(INT(E148/86400)+3,7) -> 2 | Z148: =MOD(INT(E148/3600),24) -> 10 | AA148: 2026-07-08T10:50:27Z
A149: t-0148 | B149: P3 | C149: chat | D149: q-001 | E149: 1783508280 | F149: 1783508452 | G149: 1783508330 | H149: 1783510575 | J149: 0 | K149: 0 | L149: =IF(AND(E149>=Scenario!$B$11,E149<Scenario!$B$12),1,0) -> 1 | M149: =IF(AND(L149=1,ISNUMBER(F149)),MAX(0,F149-E149)/60,"") -> 2.8666667 | N149: =IF(AND(L149=1,ISNUMBER(G149)),MAX(0,G149-E149)/60,"") -> 0.83333333 | O149: =IF(ISNUMBER(H149),IF(AND(H149>=Scenario!$B$11,H149<Scenario!$B$12),1,0),0) -> 1 | P149: =IF(O149=1,MAX(0,H149-E149)/60,"") -> 38.25 | Q149: =INDEX(Scenario!$B$18:$B$20,MATCH(B149,Scenario!$A$18:$A$20,0)) -> 240 | R149: =INDEX(Scenario!$C$18:$C$20,MATCH(B149,Scenario!$A$18:$A$20,0)) -> 4320 | S149: =IF(ISNUMBER(M149),IF(M149<=Q149,1,0),"") -> 1 | T149: =IF(ISNUMBER(P149),IF(P149<=R149,1,0),"") -> 1 | U149: =IF(E149>Scenario!$B$14,0,IF(OR(AND(ISNUMBER(H149),H149<=Scenario!$B$14),AND(ISNUMBER(I149),I149<=Scenario!$B$14)),0,1)) -> 0 | V149: =IF(AND(U149=1,(Scenario!$B$14-E149)/60>R149),1,0) -> 0 | W149: =IF(OR(C149=Scenario!$B$22,C149=Scenario!$C$22),1,0) -> 1 | X149: =IF(ISNUMBER(I149),1,0) -> 0 | Y149: =MOD(INT(E149/86400)+3,7) -> 2 | Z149: =MOD(INT(E149/3600),24) -> 10 | AA149: 2026-07-08T10:58:00Z
A150: t-0149 | B150: P3 | C150: phone | D150: q-001 | E150: 1783508637 | F150: 1783508759 | G150: 1783508691 | H150: 1783509349 | J150: 0 | K150: 0 | L150: =IF(AND(E150>=Scenario!$B$11,E150<Scenario!$B$12),1,0) -> 1 | M150: =IF(AND(L150=1,ISNUMBER(F150)),MAX(0,F150-E150)/60,"") -> 2.0333333 | N150: =IF(AND(L150=1,ISNUMBER(G150)),MAX(0,G150-E150)/60,"") -> 0.9 | O150: =IF(ISNUMBER(H150),IF(AND(H150>=Scenario!$B$11,H150<Scenario!$B$12),1,0),0) -> 1 | P150: =IF(O150=1,MAX(0,H150-E150)/60,"") -> 11.866667 | Q150: =INDEX(Scenario!$B$18:$B$20,MATCH(B150,Scenario!$A$18:$A$20,0)) -> 240 | R150: =INDEX(Scenario!$C$18:$C$20,MATCH(B150,Scenario!$A$18:$A$20,0)) -> 4320 | S150: =IF(ISNUMBER(M150),IF(M150<=Q150,1,0),"") -> 1 | T150: =IF(ISNUMBER(P150),IF(P150<=R150,1,0),"") -> 1 | U150: =IF(E150>Scenario!$B$14,0,IF(OR(AND(ISNUMBER(H150),H150<=Scenario!$B$14),AND(ISNUMBER(I150),I150<=Scenario!$B$14)),0,1)) -> 0 | V150: =IF(AND(U150=1,(Scenario!$B$14-E150)/60>R150),1,0) -> 0 | W150: =IF(OR(C150=Scenario!$B$22,C150=Scenario!$C$22),1,0) -> 1 | X150: =IF(ISNUMBER(I150),1,0) -> 0 | Y150: =MOD(INT(E150/86400)+3,7) -> 2 | Z150: =MOD(INT(E150/3600),24) -> 11 | AA150: 2026-07-08T11:03:57Z
A151: t-0150 | B151: P3 | C151: email | D151: q-002 | E151: 1783508643 | F151: 1783508851 | G151: 1783508668 | H151: 1783516587 | J151: 0 | K151: 0 | L151: =IF(AND(E151>=Scenario!$B$11,E151<Scenario!$B$12),1,0) -> 1 | M151: =IF(AND(L151=1,ISNUMBER(F151)),MAX(0,F151-E151)/60,"") -> 3.4666667 | N151: =IF(AND(L151=1,ISNUMBER(G151)),MAX(0,G151-E151)/60,"") -> 0.41666667 | O151: =IF(ISNUMBER(H151),IF(AND(H151>=Scenario!$B$11,H151<Scenario!$B$12),1,0),0) -> 1 | P151: =IF(O151=1,MAX(0,H151-E151)/60,"") -> 132.4 | Q151: =INDEX(Scenario!$B$18:$B$20,MATCH(B151,Scenario!$A$18:$A$20,0)) -> 240 | R151: =INDEX(Scenario!$C$18:$C$20,MATCH(B151,Scenario!$A$18:$A$20,0)) -> 4320 | S151: =IF(ISNUMBER(M151),IF(M151<=Q151,1,0),"") -> 1 | T151: =IF(ISNUMBER(P151),IF(P151<=R151,1,0),"") -> 1 | U151: =IF(E151>Scenario!$B$14,0,IF(OR(AND(ISNUMBER(H151),H151<=Scenario!$B$14),AND(ISNUMBER(I151),I151<=Scenario!$B$14)),0,1)) -> 0 | V151: =IF(AND(U151=1,(Scenario!$B$14-E151)/60>R151),1,0) -> 0 | W151: =IF(OR(C151=Scenario!$B$22,C151=Scenario!$C$22),1,0) -> 0 | X151: =IF(ISNUMBER(I151),1,0) -> 0 | Y151: =MOD(INT(E151/86400)+3,7) -> 2 | Z151: =MOD(INT(E151/3600),24) -> 11 | AA151: 2026-07-08T11:04:03Z
A152: t-0151 | B152: P3 | C152: phone | D152: q-002 | E152: 1783509036 | F152: 1783509182 | G152: 1783509086 | H152: 1783512774 | J152: 0 | K152: 0 | L152: =IF(AND(E152>=Scenario!$B$11,E152<Scenario!$B$12),1,0) -> 1 | M152: =IF(AND(L152=1,ISNUMBER(F152)),MAX(0,F152-E152)/60,"") -> 2.4333333 | N152: =IF(AND(L152=1,ISNUMBER(G152)),MAX(0,G152-E152)/60,"") -> 0.83333333 | O152: =IF(ISNUMBER(H152),IF(AND(H152>=Scenario!$B$11,H152<Scenario!$B$12),1,0),0) -> 1 | P152: =IF(O152=1,MAX(0,H152-E152)/60,"") -> 62.3 | Q152: =INDEX(Scenario!$B$18:$B$20,MATCH(B152,Scenario!$A$18:$A$20,0)) -> 240 | R152: =INDEX(Scenario!$C$18:$C$20,MATCH(B152,Scenario!$A$18:$A$20,0)) -> 4320 | S152: =IF(ISNUMBER(M152),IF(M152<=Q152,1,0),"") -> 1 | T152: =IF(ISNUMBER(P152),IF(P152<=R152,1,0),"") -> 1 | U152: =IF(E152>Scenario!$B$14,0,IF(OR(AND(ISNUMBER(H152),H152<=Scenario!$B$14),AND(ISNUMBER(I152),I152<=Scenario!$B$14)),0,1)) -> 0 | V152: =IF(AND(U152=1,(Scenario!$B$14-E152)/60>R152),1,0) -> 0 | W152: =IF(OR(C152=Scenario!$B$22,C152=Scenario!$C$22),1,0) -> 1 | X152: =IF(ISNUMBER(I152),1,0) -> 0 | Y152: =MOD(INT(E152/86400)+3,7) -> 2 | Z152: =MOD(INT(E152/3600),24) -> 11 | AA152: 2026-07-08T11:10:36Z
... A179: t-0178 | B179: P1 | C179: web_form | D179: q-001 | E179: 1783536824 | F179: 1783536985 | G179: 1783536849 | H179: 1783538799 | J179: 0 | K179: 0 | L179: =IF(AND(E179>=Scenario!$B$11,E179<Scenario!$B$12),1,0) -> 1 | M179: =IF(AND(L179=1,ISNUMBER(F179)),MAX(0,F179-E179)/60,"") -> 2.6833333 | N179: =IF(AND(L179=1,ISNUMBER(G179)),MAX(0,G179-E179)/60,"") -> 0.41666667 | O179: =IF(ISNUMBER(H179),IF(AND(H179>=Scenario!$B$11,H179<Scenario!$B$12),1,0),0) -> 1 | P179: =IF(O179=1,MAX(0,H179-E179)/60,"") -> 32.916667 | Q179: =INDEX(Scenario!$B$18:$B$20,MATCH(B179,Scenario!$A$18:$A$20,0)) -> 15 | R179: =INDEX(Scenario!$C$18:$C$20,MATCH(B179,Scenario!$A$18:$A$20,0)) -> 240 | S179: =IF(ISNUMBER(M179),IF(M179<=Q179,1,0),"") -> 1 | T179: =IF(ISNUMBER(P179),IF(P179<=R179,1,0),"") -> 1 | U179: =IF(E179>Scenario!$B$14,0,IF(OR(AND(ISNUMBER(H179),H179<=Scenario!$B$14),AND(ISNUMBER(I179),I179<=Scenario!$B$14)),0,1)) -> 0 | V179: =IF(AND(U179=1,(Scenario!$B$14-E179)/60>R179),1,0) -> 0 | W179: =IF(OR(C179=Scenario!$B$22,C179=Scenario!$C$22),1,0) -> 0 | X179: =IF(ISNUMBER(I179),1,0) -> 0 | Y179: =MOD(INT(E179/86400)+3,7) -> 2 | Z179: =MOD(INT(E179/3600),24) -> 18 | AA179: 2026-07-08T18:53:44Z
A180: t-0179 | B180: P3 | C180: chat | D180: q-002 | E180: 1783538071 | I180: 1783539158 | J180: 0 | K180: 0 | L180: =IF(AND(E180>=Scenario!$B$11,E180<Scenario!$B$12),1,0) -> 1 | M180: =IF(AND(L180=1,ISNUMBER(F180)),MAX(0,F180-E180)/60,"") | N180: =IF(AND(L180=1,ISNUMBER(G180)),MAX(0,G180-E180)/60,"") | O180: =IF(ISNUMBER(H180),IF(AND(H180>=Scenario!$B$11,H180<Scenario!$B$12),1,0),0) -> 0 | P180: =IF(O180=1,MAX(0,H180-E180)/60,"") | Q180: =INDEX(Scenario!$B$18:$B$20,MATCH(B180,Scenario!$A$18:$A$20,0)) -> 240 | R180: =INDEX(Scenario!$C$18:$C$20,MATCH(B180,Scenario!$A$18:$A$20,0)) -> 4320 | S180: =IF(ISNUMBER(M180),IF(M180<=Q180,1,0),"") | T180: =IF(ISNUMBER(P180),IF(P180<=R180,1,0),"") | U180: =IF(E180>Scenario!$B$14,0,IF(OR(AND(ISNUMBER(H180),H180<=Scenario!$B$14),AND(ISNUMBER(I180),I180<=Scenario!$B$14)),0,1)) -> 0 | V180: =IF(AND(U180=1,(Scenario!$B$14-E180)/60>R180),1,0) -> 0 | W180: =IF(OR(C180=Scenario!$B$22,C180=Scenario!$C$22),1,0) -> 1 | X180: =IF(ISNUMBER(I180),1,0) -> 1 | Y180: =MOD(INT(E180/86400)+3,7) -> 2 | Z180: =MOD(INT(E180/3600),24) -> 19 | AA180: 2026-07-08T19:14:31Z
A181: t-0180 | B181: P3 | C181: chat | D181: q-001 | E181: 1783539059 | F181: 1783540042 | G181: 1783539947 | H181: 1783541398 | J181: 0 | K181: 0 | L181: =IF(AND(E181>=Scenario!$B$11,E181<Scenario!$B$12),1,0) -> 1 | M181: =IF(AND(L181=1,ISNUMBER(F181)),MAX(0,F181-E181)/60,"") -> 16.383333 | N181: =IF(AND(L181=1,ISNUMBER(G181)),MAX(0,G181-E181)/60,"") -> 14.8 | O181: =IF(ISNUMBER(H181),IF(AND(H181>=Scenario!$B$11,H181<Scenario!$B$12),1,0),0) -> 1 | P181: =IF(O181=1,MAX(0,H181-E181)/60,"") -> 38.983333 | Q181: =INDEX(Scenario!$B$18:$B$20,MATCH(B181,Scenario!$A$18:$A$20,0)) -> 240 | R181: =INDEX(Scenario!$C$18:$C$20,MATCH(B181,Scenario!$A$18:$A$20,0)) -> 4320 | S181: =IF(ISNUMBER(M181),IF(M181<=Q181,1,0),"") -> 1 | T181: =IF(ISNUMBER(P181),IF(P181<=R181,1,0),"") -> 1 | U181: =IF(E181>Scenario!$B$14,0,IF(OR(AND(ISNUMBER(H181),H181<=Scenario!$B$14),AND(ISNUMBER(I181),I181<=Scenario!$B$14)),0,1)) -> 0 | V181: =IF(AND(U181=1,(Scenario!$B$14-E181)/60>R181),1,0) -> 0 | W181: =IF(OR(C181=Scenario!$B$22,C181=Scenario!$C$22),1,0) -> 1 | X181: =IF(ISNUMBER(I181),1,0) -> 0 | Y181: =MOD(INT(E181/86400)+3,7) -> 2 | Z181: =MOD(INT(E181/3600),24) -> 19 | AA181: 2026-07-08T19:30:59Z
A182: t-0181 | B182: P3 | C182: chat | D182: q-001 | E182: 1783539797 | F182: 1783541575 | G182: 1783541428 | H182: 1783542841 | J182: 0 | K182: 0 | L182: =IF(AND(E182>=Scenario!$B$11,E182<Scenario!$B$12),1,0) -> 1 | M182: =IF(AND(L182=1,ISNUMBER(F182)),MAX(0,F182-E182)/60,"") -> 29.633333 | N182: =IF(AND(L182=1,ISNUMBER(G182)),MAX(0,G182-E182)/60,"") -> 27.183333 | O182: =IF(ISNUMBER(H182),IF(AND(H182>=Scenario!$B$11,H182<Scenario!$B$12),1,0),0) -> 1 | P182: =IF(O182=1,MAX(0,H182-E182)/60,"") -> 50.733333 | Q182: =INDEX(Scenario!$B$18:$B$20,MATCH(B182,Scenario!$A$18:$A$20,0)) -> 240 | R182: =INDEX(Scenario!$C$18:$C$20,MATCH(B182,Scenario!$A$18:$A$20,0)) -> 4320 | S182: =IF(ISNUMBER(M182),IF(M182<=Q182,1,0),"") -> 1 | T182: =IF(ISNUMBER(P182),IF(P182<=R182,1,0),"") -> 1 | U182: =IF(E182>Scenario!$B$14,0,IF(OR(AND(ISNUMBER(H182),H182<=Scenario!$B$14),AND(ISNUMBER(I182),I182<=Scenario!$B$14)),0,1)) -> 0 | V182: =IF(AND(U182=1,(Scenario!$B$14-E182)/60>R182),1,0) -> 0 | W182: =IF(OR(C182=Scenario!$B$22,C182=Scenario!$C$22),1,0) -> 1 | X182: =IF(ISNUMBER(I182),1,0) -> 0 | Y182: =MOD(INT(E182/86400)+3,7) -> 2 | Z182: =MOD(INT(E182/3600),24) -> 19 | AA182: 2026-07-08T19:43:17Z
A183: t-0182 | B183: P3 | C183: chat | D183: q-001 | E183: 1783540997 | I183: 1783541973 | J183: 0 | K183: 0 | L183: =IF(AND(E183>=Scenario!$B$11,E183<Scenario!$B$12),1,0) -> 1 | M183: =IF(AND(L183=1,ISNUMBER(F183)),MAX(0,F183-E183)/60,"") | N183: =IF(AND(L183=1,ISNUMBER(G183)),MAX(0,G183-E183)/60,"") | O183: =IF(ISNUMBER(H183),IF(AND(H183>=Scenario!$B$11,H183<Scenario!$B$12),1,0),0) -> 0 | P183: =IF(O183=1,MAX(0,H183-E183)/60,"") | Q183: =INDEX(Scenario!$B$18:$B$20,MATCH(B183,Scenario!$A$18:$A$20,0)) -> 240 | R183: =INDEX(Scenario!$C$18:$C$20,MATCH(B183,Scenario!$A$18:$A$20,0)) -> 4320 | S183: =IF(ISNUMBER(M183),IF(M183<=Q183,1,0),"") | T183: =IF(ISNUMBER(P183),IF(P183<=R183,1,0),"") | U183: =IF(E183>Scenario!$B$14,0,IF(OR(AND(ISNUMBER(H183),H183<=Scenario!$B$14),AND(ISNUMBER(I183),I183<=Scenario!$B$14)),0,1)) -> 0 | V183: =IF(AND(U183=1,(Scenario!$B$14-E183)/60>R183),1,0) -> 0 | W183: =IF(OR(C183=Scenario!$B$22,C183=Scenario!$C$22),1,0) -> 1 | X183: =IF(ISNUMBER(I183),1,0) -> 1 | Y183: =MOD(INT(E183/86400)+3,7) -> 2 | Z183: =MOD(INT(E183/3600),24) -> 20 | AA183: 2026-07-08T20:03:17Z
A184: t-0183 | B184: P3 | C184: web_form | D184: q-003 | E184: 1783541167 | F184: 1783541303 | G184: 1783541223 | H184: 1783544955 | J184: 0 | K184: 0 | L184: =IF(AND(E184>=Scenario!$B$11,E184<Scenario!$B$12),1,0) -> 1 | M184: =IF(AND(L184=1,ISNUMBER(F184)),MAX(0,F184-E184)/60,"") -> 2.2666667 | N184: =IF(AND(L184=1,ISNUMBER(G184)),MAX(0,G184-E184)/60,"") -> 0.93333333 | O184: =IF(ISNUMBER(H184),IF(AND(H184>=Scenario!$B$11,H184<Scenario!$B$12),1,0),0) -> 1 | P184: =IF(O184=1,MAX(0,H184-E184)/60,"") -> 63.133333 | Q184: =INDEX(Scenario!$B$18:$B$20,MATCH(B184,Scenario!$A$18:$A$20,0)) -> 240 | R184: =INDEX(Scenario!$C$18:$C$20,MATCH(B184,Scenario!$A$18:$A$20,0)) -> 4320 | S184: =IF(ISNUMBER(M184),IF(M184<=Q184,1,0),"") -> 1 | T184: =IF(ISNUMBER(P184),IF(P184<=R184,1,0),"") -> 1 | U184: =IF(E184>Scenario!$B$14,0,IF(OR(AND(ISNUMBER(H184),H184<=Scenario!$B$14),AND(ISNUMBER(I184),I184<=Scenario!$B$14)),0,1)) -> 0 | V184: =IF(AND(U184=1,(Scenario!$B$14-E184)/60>R184),1,0) -> 0 | W184: =IF(OR(C184=Scenario!$B$22,C184=Scenario!$C$22),1,0) -> 0 | X184: =IF(ISNUMBER(I184),1,0) -> 0 | Y184: =MOD(INT(E184/86400)+3,7) -> 2 | Z184: =MOD(INT(E184/3600),24) -> 20 | AA184: 2026-07-08T20:06:07Z
...

Sheet Intervals
A1: ticket_id | B1: agent_id | C1: start (epoch s) | D1: end (epoch s) | E1: handling in window (min)
A2: t-0003 | B2: agt-003 | C2: 1783314016 | D2: 1783314592 | E2: =MAX(0,MIN(D2,Scenario!$B$12)-MAX(C2,Scenario!$B$11))/60 -> 9.6
A3: t-0002 | B3: agt-001 | C3: 1783314047 | D3: 1783315005 | E3: =MAX(0,MIN(D3,Scenario!$B$12)-MAX(C3,Scenario!$B$11))/60 -> 15.966667
A4: t-0004 | B4: agt-002 | C4: 1783314053 | D4: 1783315477 | E4: =MAX(0,MIN(D4,Scenario!$B$12)-MAX(C4,Scenario!$B$11))/60 -> 23.733333
A5: t-0003 | B5: agt-001 | C5: 1783315015 | D5: 1783315952 | E5: =MAX(0,MIN(D5,Scenario!$B$12)-MAX(C5,Scenario!$B$11))/60 -> 15.616667
A6: t-0007 | B6: agt-003 | C6: 1783317848 | D6: 1783321141 | E6: =MAX(0,MIN(D6,Scenario!$B$12)-MAX(C6,Scenario!$B$11))/60 -> 54.883333
A7: t-0008 | B7: agt-003 | C7: 1783321183 | D7: 1783325212 | E7: =MAX(0,MIN(D7,Scenario!$B$12)-MAX(C7,Scenario!$B$11))/60 -> 67.15
A8: t-0009 | B8: agt-005 | C8: 1783323077 | D8: 1783328005 | E8: =MAX(0,MIN(D8,Scenario!$B$12)-MAX(C8,Scenario!$B$11))/60 -> 82.133333
A9: t-0010 | B9: agt-006 | C9: 1783325088 | D9: 1783326596 | E9: =MAX(0,MIN(D9,Scenario!$B$12)-MAX(C9,Scenario!$B$11))/60 -> 25.133333
A10: t-0011 | B10: agt-002 | C10: 1783325540 | D10: 1783329989 | E10: =MAX(0,MIN(D10,Scenario!$B$12)-MAX(C10,Scenario!$B$11))/60 -> 74.15
A11: t-0012 | B11: agt-006 | C11: 1783327613 | D11: 1783329512 | E11: =MAX(0,MIN(D11,Scenario!$B$12)-MAX(C11,Scenario!$B$11))/60 -> 31.65
A12: t-0013 | B12: agt-008 | C12: 1783328666 | D12: 1783329622 | E12: =MAX(0,MIN(D12,Scenario!$B$12)-MAX(C12,Scenario!$B$11))/60 -> 15.933333
A13: t-0014 | B13: agt-005 | C13: 1783328892 | D13: 1783333972 | E13: =MAX(0,MIN(D13,Scenario!$B$12)-MAX(C13,Scenario!$B$11))/60 -> 84.666667
... A4977: t-3821 | B4977: agt-017 | C4977: 1790549284 | D4977: 1790550229 | E4977: =MAX(0,MIN(D4977,Scenario!$B$12)-MAX(C4977,Scenario!$B$11))/60 -> 15.75

Sheet Shifts
A1: shift_id | B1: agent_id | C1: start (epoch s) | D1: end (epoch s) | E1: declared break (min) | F1: recorded break (min) | G1: staffed available in window (min) | H1: whole shift net of declared break (min)
A2: sh-0001 | B2: agt-001 | C2: 1783314000 | D2: 1783342800 | E2: 30 | F2: 30 | G2: =IF(MIN(D2,Scenario!$B$12)>MAX(C2,Scenario!$B$11),(MIN(D2,Scenario!$B$12)-MAX(C2,Scenario!$B$11))/60-IF(AND(C2>=Scenario!$B$11,D2<=Scenario!$B$12),E2,0),0) -> 450 | H2: =(D2-C2)/60-E2 -> 450
A3: sh-0002 | B3: agt-002 | C3: 1783314000 | D3: 1783342800 | E3: 30 | F3: 30 | G3: =IF(MIN(D3,Scenario!$B$12)>MAX(C3,Scenario!$B$11),(MIN(D3,Scenario!$B$12)-MAX(C3,Scenario!$B$11))/60-IF(AND(C3>=Scenario!$B$11,D3<=Scenario!$B$12),E3,0),0) -> 450 | H3: =(D3-C3)/60-E3 -> 450
A4: sh-0003 | B4: agt-003 | C4: 1783314000 | D4: 1783342800 | E4: 30 | F4: 30 | G4: =IF(MIN(D4,Scenario!$B$12)>MAX(C4,Scenario!$B$11),(MIN(D4,Scenario!$B$12)-MAX(C4,Scenario!$B$11))/60-IF(AND(C4>=Scenario!$B$11,D4<=Scenario!$B$12),E4,0),0) -> 450 | H4: =(D4-C4)/60-E4 -> 450
A5: sh-0004 | B5: agt-005 | C5: 1783321200 | D5: 1783350000 | E5: 30 | F5: 30 | G5: =IF(MIN(D5,Scenario!$B$12)>MAX(C5,Scenario!$B$11),(MIN(D5,Scenario!$B$12)-MAX(C5,Scenario!$B$11))/60-IF(AND(C5>=Scenario!$B$11,D5<=Scenario!$B$12),E5,0),0) -> 450 | H5: =(D5-C5)/60-E5 -> 450
A6: sh-0005 | B6: agt-006 | C6: 1783321200 | D6: 1783350000 | E6: 30 | F6: 30 | G6: =IF(MIN(D6,Scenario!$B$12)>MAX(C6,Scenario!$B$11),(MIN(D6,Scenario!$B$12)-MAX(C6,Scenario!$B$11))/60-IF(AND(C6>=Scenario!$B$11,D6<=Scenario!$B$12),E6,0),0) -> 450 | H6: =(D6-C6)/60-E6 -> 450
A7: sh-0006 | B7: agt-007 | C7: 1783321200 | D7: 1783342800 | E7: 30 | F7: 30 | G7: =IF(MIN(D7,Scenario!$B$12)>MAX(C7,Scenario!$B$11),(MIN(D7,Scenario!$B$12)-MAX(C7,Scenario!$B$11))/60-IF(AND(C7>=Scenario!$B$11,D7<=Scenario!$B$12),E7,0),0) -> 330 | H7: =(D7-C7)/60-E7 -> 330
A8: sh-0007 | B8: agt-008 | C8: 1783328400 | D8: 1783357200 | E8: 30 | F8: 30 | G8: =IF(MIN(D8,Scenario!$B$12)>MAX(C8,Scenario!$B$11),(MIN(D8,Scenario!$B$12)-MAX(C8,Scenario!$B$11))/60-IF(AND(C8>=Scenario!$B$11,D8<=Scenario!$B$12),E8,0),0) -> 450 | H8: =(D8-C8)/60-E8 -> 450
A9: sh-0008 | B9: agt-009 | C9: 1783328400 | D9: 1783357200 | E9: 30 | F9: 30 | G9: =IF(MIN(D9,Scenario!$B$12)>MAX(C9,Scenario!$B$11),(MIN(D9,Scenario!$B$12)-MAX(C9,Scenario!$B$11))/60-IF(AND(C9>=Scenario!$B$11,D9<=Scenario!$B$12),E9,0),0) -> 450 | H9: =(D9-C9)/60-E9 -> 450
A10: sh-0009 | B10: agt-010 | C10: 1783339200 | D10: 1783368000 | E10: 30 | F10: 30 | G10: =IF(MIN(D10,Scenario!$B$12)>MAX(C10,Scenario!$B$11),(MIN(D10,Scenario!$B$12)-MAX(C10,Scenario!$B$11))/60-IF(AND(C10>=Scenario!$B$11,D10<=Scenario!$B$12),E10,0),0) -> 450 | H10: =(D10-C10)/60-E10 -> 450
A11: sh-0010 | B11: agt-011 | C11: 1783339200 | D11: 1783368000 | E11: 30 | F11: 30 | G11: =IF(MIN(D11,Scenario!$B$12)>MAX(C11,Scenario!$B$11),(MIN(D11,Scenario!$B$12)-MAX(C11,Scenario!$B$11))/60-IF(AND(C11>=Scenario!$B$11,D11<=Scenario!$B$12),E11,0),0) -> 450 | H11: =(D11-C11)/60-E11 -> 450
A12: sh-0011 | B12: agt-012 | C12: 1783339200 | D12: 1783368000 | E12: 30 | F12: 30 | G12: =IF(MIN(D12,Scenario!$B$12)>MAX(C12,Scenario!$B$11),(MIN(D12,Scenario!$B$12)-MAX(C12,Scenario!$B$11))/60-IF(AND(C12>=Scenario!$B$11,D12<=Scenario!$B$12),E12,0),0) -> 450 | H12: =(D12-C12)/60-E12 -> 450
A13: sh-0012 | B13: agt-014 | C13: 1783353600 | D13: 1783382400 | E13: 30 | F13: 30 | G13: =IF(MIN(D13,Scenario!$B$12)>MAX(C13,Scenario!$B$11),(MIN(D13,Scenario!$B$12)-MAX(C13,Scenario!$B$11))/60-IF(AND(C13>=Scenario!$B$11,D13<=Scenario!$B$12),E13,0),0) -> 450 | H13: =(D13-C13)/60-E13 -> 450
... A1021: sh-1020 | B1021: agt-018 | C1021: 1790542800 | D1021: 1790571600 | E1021: 30 | F1021: 0 | G1021: =IF(MIN(D1021,Scenario!$B$12)>MAX(C1021,Scenario!$B$11),(MIN(D1021,Scenario!$B$12)-MAX(C1021,Scenario!$B$11))/60-IF(AND(C1021>=Scenario!$B$11,D1021<=Scenario!$B$12),E1021,0),0) -> 180 | H1021: =(D1021-C1021)/60-E1021 -> 450

Sheet Surveys
A1: survey_id | B1: ticket_id | C1: invited | D1: score (blank: no valid response) | E1: ticket completed in window | F1: invited in window | G1: valid response in window | H1: positive in window
A2: sv-0001 | B2: t-0003 | C2: 1 | D2: 4 | E2: =INDEX(Tickets!$O$2:$O$3818,MATCH(B2,Tickets!$A$2:$A$3818,0)) -> 1 | F2: =C2*E2 -> 1 | G2: =IF(AND(C2=1,ISNUMBER(D2)),1,0)*E2 -> 1 | H2: =IF(AND(G2=1,D2>=Scenario!$B$24),1,0) -> 1
A3: sv-0002 | B3: t-0004 | C3: 1 | E3: =INDEX(Tickets!$O$2:$O$3818,MATCH(B3,Tickets!$A$2:$A$3818,0)) -> 1 | F3: =C3*E3 -> 1 | G3: =IF(AND(C3=1,ISNUMBER(D3)),1,0)*E3 -> 0 | H3: =IF(AND(G3=1,D3>=Scenario!$B$24),1,0) -> 0
A4: sv-0003 | B4: t-0008 | C4: 1 | D4: 4 | E4: =INDEX(Tickets!$O$2:$O$3818,MATCH(B4,Tickets!$A$2:$A$3818,0)) -> 1 | F4: =C4*E4 -> 1 | G4: =IF(AND(C4=1,ISNUMBER(D4)),1,0)*E4 -> 1 | H4: =IF(AND(G4=1,D4>=Scenario!$B$24),1,0) -> 1
A5: sv-0004 | B5: t-0009 | C5: 1 | E5: =INDEX(Tickets!$O$2:$O$3818,MATCH(B5,Tickets!$A$2:$A$3818,0)) -> 1 | F5: =C5*E5 -> 1 | G5: =IF(AND(C5=1,ISNUMBER(D5)),1,0)*E5 -> 0 | H5: =IF(AND(G5=1,D5>=Scenario!$B$24),1,0) -> 0
A6: sv-0005 | B6: t-0010 | C6: 1 | D6: 3 | E6: =INDEX(Tickets!$O$2:$O$3818,MATCH(B6,Tickets!$A$2:$A$3818,0)) -> 1 | F6: =C6*E6 -> 1 | G6: =IF(AND(C6=1,ISNUMBER(D6)),1,0)*E6 -> 1 | H6: =IF(AND(G6=1,D6>=Scenario!$B$24),1,0) -> 0
A7: sv-0006 | B7: t-0011 | C7: 1 | E7: =INDEX(Tickets!$O$2:$O$3818,MATCH(B7,Tickets!$A$2:$A$3818,0)) -> 1 | F7: =C7*E7 -> 1 | G7: =IF(AND(C7=1,ISNUMBER(D7)),1,0)*E7 -> 0 | H7: =IF(AND(G7=1,D7>=Scenario!$B$24),1,0) -> 0
A8: sv-0007 | B8: t-0014 | C8: 1 | E8: =INDEX(Tickets!$O$2:$O$3818,MATCH(B8,Tickets!$A$2:$A$3818,0)) -> 1 | F8: =C8*E8 -> 1 | G8: =IF(AND(C8=1,ISNUMBER(D8)),1,0)*E8 -> 0 | H8: =IF(AND(G8=1,D8>=Scenario!$B$24),1,0) -> 0
A9: sv-0008 | B9: t-0018 | C9: 1 | D9: 4 | E9: =INDEX(Tickets!$O$2:$O$3818,MATCH(B9,Tickets!$A$2:$A$3818,0)) -> 1 | F9: =C9*E9 -> 1 | G9: =IF(AND(C9=1,ISNUMBER(D9)),1,0)*E9 -> 1 | H9: =IF(AND(G9=1,D9>=Scenario!$B$24),1,0) -> 1
A10: sv-0009 | B10: t-0021 | C10: 1 | E10: =INDEX(Tickets!$O$2:$O$3818,MATCH(B10,Tickets!$A$2:$A$3818,0)) -> 1 | F10: =C10*E10 -> 1 | G10: =IF(AND(C10=1,ISNUMBER(D10)),1,0)*E10 -> 0 | H10: =IF(AND(G10=1,D10>=Scenario!$B$24),1,0) -> 0
A11: sv-0010 | B11: t-0022 | C11: 1 | E11: =INDEX(Tickets!$O$2:$O$3818,MATCH(B11,Tickets!$A$2:$A$3818,0)) -> 1 | F11: =C11*E11 -> 1 | G11: =IF(AND(C11=1,ISNUMBER(D11)),1,0)*E11 -> 0 | H11: =IF(AND(G11=1,D11>=Scenario!$B$24),1,0) -> 0
A12: sv-0011 | B12: t-0023 | C12: 1 | D12: 1 | E12: =INDEX(Tickets!$O$2:$O$3818,MATCH(B12,Tickets!$A$2:$A$3818,0)) -> 1 | F12: =C12*E12 -> 1 | G12: =IF(AND(C12=1,ISNUMBER(D12)),1,0)*E12 -> 1 | H12: =IF(AND(G12=1,D12>=Scenario!$B$24),1,0) -> 0
A13: sv-0012 | B13: t-0025 | C13: 1 | E13: =INDEX(Tickets!$O$2:$O$3818,MATCH(B13,Tickets!$A$2:$A$3818,0)) -> 1 | F13: =C13*E13 -> 1 | G13: =IF(AND(C13=1,ISNUMBER(D13)),1,0)*E13 -> 0 | H13: =IF(AND(G13=1,D13>=Scenario!$B$24),1,0) -> 0
A14: sv-0013 | B14: t-0027 | C14: 1 | E14: =INDEX(Tickets!$O$2:$O$3818,MATCH(B14,Tickets!$A$2:$A$3818,0)) -> 1 | F14: =C14*E14 -> 1 | G14: =IF(AND(C14=1,ISNUMBER(D14)),1,0)*E14 -> 0 | H14: =IF(AND(G14=1,D14>=Scenario!$B$24),1,0) -> 0
A15: sv-0014 | B15: t-0031 | C15: 1 | E15: =INDEX(Tickets!$O$2:$O$3818,MATCH(B15,Tickets!$A$2:$A$3818,0)) -> 1 | F15: =C15*E15 -> 1 | G15: =IF(AND(C15=1,ISNUMBER(D15)),1,0)*E15 -> 0 | H15: =IF(AND(G15=1,D15>=Scenario!$B$24),1,0) -> 0
A16: sv-0015 | B16: t-0035 | C16: 1 | E16: =INDEX(Tickets!$O$2:$O$3818,MATCH(B16,Tickets!$A$2:$A$3818,0)) -> 1 | F16: =C16*E16 -> 1 | G16: =IF(AND(C16=1,ISNUMBER(D16)),1,0)*E16 -> 0 | H16: =IF(AND(G16=1,D16>=Scenario!$B$24),1,0) -> 0
A17: sv-0016 | B17: t-0036 | C17: 1 | E17: =INDEX(Tickets!$O$2:$O$3818,MATCH(B17,Tickets!$A$2:$A$3818,0)) -> 1 | F17: =C17*E17 -> 1 | G17: =IF(AND(C17=1,ISNUMBER(D17)),1,0)*E17 -> 0 | H17: =IF(AND(G17=1,D17>=Scenario!$B$24),1,0) -> 0
A18: sv-0017 | B18: t-0038 | C18: 1 | E18: =INDEX(Tickets!$O$2:$O$3818,MATCH(B18,Tickets!$A$2:$A$3818,0)) -> 1 | F18: =C18*E18 -> 1 | G18: =IF(AND(C18=1,ISNUMBER(D18)),1,0)*E18 -> 0 | H18: =IF(AND(G18=1,D18>=Scenario!$B$24),1,0) -> 0
A19: sv-0018 | B19: t-0041 | C19: 1 | E19: =INDEX(Tickets!$O$2:$O$3818,MATCH(B19,Tickets!$A$2:$A$3818,0)) -> 1 | F19: =C19*E19 -> 1 | G19: =IF(AND(C19=1,ISNUMBER(D19)),1,0)*E19 -> 0 | H19: =IF(AND(G19=1,D19>=Scenario!$B$24),1,0) -> 0
A20: sv-0019 | B20: t-0042 | C20: 1 | D20: 4 | E20: =INDEX(Tickets!$O$2:$O$3818,MATCH(B20,Tickets!$A$2:$A$3818,0)) -> 1 | F20: =C20*E20 -> 1 | G20: =IF(AND(C20=1,ISNUMBER(D20)),1,0)*E20 -> 1 | H20: =IF(AND(G20=1,D20>=Scenario!$B$24),1,0) -> 1
A21: sv-0020 | B21: t-0043 | C21: 1 | D21: 5 | E21: =INDEX(Tickets!$O$2:$O$3818,MATCH(B21,Tickets!$A$2:$A$3818,0)) -> 1 | F21: =C21*E21 -> 1 | G21: =IF(AND(C21=1,ISNUMBER(D21)),1,0)*E21 -> 1 | H21: =IF(AND(G21=1,D21>=Scenario!$B$24),1,0) -> 1
A22: sv-0021 | B22: t-0046 | C22: 1 | D22: 4 | E22: =INDEX(Tickets!$O$2:$O$3818,MATCH(B22,Tickets!$A$2:$A$3818,0)) -> 1 | F22: =C22*E22 -> 1 | G22: =IF(AND(C22=1,ISNUMBER(D22)),1,0)*E22 -> 1 | H22: =IF(AND(G22=1,D22>=Scenario!$B$24),1,0) -> 1
A23: sv-0022 | B23: t-0048 | C23: 1 | D23: 5 | E23: =INDEX(Tickets!$O$2:$O$3818,MATCH(B23,Tickets!$A$2:$A$3818,0)) -> 1 | F23: =C23*E23 -> 1 | G23: =IF(AND(C23=1,ISNUMBER(D23)),1,0)*E23 -> 1 | H23: =IF(AND(G23=1,D23>=Scenario!$B$24),1,0) -> 1
A24: sv-0023 | B24: t-0051 | C24: 1 | E24: =INDEX(Tickets!$O$2:$O$3818,MATCH(B24,Tickets!$A$2:$A$3818,0)) -> 1 | F24: =C24*E24 -> 1 | G24: =IF(AND(C24=1,ISNUMBER(D24)),1,0)*E24 -> 0 | H24: =IF(AND(G24=1,D24>=Scenario!$B$24),1,0) -> 0
A25: sv-0024 | B25: t-0052 | C25: 1 | D25: 5 | E25: =INDEX(Tickets!$O$2:$O$3818,MATCH(B25,Tickets!$A$2:$A$3818,0)) -> 1 | F25: =C25*E25 -> 1 | G25: =IF(AND(C25=1,ISNUMBER(D25)),1,0)*E25 -> 1 | H25: =IF(AND(G25=1,D25>=Scenario!$B$24),1,0) -> 1
A26: sv-0025 | B26: t-0054 | C26: 1 | D26: 4 | E26: =INDEX(Tickets!$O$2:$O$3818,MATCH(B26,Tickets!$A$2:$A$3818,0)) -> 1 | F26: =C26*E26 -> 1 | G26: =IF(AND(C26=1,ISNUMBER(D26)),1,0)*E26 -> 1 | H26: =IF(AND(G26=1,D26>=Scenario!$B$24),1,0) -> 1
A27: sv-0026 | B27: t-0055 | C27: 1 | E27: =INDEX(Tickets!$O$2:$O$3818,MATCH(B27,Tickets!$A$2:$A$3818,0)) -> 1 | F27: =C27*E27 -> 1 | G27: =IF(AND(C27=1,ISNUMBER(D27)),1,0)*E27 -> 0 | H27: =IF(AND(G27=1,D27>=Scenario!$B$24),1,0) -> 0
A28: sv-0027 | B28: t-0056 | C28: 1 | D28: 3 | E28: =INDEX(Tickets!$O$2:$O$3818,MATCH(B28,Tickets!$A$2:$A$3818,0)) -> 1 | F28: =C28*E28 -> 1 | G28: =IF(AND(C28=1,ISNUMBER(D28)),1,0)*E28 -> 1 | H28: =IF(AND(G28=1,D28>=Scenario!$B$24),1,0) -> 0
A29: sv-0028 | B29: t-0057 | C29: 1 | E29: =INDEX(Tickets!$O$2:$O$3818,MATCH(B29,Tickets!$A$2:$A$3818,0)) -> 1 | F29: =C29*E29 -> 1 | G29: =IF(AND(C29=1,ISNUMBER(D29)),1,0)*E29 -> 0 | H29: =IF(AND(G29=1,D29>=Scenario!$B$24),1,0) -> 0
A30: sv-0029 | B30: t-0060 | C30: 1 | E30: =INDEX(Tickets!$O$2:$O$3818,MATCH(B30,Tickets!$A$2:$A$3818,0)) -> 1 | F30: =C30*E30 -> 1 | G30: =IF(AND(C30=1,ISNUMBER(D30)),1,0)*E30 -> 0 | H30: =IF(AND(G30=1,D30>=Scenario!$B$24),1,0) -> 0
A31: sv-0030 | B31: t-0064 | C31: 1 | E31: =INDEX(Tickets!$O$2:$O$3818,MATCH(B31,Tickets!$A$2:$A$3818,0)) -> 1 | F31: =C31*E31 -> 1 | G31: =IF(AND(C31=1,ISNUMBER(D31)),1,0)*E31 -> 0 | H31: =IF(AND(G31=1,D31>=Scenario!$B$24),1,0) -> 0
A32: sv-0031 | B32: t-0067 | C32: 1 | E32: =INDEX(Tickets!$O$2:$O$3818,MATCH(B32,Tickets!$A$2:$A$3818,0)) -> 1 | F32: =C32*E32 -> 1 | G32: =IF(AND(C32=1,ISNUMBER(D32)),1,0)*E32 -> 0 | H32: =IF(AND(G32=1,D32>=Scenario!$B$24),1,0) -> 0
A33: sv-0032 | B33: t-0068 | C33: 1 | D33: 5 | E33: =INDEX(Tickets!$O$2:$O$3818,MATCH(B33,Tickets!$A$2:$A$3818,0)) -> 1 | F33: =C33*E33 -> 1 | G33: =IF(AND(C33=1,ISNUMBER(D33)),1,0)*E33 -> 1 | H33: =IF(AND(G33=1,D33>=Scenario!$B$24),1,0) -> 1
A34: sv-0033 | B34: t-0070 | C34: 1 | D34: 5 | E34: =INDEX(Tickets!$O$2:$O$3818,MATCH(B34,Tickets!$A$2:$A$3818,0)) -> 1 | F34: =C34*E34 -> 1 | G34: =IF(AND(C34=1,ISNUMBER(D34)),1,0)*E34 -> 1 | H34: =IF(AND(G34=1,D34>=Scenario!$B$24),1,0) -> 1
A35: sv-0034 | B35: t-0071 | C35: 1 | E35: =INDEX(Tickets!$O$2:$O$3818,MATCH(B35,Tickets!$A$2:$A$3818,0)) -> 1 | F35: =C35*E35 -> 1 | G35: =IF(AND(C35=1,ISNUMBER(D35)),1,0)*E35 -> 0 | H35: =IF(AND(G35=1,D35>=Scenario!$B$24),1,0) -> 0
A36: sv-0035 | B36: t-0072 | C36: 1 | E36: =INDEX(Tickets!$O$2:$O$3818,MATCH(B36,Tickets!$A$2:$A$3818,0)) -> 1 | F36: =C36*E36 -> 1 | G36: =IF(AND(C36=1,ISNUMBER(D36)),1,0)*E36 -> 0 | H36: =IF(AND(G36=1,D36>=Scenario!$B$24),1,0) -> 0
A37: sv-0036 | B37: t-0073 | C37: 1 | D37: 4 | E37: =INDEX(Tickets!$O$2:$O$3818,MATCH(B37,Tickets!$A$2:$A$3818,0)) -> 1 | F37: =C37*E37 -> 1 | G37: =IF(AND(C37=1,ISNUMBER(D37)),1,0)*E37 -> 1 | H37: =IF(AND(G37=1,D37>=Scenario!$B$24),1,0) -> 1
A38: sv-0037 | B38: t-0074 | C38: 1 | E38: =INDEX(Tickets!$O$2:$O$3818,MATCH(B38,Tickets!$A$2:$A$3818,0)) -> 1 | F38: =C38*E38 -> 1 | G38: =IF(AND(C38=1,ISNUMBER(D38)),1,0)*E38 -> 0 | H38: =IF(AND(G38=1,D38>=Scenario!$B$24),1,0) -> 0
A39: sv-0038 | B39: t-0076 | C39: 1 | E39: =INDEX(Tickets!$O$2:$O$3818,MATCH(B39,Tickets!$A$2:$A$3818,0)) -> 1 | F39: =C39*E39 -> 1 | G39: =IF(AND(C39=1,ISNUMBER(D39)),1,0)*E39 -> 0 | H39: =IF(AND(G39=1,D39>=Scenario!$B$24),1,0) -> 0
A40: sv-0039 | B40: t-0079 | C40: 1 | D40: 5 | E40: =INDEX(Tickets!$O$2:$O$3818,MATCH(B40,Tickets!$A$2:$A$3818,0)) -> 1 | F40: =C40*E40 -> 1 | G40: =IF(AND(C40=1,ISNUMBER(D40)),1,0)*E40 -> 1 | H40: =IF(AND(G40=1,D40>=Scenario!$B$24),1,0) -> 1
A41: sv-0040 | B41: t-0080 | C41: 1 | E41: =INDEX(Tickets!$O$2:$O$3818,MATCH(B41,Tickets!$A$2:$A$3818,0)) -> 1 | F41: =C41*E41 -> 1 | G41: =IF(AND(C41=1,ISNUMBER(D41)),1,0)*E41 -> 0 | H41: =IF(AND(G41=1,D41>=Scenario!$B$24),1,0) -> 0
A42: sv-0041 | B42: t-0081 | C42: 1 | E42: =INDEX(Tickets!$O$2:$O$3818,MATCH(B42,Tickets!$A$2:$A$3818,0)) -> 1 | F42: =C42*E42 -> 1 | G42: =IF(AND(C42=1,ISNUMBER(D42)),1,0)*E42 -> 0 | H42: =IF(AND(G42=1,D42>=Scenario!$B$24),1,0) -> 0
A43: sv-0042 | B43: t-0082 | C43: 1 | E43: =INDEX(Tickets!$O$2:$O$3818,MATCH(B43,Tickets!$A$2:$A$3818,0)) -> 1 | F43: =C43*E43 -> 1 | G43: =IF(AND(C43=1,ISNUMBER(D43)),1,0)*E43 -> 0 | H43: =IF(AND(G43=1,D43>=Scenario!$B$24),1,0) -> 0
A44: sv-0043 | B44: t-0085 | C44: 1 | E44: =INDEX(Tickets!$O$2:$O$3818,MATCH(B44,Tickets!$A$2:$A$3818,0)) -> 1 | F44: =C44*E44 -> 1 | G44: =IF(AND(C44=1,ISNUMBER(D44)),1,0)*E44 -> 0 | H44: =IF(AND(G44=1,D44>=Scenario!$B$24),1,0) -> 0
A45: sv-0044 | B45: t-0086 | C45: 1 | D45: 4 | E45: =INDEX(Tickets!$O$2:$O$3818,MATCH(B45,Tickets!$A$2:$A$3818,0)) -> 1 | F45: =C45*E45 -> 1 | G45: =IF(AND(C45=1,ISNUMBER(D45)),1,0)*E45 -> 1 | H45: =IF(AND(G45=1,D45>=Scenario!$B$24),1,0) -> 1
A46: sv-0045 | B46: t-0088 | C46: 1 | E46: =INDEX(Tickets!$O$2:$O$3818,MATCH(B46,Tickets!$A$2:$A$3818,0)) -> 1 | F46: =C46*E46 -> 1 | G46: =IF(AND(C46=1,ISNUMBER(D46)),1,0)*E46 -> 0 | H46: =IF(AND(G46=1,D46>=Scenario!$B$24),1,0) -> 0
A47: sv-0046 | B47: t-0090 | C47: 1 | D47: 4 | E47: =INDEX(Tickets!$O$2:$O$3818,MATCH(B47,Tickets!$A$2:$A$3818,0)) -> 1 | F47: =C47*E47 -> 1 | G47: =IF(AND(C47=1,ISNUMBER(D47)),1,0)*E47 -> 1 | H47: =IF(AND(G47=1,D47>=Scenario!$B$24),1,0) -> 1
A48: sv-0047 | B48: t-0091 | C48: 1 | E48: =INDEX(Tickets!$O$2:$O$3818,MATCH(B48,Tickets!$A$2:$A$3818,0)) -> 1 | F48: =C48*E48 -> 1 | G48: =IF(AND(C48=1,ISNUMBER(D48)),1,0)*E48 -> 0 | H48: =IF(AND(G48=1,D48>=Scenario!$B$24),1,0) -> 0
A49: sv-0048 | B49: t-0093 | C49: 1 | E49: =INDEX(Tickets!$O$2:$O$3818,MATCH(B49,Tickets!$A$2:$A$3818,0)) -> 1 | F49: =C49*E49 -> 1 | G49: =IF(AND(C49=1,ISNUMBER(D49)),1,0)*E49 -> 0 | H49: =IF(AND(G49=1,D49>=Scenario!$B$24),1,0) -> 0
A50: sv-0049 | B50: t-0094 | C50: 1 | E50: =INDEX(Tickets!$O$2:$O$3818,MATCH(B50,Tickets!$A$2:$A$3818,0)) -> 1 | F50: =C50*E50 -> 1 | G50: =IF(AND(C50=1,ISNUMBER(D50)),1,0)*E50 -> 0 | H50: =IF(AND(G50=1,D50>=Scenario!$B$24),1,0) -> 0
A51: sv-0050 | B51: t-0096 | C51: 1 | E51: =INDEX(Tickets!$O$2:$O$3818,MATCH(B51,Tickets!$A$2:$A$3818,0)) -> 1 | F51: =C51*E51 -> 1 | G51: =IF(AND(C51=1,ISNUMBER(D51)),1,0)*E51 -> 0 | H51: =IF(AND(G51=1,D51>=Scenario!$B$24),1,0) -> 0
A52: sv-0051 | B52: t-0097 | C52: 1 | D52: 5 | E52: =INDEX(Tickets!$O$2:$O$3818,MATCH(B52,Tickets!$A$2:$A$3818,0)) -> 1 | F52: =C52*E52 -> 1 | G52: =IF(AND(C52=1,ISNUMBER(D52)),1,0)*E52 -> 1 | H52: =IF(AND(G52=1,D52>=Scenario!$B$24),1,0) -> 1
A53: sv-0052 | B53: t-0098 | C53: 1 | D53: 5 | E53: =INDEX(Tickets!$O$2:$O$3818,MATCH(B53,Tickets!$A$2:$A$3818,0)) -> 1 | F53: =C53*E53 -> 1 | G53: =IF(AND(C53=1,ISNUMBER(D53)),1,0)*E53 -> 1 | H53: =IF(AND(G53=1,D53>=Scenario!$B$24),1,0) -> 1
A54: sv-0053 | B54: t-0101 | C54: 1 | E54: =INDEX(Tickets!$O$2:$O$3818,MATCH(B54,Tickets!$A$2:$A$3818,0)) -> 1 | F54: =C54*E54 -> 1 | G54: =IF(AND(C54=1,ISNUMBER(D54)),1,0)*E54 -> 0 | H54: =IF(AND(G54=1,D54>=Scenario!$B$24),1,0) -> 0
A55: sv-0054 | B55: t-0102 | C55: 1 | D55: 5 | E55: =INDEX(Tickets!$O$2:$O$3818,MATCH(B55,Tickets!$A$2:$A$3818,0)) -> 1 | F55: =C55*E55 -> 1 | G55: =IF(AND(C55=1,ISNUMBER(D55)),1,0)*E55 -> 1 | H55: =IF(AND(G55=1,D55>=Scenario!$B$24),1,0) -> 1
A56: sv-0055 | B56: t-0104 | C56: 1 | E56: =INDEX(Tickets!$O$2:$O$3818,MATCH(B56,Tickets!$A$2:$A$3818,0)) -> 1 | F56: =C56*E56 -> 1 | G56: =IF(AND(C56=1,ISNUMBER(D56)),1,0)*E56 -> 0 | H56: =IF(AND(G56=1,D56>=Scenario!$B$24),1,0) -> 0
A57: sv-0056 | B57: t-0105 | C57: 1 | D57: 1 | E57: =INDEX(Tickets!$O$2:$O$3818,MATCH(B57,Tickets!$A$2:$A$3818,0)) -> 1 | F57: =C57*E57 -> 1 | G57: =IF(AND(C57=1,ISNUMBER(D57)),1,0)*E57 -> 1 | H57: =IF(AND(G57=1,D57>=Scenario!$B$24),1,0) -> 0
A58: sv-0057 | B58: t-0107 | C58: 1 | E58: =INDEX(Tickets!$O$2:$O$3818,MATCH(B58,Tickets!$A$2:$A$3818,0)) -> 1 | F58: =C58*E58 -> 1 | G58: =IF(AND(C58=1,ISNUMBER(D58)),1,0)*E58 -> 0 | H58: =IF(AND(G58=1,D58>=Scenario!$B$24),1,0) -> 0
A59: sv-0058 | B59: t-0110 | C59: 1 | D59: 3 | E59: =INDEX(Tickets!$O$2:$O$3818,MATCH(B59,Tickets!$A$2:$A$3818,0)) -> 1 | F59: =C59*E59 -> 1 | G59: =IF(AND(C59=1,ISNUMBER(D59)),1,0)*E59 -> 1 | H59: =IF(AND(G59=1,D59>=Scenario!$B$24),1,0) -> 0
A60: sv-0059 | B60: t-0111 | C60: 1 | E60: =INDEX(Tickets!$O$2:$O$3818,MATCH(B60,Tickets!$A$2:$A$3818,0)) -> 1 | F60: =C60*E60 -> 1 | G60: =IF(AND(C60=1,ISNUMBER(D60)),1,0)*E60 -> 0 | H60: =IF(AND(G60=1,D60>=Scenario!$B$24),1,0) -> 0
A61: sv-0060 | B61: t-0114 | C61: 1 | D61: 4 | E61: =INDEX(Tickets!$O$2:$O$3818,MATCH(B61,Tickets!$A$2:$A$3818,0)) -> 1 | F61: =C61*E61 -> 1 | G61: =IF(AND(C61=1,ISNUMBER(D61)),1,0)*E61 -> 1 | H61: =IF(AND(G61=1,D61>=Scenario!$B$24),1,0) -> 1
A62: sv-0061 | B62: t-0116 | C62: 1 | E62: =INDEX(Tickets!$O$2:$O$3818,MATCH(B62,Tickets!$A$2:$A$3818,0)) -> 1 | F62: =C62*E62 -> 1 | G62: =IF(AND(C62=1,ISNUMBER(D62)),1,0)*E62 -> 0 | H62: =IF(AND(G62=1,D62>=Scenario!$B$24),1,0) -> 0
A63: sv-0062 | B63: t-0117 | C63: 1 | E63: =INDEX(Tickets!$O$2:$O$3818,MATCH(B63,Tickets!$A$2:$A$3818,0)) -> 1 | F63: =C63*E63 -> 1 | G63: =IF(AND(C63=1,ISNUMBER(D63)),1,0)*E63 -> 0 | H63: =IF(AND(G63=1,D63>=Scenario!$B$24),1,0) -> 0
A64: sv-0063 | B64: t-0118 | C64: 1 | E64: =INDEX(Tickets!$O$2:$O$3818,MATCH(B64,Tickets!$A$2:$A$3818,0)) -> 1 | F64: =C64*E64 -> 1 | G64: =IF(AND(C64=1,ISNUMBER(D64)),1,0)*E64 -> 0 | H64: =IF(AND(G64=1,D64>=Scenario!$B$24),1,0) -> 0
A65: sv-0064 | B65: t-0120 | C65: 1 | E65: =INDEX(Tickets!$O$2:$O$3818,MATCH(B65,Tickets!$A$2:$A$3818,0)) -> 1 | F65: =C65*E65 -> 1 | G65: =IF(AND(C65=1,ISNUMBER(D65)),1,0)*E65 -> 0 | H65: =IF(AND(G65=1,D65>=Scenario!$B$24),1,0) -> 0
A66: sv-0065 | B66: t-0122 | C66: 1 | E66: =INDEX(Tickets!$O$2:$O$3818,MATCH(B66,Tickets!$A$2:$A$3818,0)) -> 1 | F66: =C66*E66 -> 1 | G66: =IF(AND(C66=1,ISNUMBER(D66)),1,0)*E66 -> 0 | H66: =IF(AND(G66=1,D66>=Scenario!$B$24),1,0) -> 0
A67: sv-0066 | B67: t-0123 | C67: 1 | E67: =INDEX(Tickets!$O$2:$O$3818,MATCH(B67,Tickets!$A$2:$A$3818,0)) -> 1 | F67: =C67*E67 -> 1 | G67: =IF(AND(C67=1,ISNUMBER(D67)),1,0)*E67 -> 0 | H67: =IF(AND(G67=1,D67>=Scenario!$B$24),1,0) -> 0
A68: sv-0067 | B68: t-0126 | C68: 1 | D68: 5 | E68: =INDEX(Tickets!$O$2:$O$3818,MATCH(B68,Tickets!$A$2:$A$3818,0)) -> 1 | F68: =C68*E68 -> 1 | G68: =IF(AND(C68=1,ISNUMBER(D68)),1,0)*E68 -> 1 | H68: =IF(AND(G68=1,D68>=Scenario!$B$24),1,0) -> 1
A69: sv-0068 | B69: t-0127 | C69: 1 | D69: 5 | E69: =INDEX(Tickets!$O$2:$O$3818,MATCH(B69,Tickets!$A$2:$A$3818,0)) -> 1 | F69: =C69*E69 -> 1 | G69: =IF(AND(C69=1,ISNUMBER(D69)),1,0)*E69 -> 1 | H69: =IF(AND(G69=1,D69>=Scenario!$B$24),1,0) -> 1
A70: sv-0069 | B70: t-0129 | C70: 1 | D70: 5 | E70: =INDEX(Tickets!$O$2:$O$3818,MATCH(B70,Tickets!$A$2:$A$3818,0)) -> 1 | F70: =C70*E70 -> 1 | G70: =IF(AND(C70=1,ISNUMBER(D70)),1,0)*E70 -> 1 | H70: =IF(AND(G70=1,D70>=Scenario!$B$24),1,0) -> 1
A71: sv-0070 | B71: t-0130 | C71: 1 | E71: =INDEX(Tickets!$O$2:$O$3818,MATCH(B71,Tickets!$A$2:$A$3818,0)) -> 1 | F71: =C71*E71 -> 1 | G71: =IF(AND(C71=1,ISNUMBER(D71)),1,0)*E71 -> 0 | H71: =IF(AND(G71=1,D71>=Scenario!$B$24),1,0) -> 0
A72: sv-0071 | B72: t-0133 | C72: 1 | E72: =INDEX(Tickets!$O$2:$O$3818,MATCH(B72,Tickets!$A$2:$A$3818,0)) -> 1 | F72: =C72*E72 -> 1 | G72: =IF(AND(C72=1,ISNUMBER(D72)),1,0)*E72 -> 0 | H72: =IF(AND(G72=1,D72>=Scenario!$B$24),1,0) -> 0
A73: sv-0072 | B73: t-0134 | C73: 1 | E73: =INDEX(Tickets!$O$2:$O$3818,MATCH(B73,Tickets!$A$2:$A$3818,0)) -> 1 | F73: =C73*E73 -> 1 | G73: =IF(AND(C73=1,ISNUMBER(D73)),1,0)*E73 -> 0 | H73: =IF(AND(G73=1,D73>=Scenario!$B$24),1,0) -> 0
A74: sv-0073 | B74: t-0135 | C74: 1 | E74: =INDEX(Tickets!$O$2:$O$3818,MATCH(B74,Tickets!$A$2:$A$3818,0)) -> 1 | F74: =C74*E74 -> 1 | G74: =IF(AND(C74=1,ISNUMBER(D74)),1,0)*E74 -> 0 | H74: =IF(AND(G74=1,D74>=Scenario!$B$24),1,0) -> 0
A75: sv-0074 | B75: t-0137 | C75: 1 | E75: =INDEX(Tickets!$O$2:$O$3818,MATCH(B75,Tickets!$A$2:$A$3818,0)) -> 1 | F75: =C75*E75 -> 1 | G75: =IF(AND(C75=1,ISNUMBER(D75)),1,0)*E75 -> 0 | H75: =IF(AND(G75=1,D75>=Scenario!$B$24),1,0) -> 0
A76: sv-0075 | B76: t-0138 | C76: 1 | E76: =INDEX(Tickets!$O$2:$O$3818,MATCH(B76,Tickets!$A$2:$A$3818,0)) -> 1 | F76: =C76*E76 -> 1 | G76: =IF(AND(C76=1,ISNUMBER(D76)),1,0)*E76 -> 0 | H76: =IF(AND(G76=1,D76>=Scenario!$B$24),1,0) -> 0
A77: sv-0076 | B77: t-0141 | C77: 1 | E77: =INDEX(Tickets!$O$2:$O$3818,MATCH(B77,Tickets!$A$2:$A$3818,0)) -> 1 | F77: =C77*E77 -> 1 | G77: =IF(AND(C77=1,ISNUMBER(D77)),1,0)*E77 -> 0 | H77: =IF(AND(G77=1,D77>=Scenario!$B$24),1,0) -> 0
A78: sv-0077 | B78: t-0150 | C78: 1 | E78: =INDEX(Tickets!$O$2:$O$3818,MATCH(B78,Tickets!$A$2:$A$3818,0)) -> 1 | F78: =C78*E78 -> 1 | G78: =IF(AND(C78=1,ISNUMBER(D78)),1,0)*E78 -> 0 | H78: =IF(AND(G78=1,D78>=Scenario!$B$24),1,0) -> 0
A79: sv-0078 | B79: t-0151 | C79: 1 | D79: 4 | E79: =INDEX(Tickets!$O$2:$O$3818,MATCH(B79,Tickets!$A$2:$A$3818,0)) -> 1 | F79: =C79*E79 -> 1 | G79: =IF(AND(C79=1,ISNUMBER(D79)),1,0)*E79 -> 1 | H79: =IF(AND(G79=1,D79>=Scenario!$B$24),1,0) -> 1
A80: sv-0079 | B80: t-0152 | C80: 1 | E80: =INDEX(Tickets!$O$2:$O$3818,MATCH(B80,Tickets!$A$2:$A$3818,0)) -> 1 | F80: =C80*E80 -> 1 | G80: =IF(AND(C80=1,ISNUMBER(D80)),1,0)*E80 -> 0 | H80: =IF(AND(G80=1,D80>=Scenario!$B$24),1,0) -> 0
A81: sv-0080 | B81: t-0155 | C81: 1 | E81: =INDEX(Tickets!$O$2:$O$3818,MATCH(B81,Tickets!$A$2:$A$3818,0)) -> 1 | F81: =C81*E81 -> 1 | G81: =IF(AND(C81=1,ISNUMBER(D81)),1,0)*E81 -> 0 | H81: =IF(AND(G81=1,D81>=Scenario!$B$24),1,0) -> 0
A82: sv-0081 | B82: t-0156 | C82: 1 | D82: 5 | E82: =INDEX(Tickets!$O$2:$O$3818,MATCH(B82,Tickets!$A$2:$A$3818,0)) -> 1 | F82: =C82*E82 -> 1 | G82: =IF(AND(C82=1,ISNUMBER(D82)),1,0)*E82 -> 1 | H82: =IF(AND(G82=1,D82>=Scenario!$B$24),1,0) -> 1
A83: sv-0082 | B83: t-0159 | C83: 1 | E83: =INDEX(Tickets!$O$2:$O$3818,MATCH(B83,Tickets!$A$2:$A$3818,0)) -> 1 | F83: =C83*E83 -> 1 | G83: =IF(AND(C83=1,ISNUMBER(D83)),1,0)*E83 -> 0 | H83: =IF(AND(G83=1,D83>=Scenario!$B$24),1,0) -> 0
A84: sv-0083 | B84: t-0160 | C84: 1 | D84: 3 | E84: =INDEX(Tickets!$O$2:$O$3818,MATCH(B84,Tickets!$A$2:$A$3818,0)) -> 1 | F84: =C84*E84 -> 1 | G84: =IF(AND(C84=1,ISNUMBER(D84)),1,0)*E84 -> 1 | H84: =IF(AND(G84=1,D84>=Scenario!$B$24),1,0) -> 0
A85: sv-0084 | B85: t-0161 | C85: 1 | E85: =INDEX(Tickets!$O$2:$O$3818,MATCH(B85,Tickets!$A$2:$A$3818,0)) -> 1 | F85: =C85*E85 -> 1 | G85: =IF(AND(C85=1,ISNUMBER(D85)),1,0)*E85 -> 0 | H85: =IF(AND(G85=1,D85>=Scenario!$B$24),1,0) -> 0
A86: sv-0085 | B86: t-0162 | C86: 1 | D86: 4 | E86: =INDEX(Tickets!$O$2:$O$3818,MATCH(B86,Tickets!$A$2:$A$3818,0)) -> 1 | F86: =C86*E86 -> 1 | G86: =IF(AND(C86=1,ISNUMBER(D86)),1,0)*E86 -> 1 | H86: =IF(AND(G86=1,D86>=Scenario!$B$24),1,0) -> 1
A87: sv-0086 | B87: t-0165 | C87: 1 | E87: =INDEX(Tickets!$O$2:$O$3818,MATCH(B87,Tickets!$A$2:$A$3818,0)) -> 1 | F87: =C87*E87 -> 1 | G87: =IF(AND(C87=1,ISNUMBER(D87)),1,0)*E87 -> 0 | H87: =IF(AND(G87=1,D87>=Scenario!$B$24),1,0) -> 0
A88: sv-0087 | B88: t-0166 | C88: 1 | E88: =INDEX(Tickets!$O$2:$O$3818,MATCH(B88,Tickets!$A$2:$A$3818,0)) -> 1 | F88: =C88*E88 -> 1 | G88: =IF(AND(C88=1,ISNUMBER(D88)),1,0)*E88 -> 0 | H88: =IF(AND(G88=1,D88>=Scenario!$B$24),1,0) -> 0
A89: sv-0088 | B89: t-0167 | C89: 1 | E89: =INDEX(Tickets!$O$2:$O$3818,MATCH(B89,Tickets!$A$2:$A$3818,0)) -> 1 | F89: =C89*E89 -> 1 | G89: =IF(AND(C89=1,ISNUMBER(D89)),1,0)*E89 -> 0 | H89: =IF(AND(G89=1,D89>=Scenario!$B$24),1,0) -> 0
A90: sv-0089 | B90: t-0169 | C90: 1 | D90: 2 | E90: =INDEX(Tickets!$O$2:$O$3818,MATCH(B90,Tickets!$A$2:$A$3818,0)) -> 1 | F90: =C90*E90 -> 1 | G90: =IF(AND(C90=1,ISNUMBER(D90)),1,0)*E90 -> 1 | H90: =IF(AND(G90=1,D90>=Scenario!$B$24),1,0) -> 0
A91: sv-0090 | B91: t-0171 | C91: 1 | E91: =INDEX(Tickets!$O$2:$O$3818,MATCH(B91,Tickets!$A$2:$A$3818,0)) -> 1 | F91: =C91*E91 -> 1 | G91: =IF(AND(C91=1,ISNUMBER(D91)),1,0)*E91 -> 0 | H91: =IF(AND(G91=1,D91>=Scenario!$B$24),1,0) -> 0
A92: sv-0091 | B92: t-0174 | C92: 1 | E92: =INDEX(Tickets!$O$2:$O$3818,MATCH(B92,Tickets!$A$2:$A$3818,0)) -> 1 | F92: =C92*E92 -> 1 | G92: =IF(AND(C92=1,ISNUMBER(D92)),1,0)*E92 -> 0 | H92: =IF(AND(G92=1,D92>=Scenario!$B$24),1,0) -> 0
A93: sv-0092 | B93: t-0175 | C93: 1 | D93: 5 | E93: =INDEX(Tickets!$O$2:$O$3818,MATCH(B93,Tickets!$A$2:$A$3818,0)) -> 1 | F93: =C93*E93 -> 1 | G93: =IF(AND(C93=1,ISNUMBER(D93)),1,0)*E93 -> 1 | H93: =IF(AND(G93=1,D93>=Scenario!$B$24),1,0) -> 1
A94: sv-0093 | B94: t-0180 | C94: 1 | D94: 4 | E94: =INDEX(Tickets!$O$2:$O$3818,MATCH(B94,Tickets!$A$2:$A$3818,0)) -> 1 | F94: =C94*E94 -> 1 | G94: =IF(AND(C94=1,ISNUMBER(D94)),1,0)*E94 -> 1 | H94: =IF(AND(G94=1,D94>=Scenario!$B$24),1,0) -> 1
A95: sv-0094 | B95: t-0181 | C95: 1 | D95: 5 | E95: =INDEX(Tickets!$O$2:$O$3818,MATCH(B95,Tickets!$A$2:$A$3818,0)) -> 1 | F95: =C95*E95 -> 1 | G95: =IF(AND(C95=1,ISNUMBER(D95)),1,0)*E95 -> 1 | H95: =IF(AND(G95=1,D95>=Scenario!$B$24),1,0) -> 1
A96: sv-0095 | B96: t-0183 | C96: 1 | E96: =INDEX(Tickets!$O$2:$O$3818,MATCH(B96,Tickets!$A$2:$A$3818,0)) -> 1 | F96: =C96*E96 -> 1 | G96: =IF(AND(C96=1,ISNUMBER(D96)),1,0)*E96 -> 0 | H96: =IF(AND(G96=1,D96>=Scenario!$B$24),1,0) -> 0
A97: sv-0096 | B97: t-0185 | C97: 1 | D97: 5 | E97: =INDEX(Tickets!$O$2:$O$3818,MATCH(B97,Tickets!$A$2:$A$3818,0)) -> 1 | F97: =C97*E97 -> 1 | G97: =IF(AND(C97=1,ISNUMBER(D97)),1,0)*E97 -> 1 | H97: =IF(AND(G97=1,D97>=Scenario!$B$24),1,0) -> 1
A98: sv-0097 | B98: t-0186 | C98: 1 | E98: =INDEX(Tickets!$O$2:$O$3818,MATCH(B98,Tickets!$A$2:$A$3818,0)) -> 1 | F98: =C98*E98 -> 1 | G98: =IF(AND(C98=1,ISNUMBER(D98)),1,0)*E98 -> 0 | H98: =IF(AND(G98=1,D98>=Scenario!$B$24),1,0) -> 0
A99: sv-0098 | B99: t-0187 | C99: 1 | D99: 5 | E99: =INDEX(Tickets!$O$2:$O$3818,MATCH(B99,Tickets!$A$2:$A$3818,0)) -> 1 | F99: =C99*E99 -> 1 | G99: =IF(AND(C99=1,ISNUMBER(D99)),1,0)*E99 -> 1 | H99: =IF(AND(G99=1,D99>=Scenario!$B$24),1,0) -> 1
A100: sv-0099 | B100: t-0192 | C100: 1 | D100: 3 | E100: =INDEX(Tickets!$O$2:$O$3818,MATCH(B100,Tickets!$A$2:$A$3818,0)) -> 1 | F100: =C100*E100 -> 1 | G100: =IF(AND(C100=1,ISNUMBER(D100)),1,0)*E100 -> 1 | H100: =IF(AND(G100=1,D100>=Scenario!$B$24),1,0) -> 0
...

Sheet SQL results (pasted)
A1: PASTED VALUES from data/sql/analysis/run_all.py (artifacts/analysis-results.json); not formulas. They go stale if the data or the queries change.
A2: dataset_hash 944ef91b3dc17c04c6bb601e0faac94f956d121877de2b9864988cf7c5d5cba4; code revision 43de7f8; window [2026-07-06T00:00:00Z, 2026-09-28T00:00:00Z) UTC
A3: reconciliation (run_all.py): rows, rows equal | B3: 185 | C3: 185
A5: 01_arrivals_by_hour_of_week.sql
A6: note | B6: block_utc | C6: arrivals | D6: arrivals_training | E6: arrivals_holdout | F6: staffed_hours | G6: arrivals_per_staffed_hour | H6: blocks_ranked
A7: top 1 | B7: Mon 09-11 | C7: 238 | D7: 144 | E7: 94 | F7: 179.5 | G7: 1.3259 | H7: 124
A8: top 2 | B8: Mon 10-12 | C8: 183 | D8: 108 | E8: 75 | F8: 187.94 | G8: 0.9737 | H8: 124
A9: top 3 | B9: Mon 08-10 | C9: 151 | D9: 98 | E9: 53 | F9: 157 | G9: 0.9618 | H9: 124
A10: top 4 | B10: Tue 14-16 | C10: 139 | D10: 93 | E10: 46 | F10: 152.9 | G10: 0.9091 | H10: 124
A11: top 5 | B11: Mon 13-15 | C11: 142 | D11: 88 | E11: 54 | F11: 157.5 | G11: 0.9016 | H11: 124
A12: top 6 | B12: Thu 14-16 | C12: 129 | D12: 77 | E12: 52 | F12: 145.25 | G12: 0.8881 | H12: 124
A13: median of the blocks | B13: (mean of the two middle blocks) | G13: 0.4292 | H13: 124
A14: lowest block | B14: Sun 00-02 | C14: 0 | D14: 0 | E14: 0 | F14: 44.98 | G14: 0 | H14: 124
A17: 02_wait_and_response_distributions.sql (first_response_and_wait)
A18: queue_id | B18: priority | C18: arrivals | D18: with_human_reply | E18: mean_first_response_min | F18: p90_first_response_min | G18: served | H18: mean_wait_min | I18: p90_wait_min
A19: q-001 | B19: P1 | C19: 45 | D19: 44 | E19: 9.1602 | F19: 26.5833 | G19: 44 | H19: 6.8803 | I19: 22.6
A20: q-001 | B20: P2 | C20: 431 | D20: 419 | E20: 21.724 | F20: 24.75 | G20: 419 | H20: 19.2497 | I20: 23.55
A21: q-001 | B21: P3 | C21: 846 | D21: 801 | E21: 18.0483 | F21: 41.0333 | G21: 801 | H21: 15.5235 | I21: 37.9833
A22: q-001 | B22: ALL | C22: 1322 | D22: 1264 | E22: 18.9573 | F22: 34.6 | G22: 1264 | H22: 16.4578 | I22: 32.0833
A23: q-002 | B23: P1 | C23: 148 | D23: 142 | E23: 22.8731 | F23: 25.6 | G23: 142 | H23: 20.4291 | I23: 23.1167
A24: q-002 | B24: P2 | C24: 586 | D24: 545 | E24: 38.2414 | F24: 57.5833 | G24: 545 | H24: 35.7298 | I24: 55.6167
A25: q-002 | B25: P3 | C25: 809 | D25: 747 | E25: 51.9017 | F25: 87.1167 | G25: 747 | H25: 49.4389 | I25: 85.1333
A26: q-002 | B26: ALL | C26: 1543 | D26: 1434 | E26: 43.8355 | F26: 68.45 | G26: 1434 | H26: 41.356 | I26: 66.2333
A27: q-003 | B27: P1 | C27: 43 | D27: 41 | E27: 12.426 | F27: 27.3 | G27: 41 | H27: 9.9244 | I27: 23.95
A28: q-003 | B28: P2 | C28: 370 | D28: 356 | E28: 14.6941 | F28: 29.7667 | G28: 356 | H28: 12.1977 | I28: 28.65
A29: q-003 | B29: P3 | C29: 539 | D29: 521 | E29: 16.7022 | F29: 24.5167 | G29: 521 | H29: 14.1611 | I29: 22.5167
A30: q-003 | B30: ALL | C30: 952 | D30: 918 | E30: 15.7325 | F30: 26.75 | G30: 918 | H30: 13.2105 | I30: 23.6
... A34: ALL | B34: ALL | C34: 3817 | D34: 3616 | E34: 28.0046 | F34: 44.15 | G34: 3616 | H34: 25.5073 | I34: 41.5167
A37: 03_sla_compliance_and_open_overdue.sql (compliance)
A38: window_name | B38: priority | C38: arrivals | D38: first_response_within | E38: first_response_eligible | F38: first_response_compliance | G38: arrivals_without_human_reply | H38: if_no_reply_counted_as_miss | I38: resolution_within | J38: resolution_eligible | K38: resolution_compliance | L38: resolution_misses | M38: misses_that_were_reopened
A39: full | B39: P1 | C39: 236 | D39: 187 | E39: 227 | F39: 0.823789 | G39: 9 | H39: 0.792373 | I39: 187 | J39: 227 | K39: 0.823789 | L39: 40 | M39: 18
A40: full | B40: P2 | C40: 1387 | D40: 1231 | E40: 1320 | F40: 0.932576 | G40: 67 | H40: 0.887527 | I40: 1276 | J40: 1315 | K40: 0.970342 | L40: 39 | M40: 36
A41: full | B41: P3 | C41: 2194 | D41: 2019 | E41: 2069 | F41: 0.975834 | G41: 125 | H41: 0.920237 | I41: 2066 | J41: 2066 | K41: 1 | L41: 0 | M41: 0
A42: full | B42: ALL | C42: 3817 | D42: 3437 | E42: 3616 | F42: 0.950498 | G42: 201 | H42: 0.900445 | I42: 3529 | J42: 3608 | K42: 0.978104 | L42: 79 | M42: 54
A43: training | B43: P1 | C43: 135 | D43: 108 | E43: 130 | F43: 0.830769 | G43: 5 | H43: 0.8 | I43: 110 | J43: 130 | K43: 0.846154 | L43: 20 | M43: 10
A44: training | B44: P2 | C44: 859 | D44: 765 | E44: 817 | F44: 0.936353 | G44: 42 | H44: 0.89057 | I44: 791 | J44: 813 | K44: 0.97294 | L44: 22 | M44: 20
A45: training | B45: P3 | C45: 1392 | D45: 1295 | E45: 1320 | F45: 0.981061 | G45: 72 | H45: 0.930316 | I45: 1317 | J45: 1317 | K45: 1 | L45: 0 | M45: 0
A46: training | B46: ALL | C46: 2386 | D46: 2168 | E46: 2267 | F46: 0.95633 | G46: 119 | H46: 0.908634 | I46: 2218 | J46: 2260 | K46: 0.981416 | L46: 42 | M46: 30
A47: holdout | B47: P1 | C47: 101 | D47: 79 | E47: 97 | F47: 0.814433 | G47: 4 | H47: 0.782178 | I47: 77 | J47: 97 | K47: 0.793814 | L47: 20 | M47: 8
A48: holdout | B48: P2 | C48: 528 | D48: 466 | E48: 503 | F48: 0.926441 | G48: 25 | H48: 0.882576 | I48: 485 | J48: 502 | K48: 0.966135 | L48: 17 | M48: 16
A49: holdout | B49: P3 | C49: 802 | D49: 724 | E49: 749 | F49: 0.966622 | G49: 53 | H49: 0.902743 | I49: 749 | J49: 749 | K49: 1 | L49: 0 | M49: 0
A50: holdout | B50: ALL | C50: 1431 | D50: 1269 | E50: 1349 | F50: 0.940697 | G50: 82 | H50: 0.886792 | I50: 1311 | J50: 1348 | K50: 0.972552 | L50: 37 | M50: 24
A53: 04_occupancy_by_agent_and_shift.sql (by agent)
A54: agent_id | B54: timezone | C54: employment_type | D54: shifts | E54: staffed_available_min | F54: declared_break_min | G54: recorded_break_min | H54: service_intervals | I54: handling_min | J54: occupancy
A55: agt-001 | B55: Europe/Berlin | C55: full_time | D55: 58 | E55: 26100 | F55: 1740 | G55: 1740 | H55: 350 | I55: 11912.65 | J55: 0.456423
A56: agt-002 | B56: Europe/Berlin | C56: full_time | D56: 58 | E56: 26130 | F56: 1710 | G56: 1740 | H56: 366 | I56: 11568.517 | J56: 0.442729
A57: agt-003 | B57: Europe/Berlin | C57: full_time | D57: 58 | E57: 26100 | F57: 1740 | G57: 1740 | H57: 145 | I57: 6180.4333 | J57: 0.236798
A58: agt-004 | B58: Europe/Berlin | C58: full_time | D58: 58 | E58: 26100 | F58: 1740 | G58: 1740 | H58: 341 | I58: 10039.733 | J58: 0.384664
A59: agt-005 | B59: Europe/Berlin | C59: full_time | D59: 58 | E59: 26100 | F59: 1740 | G59: 1740 | H59: 276 | I59: 12430.8 | J59: 0.476276
A60: agt-006 | B60: Europe/Berlin | C60: full_time | D60: 58 | E60: 26100 | F60: 1740 | G60: 1740 | H60: 215 | I60: 10572.867 | J60: 0.405091
A61: agt-007 | B61: Europe/Berlin | C61: part_time | D61: 46 | E61: 15180 | F61: 1380 | G61: 1380 | H61: 101 | I61: 3146.9333 | J61: 0.207308
A62: agt-008 | B62: Europe/Berlin | C62: full_time | D62: 58 | E62: 26130 | F62: 1710 | G62: 1740 | H62: 456 | I62: 16282.133 | J62: 0.62312
A63: agt-009 | B63: Europe/Berlin | C63: full_time | D63: 58 | E63: 26100 | F63: 1740 | G63: 1740 | H63: 251 | I63: 9520.6 | J63: 0.364774
A64: agt-010 | B64: America/Santiago | C64: full_time | D64: 58 | E64: 26100 | F64: 1740 | G64: 1740 | H64: 375 | I64: 13374.65 | J64: 0.512439
A65: agt-011 | B65: America/Santiago | C65: full_time | D65: 58 | E65: 26100 | F65: 1740 | G65: 1740 | H65: 403 | I65: 16586.9 | J65: 0.635513
A66: agt-012 | B66: America/Santiago | C66: full_time | D66: 58 | E66: 26100 | F66: 1740 | G66: 1740 | H66: 364 | I66: 16949.583 | J66: 0.649409
... A72: agt-018 | B72: America/Santiago | C72: full_time | D72: 58 | E72: 25830 | F72: 1710 | G72: 1710 | H72: 166 | I72: 8074.1833 | J72: 0.312589
A73: ALL | D73: 1020 | E73: 447450 | F73: 30450 | G73: 30540 | H73: 4976 | I73: 189836.27 | J73: 0.424263
A76: 05_transfer_and_reopen_effects.sql (groups)
A77: ticket_group | B77: completions | C77: share_of_completions_pct | D77: mean_resolution_min | E77: p90_resolution_min | F77: mean_wait_to_first_service_min | G77: mean_handling_min | H77: mean_dormant_gap_min
A78: neither | B78: 3095 | C78: 85.8 | D78: 89.9202 | E78: 171.95 | F78: 26.2743 | G78: 50.7405 | H78: 0
A79: transferred only | B79: 272 | C79: 7.5 | D79: 93.1684 | E79: 165.0667 | F79: 17.5408 | G79: 49.7816 | H79: 0
A80: reopened only | B80: 222 | C80: 6.2 | D80: 1188.3935 | E80: 1887.4333 | F80: 26.957 | G80: 79.859 | H80: 932.8268
A81: transferred and reopened | B81: 19 | C81: 0.5 | D81: 1388.2053 | E81: 1933.6 | F81: 6.9904 | G81: 76.586 | H81: 1124.1509
A82: ALL | B82: 3608 | C82: 100 | D82: 164.5909 | E82: 294.5833 | F82: 25.5564 | G82: 52.596 | H82: 63.3166
A85: 06_abandonment_by_channel_and_patience.sql (by channel)
A86: channel | B86: can_abandon | C86: arrivals | D86: abandoned | E86: abandonment_rate | F86: abandoned_before_first_service | G86: abandoned_after_service_began | H86: of_which_transferred | I86: mean_patience_min | J86: p90_patience_min
A87: chat | B87: true | C87: 1196 | D87: 138 | E87: 0.115385 | F87: 133 | G87: 5 | H87: 5 | I87: 18.8343 | J87: 42.4
A88: email | B88: false | C88: 1496 | D88: 0 | F88: 0 | G88: 0 | H88: 0
A89: phone | B89: true | C89: 572 | D89: 71 | E89: 0.124126 | F89: 68 | G89: 3 | H89: 3 | I89: 12.4519 | J89: 29.8
A90: web_form | B90: false | C90: 553 | D90: 0 | F90: 0 | G90: 0 | H90: 0
A91: ALL abandonable | B91: true | C91: 1768 | D91: 209 | E91: 0.118213 | F91: 201 | G91: 8 | H91: 8 | I91: 16.6661 | J91: 40.6
A94: 07_survey_response_skew.sql (by experience)
A95: experience | B95: completions | C95: invited | D95: invitation_rate | E95: valid_responses | F95: response_rate | G95: positive | H95: csat
A96: good experience | B96: 2923 | C96: 1745 | D96: 0.596989 | E96: 663 | F96: 0.379943 | G96: 585 | H96: 0.882353
A97: poor experience | B97: 685 | C97: 402 | D97: 0.586861 | E97: 87 | F97: 0.216418 | G97: 63 | H97: 0.724138
A98: ALL | B98: 3608 | C98: 2147 | D98: 0.595067 | E98: 750 | F98: 0.349325 | G98: 648 | H98: 0.864
A101: 08_rejections_and_defects_by_reason.sql (rejections)
A102: entity | B102: reason_code | C102: injected_defect | D102: rejected_rows | E102: distinct_ids | F102: first_and_last_id
A103: tickets | B103: AGENT_NOT_QUALIFIED | C103: INJ-03 | D103: 3 | E103: 3 | F103: t-0630 .. t-2422
A104: tickets | B104: CONCURRENCY_EXCEEDED | C104: INJ-04 | D104: 3 | E104: 3 | F104: t-1295 .. t-2799
A105: tickets | B105: TRANSFER_RESETS_ARRIVAL | C105: INJ-06 | D105: 3 | E105: 3 | F105: t-1066 .. t-3206
A106: ticket_events | B106: BOT_AS_HUMAN_REPLY | C106: INJ-01 | D106: 4 | E106: 4 | F106: e-00006 .. e-10283
A107: ticket_events | B107: TICKET_REJECTED | C107: dependants of INJ-03 / INJ-04 / INJ-06 | D107: 51 | E107: 51 | F107: e-03624 .. e-18340
A108: surveys | B108: TICKET_REJECTED | C108: dependants of INJ-03 / INJ-04 / INJ-06 | D108: 6 | E108: 6 | F108: sv-0576 .. sv-1793
