Workbook

Sheet Read me
A1: RetentionLab analyst workbook (P10-ART-05)
A3: What it is | B3: A formula-driven recomputation of the RetentionLab evaluation over the published synthetic snapshot rl-20261026-20261026 (dataset hash 9ebaaadab8a2f70e5f25820616391ee0aec55fbf0b121dee25460de469821b1c, code revision ce96e65, as-of 2026-10-05T00:00:00Z): the 1,513-row held-out test table of the full 2,400-account world, the 200-account cohort and its 97-account 2026-09-01 queue.
A4: The decision | B4: Which accounts deserve limited retention attention under uncertain intervention value? The workbook shows how well four models rank and score the held-out rows (the margin of the logistic model over its baselines is met by construction), how well calibrated the probabilities are, what a capacity of 5, 10 or 20 gets, what the censored tail hides, where the population drifts, and what a HYPOTHETICAL contact programme would be worth under stated assumptions.
A5: Synthetic data | B5: Everything is synthetic (a seeded generator). Simulated = what this one draw shows; hypothetical = an assumption-based value (the expected intervention value); no retention improvement is claimed and the ranking by risk is not a treatment effect.
A6: How to use it | B6: Open the .xlsx in any spreadsheet application. Controls!B3 selects the model, B5 a scenario, B11:B14 a what-if; Checks!B2 is TRUE when every figure agrees with the SQL/Python results and the golden hand answer. Nothing needs installing to read the cached values.
A7: Recalculation status | B7: openpyxl wrote formulas only; LibreOffice (headless) recalculated the delivered file. Microsoft Excel was NOT run: nothing here was opened or recalculated by Excel (docs/workbook.md).
A8: Sheets | B8: Controls, Checks, Models, Calibration, Capacity, Economics, Censored tail, Drift, Purge, Golden case, Assumptions, Scenarios, Test table (the 1,513 rows with the live per-row columns), SQL results (pasted).
A9: Colour | B9: Blue = typed input or pasted value; black = formula.

Sheet Controls
A1: Controls
A2: Change B3 (the model whose block Capacity shows), B5 (a scenario) and the what-if inputs B11:B14. Blue cells are inputs.
A3: Selected model | B3: logistic_regression
A4: Model index (1..4) | B4: =MATCH(B3,Models!A5:A8,0) -> 3
A5: Selected scenario | B5: sc-001
A6: Scenario capacity K | B6: =INDEX(Scenarios!B5:B7,MATCH(B5,Scenarios!A5:A7,0)) -> 5
A7: Scenario contact cost (USD) | B7: =INDEX(Scenarios!C5:C7,MATCH(B5,Scenarios!A5:A7,0)) -> 8
A8: Scenario assumed effect | B8: =INDEX(Scenarios!D5:D7,MATCH(B5,Scenarios!A5:A7,0)) -> 0.3
A9: Scenario margin (USD per retained account) | B9: =INDEX(Scenarios!E5:E7,MATCH(B5,Scenarios!A5:A7,0)) -> 200
A10: What-if (hypothetical, on the 97 cohort accounts)
A11: What-if capacity K | B11: 5
A12: What-if contact cost (USD) | B12: 8
A13: What-if assumed effect (share of risk removed, 0 to 1) | B13: 0.3
A14: What-if margin (USD per retained account) | B14: 200
A16: As-of (UTC) | B16: 46300
A18: All checks pass (Checks!B2) | B18: =Checks!B2 -> TRUE

Sheet Checks
A1: Checks: TRUE when every comparison with the SQL/Python results and the golden hand answer holds
A2: All checks pass | B2: =AND(F5:F74) -> TRUE
A4: # | B4: check | C4: workbook | D4: reference | E4: tolerance | F4: ok | G4: reference source
A5: 1 | B5: Average precision of random_baseline = the SQL/Python figure | C5: =Models!F5 -> 0.1267928 | D5: 0.126793 | E5: 5.0000001e-07 | F5: =ABS(C5-D5)<=E5 -> TRUE | G5: analysis-results.json 01_model_comparison__models
A6: 2 | B6: Brier score of random_baseline = the SQL/Python figure | C6: =Models!H5 -> 0.32654299 | D6: 0.326543 | E6: 5.0000001e-07 | F6: =ABS(C6-D6)<=E6 -> TRUE | G6: analysis-results.json 01_model_comparison__models
A7: 3 | B7: Average precision of business_rule = the SQL/Python figure | C7: =Models!F6 -> 0.13665283 | D7: 0.136653 | E7: 5.0000001e-07 | F7: =ABS(C7-D7)<=E7 -> TRUE | G7: analysis-results.json 01_model_comparison__models
A8: 4 | B8: Brier score of business_rule = the SQL/Python figure | C8: =Models!H6 -> 0.1092548 | D8: 0.109255 | E8: 5.0000001e-07 | F8: =ABS(C8-D8)<=E8 -> TRUE | G8: analysis-results.json 01_model_comparison__models
A9: 5 | B9: Average precision of logistic_regression = the SQL/Python figure | C9: =Models!F7 -> 0.23855217 | D9: 0.238552 | E9: 5.0000001e-07 | F9: =ABS(C9-D9)<=E9 -> TRUE | G9: analysis-results.json 01_model_comparison__models
A10: 6 | B10: Brier score of logistic_regression = the SQL/Python figure | C10: =Models!H7 -> 0.10501911 | D10: 0.105019 | E10: 5.0000001e-07 | F10: =ABS(C10-D10)<=E10 -> TRUE | G10: analysis-results.json 01_model_comparison__models
A11: 7 | B11: Average precision of prevalence_baseline = the SQL/Python figure | C11: =Models!F8 -> 0.12491738 | D11: 0.124917 | E11: 5.0000001e-07 | F11: =ABS(C11-D11)<=E11 -> TRUE | G11: analysis-results.json 01_model_comparison__models
A12: 8 | B12: Brier score of prevalence_baseline = the SQL/Python figure | C12: =Models!H8 -> 0.10966401 | D12: 0.109664 | E12: 5.0000001e-07 | F12: =ABS(C12-D12)<=E12 -> TRUE | G12: analysis-results.json 01_model_comparison__models
A13: 9 | B13: Average precision of logistic_uncalibrated = the SQL/Python figure | C13: =Models!F9 -> 0.23855217 | D13: 0.238552 | E13: 5.0000001e-07 | F13: =ABS(C13-D13)<=E13 -> TRUE | G13: analysis-results.json 01_model_comparison__models
A14: 10 | B14: Brier score of logistic_uncalibrated = the SQL/Python figure | C14: =Models!H9 -> 0.10451485 | D14: 0.104515 | E14: 5.0000001e-07 | F14: =ABS(C14-D14)<=E14 -> TRUE | G14: analysis-results.json 01_model_comparison__models
A15: 11 | B15: Margin ap_over_rule = the SQL figure | C15: =Models!C13 -> 0.101899 | D15: 0.101899 | E15: 5.0000001e-07 | F15: =ABS(C15-D15)<=E15 -> TRUE | G15: analysis-results.json 08_rows_and_margins__margins
A16: 12 | B16: Margin ap_over_random = the SQL figure | C16: =Models!C14 -> 0.111759 | D16: 0.111759 | E16: 5.0000001e-07 | F16: =ABS(C16-D16)<=E16 -> TRUE | G16: analysis-results.json 08_rows_and_margins__margins
A17: 13 | B17: Margin brier_under_rule = the SQL figure | C17: =Models!C15 -> 0.004236 | D17: 0.004236 | E17: 5.0000001e-07 | F17: =ABS(C17-D17)<=E17 -> TRUE | G17: analysis-results.json 08_rows_and_margins__margins
A18: 14 | B18: Margin brier_under_random = the SQL figure | C18: =Models!C16 -> 0.221524 | D18: 0.221524 | E18: 5.0000001e-07 | F18: =ABS(C18-D18)<=E18 -> TRUE | G18: analysis-results.json 08_rows_and_margins__margins
A19: 15 | B19: Margin ap_over_prevalence_constant (reference) = the SQL figure | C19: =Models!C17 -> 0.113635 | D19: 0.113635 | E19: 5.0000001e-07 | F19: =ABS(C19-D19)<=E19 -> TRUE | G19: analysis-results.json 08_rows_and_margins__margins
A20: 16 | B20: Margin brier_under_prevalence_constant (reference) = the SQL figure | C20: =Models!C18 -> 0.004645 | D20: 0.004645 | E20: 5.0000001e-07 | F20: =ABS(C20-D20)<=E20 -> TRUE | G20: analysis-results.json 08_rows_and_margins__margins
A21: 17 | B21: Models: rows = 1,513 for every model | C21: =SUMPRODUCT(--(Models!C5:C9=1513)) -> 5 | D21: 5 | E21: 0 | F21: =ABS(C21-D21)<=E21 -> TRUE | G21: manifest row_counts.test_cohort
A22: 18 | B22: Models: churning rows = 189 for every model | C22: =SUMPRODUCT(--(Models!D5:D9=189)) -> 5 | D22: 5 | E22: 0 | F22: =ABS(C22-D22)<=E22 -> TRUE | G22: manifest DR-01 realised
A23: 19 | B23: Calibration bins of logistic_regression (Platt): row counts = the SQL counts (sum of differences) | C23: =SUM(Calibration!K5:K14) -> 0 | D23: 0 | E23: 0 | F23: =ABS(C23-D23)<=E23 -> TRUE | G23: analysis-results.json 02_calibration_platt__bins
A24: 20 | B24: Calibration bins of logistic_regression (Platt): gaps of the occupied bins = the SQL gaps (each within the 2-place rounding) | C24: =MAX(Calibration!L5:L14) -> 0.0042633129 | D24: 0 | E24: 0.0050001 | F24: =ABS(C24-D24)<=E24 -> TRUE | G24: same
A25: 21 | B25: Calibration bins of logistic_regression (Platt): all 1,513 rows fall in a bin | C25: =SUM(Calibration!D5:D14) -> 1513 | D25: 1513 | E25: 0 | F25: =ABS(C25-D25)<=E25 -> TRUE | G25: test table
A26: 22 | B26: Calibration bins of logistic_regression (before Platt): row counts = the SQL counts (sum of differences) | C26: =SUM(Calibration!K19:K28) -> 0 | D26: 0 | E26: 0 | F26: =ABS(C26-D26)<=E26 -> TRUE | G26: analysis-results.json 02_calibration_platt__bins
A27: 23 | B27: Calibration bins of logistic_regression (before Platt): gaps of the occupied bins = the SQL gaps (each within the 2-place rounding) | C27: =MAX(Calibration!L19:L28) -> 0.0049285714 | D27: 0 | E27: 0.0050001 | F27: =ABS(C27-D27)<=E27 -> TRUE | G27: same
A28: 24 | B28: Calibration bins of logistic_regression (before Platt): all 1,513 rows fall in a bin | C28: =SUM(Calibration!D19:D28) -> 1513 | D28: 1513 | E28: 0 | F28: =ABS(C28-D28)<=E28 -> TRUE | G28: test table
A29: 25 | B29: Calibration: six of the ten bins of the Platt-calibrated model hold no rows | C29: =COUNTIF(Calibration!D5:D14,0) -> 6 | D29: 6 | E29: 0 | F29: =ABS(C29-D29)<=E29 -> TRUE | G29: analysis-results.json 02_calibration_platt__bins
A30: 26 | B30: Platt effect: Brier before Platt | C30: =Calibration!B36 -> 0.10451485 | D30: 0.104515 | E30: 5.0000001e-07 | F30: =ABS(C30-D30)<=E30 -> TRUE | G30: analysis-results.json 02_calibration_platt__platt_effect
A31: 27 | B31: Platt effect: Brier after Platt | C31: =Calibration!B37 -> 0.10501911 | D31: 0.105019 | E31: 5.0000001e-07 | F31: =ABS(C31-D31)<=E31 -> TRUE | G31: analysis-results.json 02_calibration_platt__platt_effect
A32: 28 | B32: Platt effect: Brier change | C32: =Calibration!B38 -> 0.000504 | D32: 0.000504 | E32: 5.0000001e-07 | F32: =ABS(C32-D32)<=E32 -> TRUE | G32: analysis-results.json 02_calibration_platt__platt_effect
A33: 29 | B33: Platt effect: Overall gap before (pp) | C33: =Calibration!B39 -> -2.2559106 | D33: -2.26 | E33: 0.0050001 | F33: =ABS(C33-D33)<=E33 -> TRUE | G33: analysis-results.json 02_calibration_platt__platt_effect
A34: 30 | B34: Platt effect: Overall gap after (pp) | C34: =Calibration!B40 -> -2.8603321 | D34: -2.86 | E34: 0.0050001 | F34: =ABS(C34-D34)<=E34 -> TRUE | G34: analysis-results.json 02_calibration_platt__platt_effect
A35: 31 | B35: Platt effect: Platt made the Brier worse on test (TRUE/FALSE) | C35: =Calibration!B41 -> TRUE | D35: =TRUE() -> TRUE | E35: 0 | F35: =C35=D35 -> TRUE | G35: analysis-results.json 02_calibration_platt__platt_effect
A36: 32 | B36: Calibration gaps by segment and region = the SQL gaps (largest difference, within the 2-place rounding) | C36: =MAX(Calibration!I48:I56) -> 0.0036540161 | D36: 0 | E36: 0.0050001 | F36: =ABS(C36-D36)<=E36 -> TRUE | G36: analysis-results.json 10_segment_region_calibration
A37: 33 | B37: Capacity: precision@K of every model and capacity = the SQL figures (largest absolute difference) | C37: =SUMPRODUCT(MAX(ABS(Capacity!E5:E16-Capacity!H5:H16))) -> 0 | D37: 0 | E37: 5.0000001e-07 | F37: =ABS(C37-D37)<=E37 -> TRUE | G37: analysis-results.json 03_capacity_economics__test_population_at_k
A38: 34 | B38: Capacity: recall@K of every model and capacity = the SQL figures | C38: =SUMPRODUCT(MAX(ABS(Capacity!F5:F16-Capacity!I5:I16))) -> 2.6455026e-08 | D38: 0 | E38: 5.0000001e-07 | F38: =ABS(C38-D38)<=E38 -> TRUE | G38: same
A39: 35 | B39: Capacity: risk lift@K of every model and capacity = the SQL figures | C39: =SUMPRODUCT(MAX(ABS(Capacity!G5:G16-Capacity!J5:J16))) -> 4.4973545e-07 | D39: 0 | E39: 5.0000001e-07 | F39: =ABS(C39-D39)<=E39 -> TRUE | G39: same
A40: 36 | B40: Capacity: the selected-model block equals the grid row of the selected model (precision@K, K = 5, 10, 20) | C40: =ABS(Capacity!D21-INDEX(Capacity!H5:H16,(Controls!B4-1)*3+1))+ABS(Capacity!D22-INDEX(Capacity!H5:H16,(Controls!B4-1)*3+2))+ABS(Capacity!D23-INDEX(Capacity!H5:H16,(Controls!B4-1)*3+3)) -> 0 | D40: 0 | E40: 1.5000001e-06 | F40: =ABS(C40-D40)<=E40 -> TRUE | G40: analysis-results.json 03_capacity_economics__test_population_at_k
A41: 37 | B41: Economics sc-001: the cohort expected value (97 scored accounts) = the published cohort figure | C41: =Economics!H5 -> 21.38 | D41: 21.38 | E41: 1e-07 | F41: =ABS(C41-D41)<=E41 -> TRUE | G41: manifest published_cohort.economics; analysis-results.json 03_capacity_economics__cohort_economics
A42: 38 | B42: Economics sc-001: the contact budget = K x contact cost | C42: =Economics!G5 -> 40 | D42: 40 | E42: 1e-07 | F42: =ABS(C42-D42)<=E42 -> TRUE | G42: manifest published_cohort.economics
A43: 39 | B43: Economics sc-002: the cohort expected value (97 scored accounts) = the published cohort figure | C43: =Economics!H6 -> -6.87 | D43: -6.87 | E43: 1e-07 | F43: =ABS(C43-D43)<=E43 -> TRUE | G43: manifest published_cohort.economics; analysis-results.json 03_capacity_economics__cohort_economics
A44: 40 | B44: Economics sc-002: the contact budget = K x contact cost | C44: =Economics!G6 -> 80 | D44: 80 | E44: 1e-07 | F44: =ABS(C44-D44)<=E44 -> TRUE | G44: manifest published_cohort.economics
A45: 41 | B45: Economics sc-003: the cohort expected value (97 scored accounts) = the published cohort figure | C45: =Economics!H7 -> -95.46 | D45: -95.46 | E45: 1e-07 | F45: =ABS(C45-D45)<=E45 -> TRUE | G45: manifest published_cohort.economics; analysis-results.json 03_capacity_economics__cohort_economics
A46: 42 | B46: Economics sc-003: the contact budget = K x contact cost | C46: =Economics!G7 -> 160 | D46: 160 | E46: 1e-07 | F46: =ABS(C46-D46)<=E46 -> TRUE | G46: manifest published_cohort.economics
A47: 43 | B47: Economics: the queue holds 97 scored accounts | C47: =COUNT(Economics!B5:B101) -> 97 | D47: 97 | E47: 0 | F47: =ABS(C47-D47)<=E47 -> TRUE | G47: analysis-results.json 03_capacity_economics__cohort_economics
A48: 44 | B48: Economics: the what-if with the default Controls (K 5, cost 8, effect 0.3, margin 200) reproduces scenario sc-001 | C48: =IF(AND(Controls!B11=5,Controls!B12=8,Controls!B13=0.3,Controls!B14=200),Economics!F13,Economics!H5) -> 21.38 | D48: 21.38 | E48: 1e-07 | F48: =ABS(C48-D48)<=E48 -> TRUE | G48: manifest published_cohort.economics
A49: 45 | B49: Censored tail: eligible rows (world) = 9,039 | C49: ='Censored tail'!C26 -> 9039 | D49: 9039 | E49: 0 | F49: =ABS(C49-D49)<=E49 -> TRUE | G49: analysis-results.json 04_censored_tail__world_summary; manifest population.feature_rows
A50: 46 | B50: Censored tail: censored rows (world) = 3,594 | C50: ='Censored tail'!E26 -> 3594 | D50: 3594 | E50: 0 | F50: =ABS(C50-D50)<=E50 -> TRUE | G50: same; manifest DR-05
A51: 47 | B51: Censored tail: censored share (world) = 0.397610 | C51: ='Censored tail'!G26 -> 0.39761036 | D51: 0.39761 | E51: 5.0000001e-07 | F51: =ABS(C51-D51)<=E51 -> TRUE | G51: same
A52: 48 | B52: Censored tail: mature churn rate (world) = 0.104500 | C52: ='Censored tail'!H26 -> 0.10449954 | D52: 0.1045 | E52: 5.0000001e-07 | F52: =ABS(C52-D52)<=E52 -> TRUE | G52: same
A53: 49 | B53: Censored tail: implied cancellations seen so far are whole numbers (109, 83, 48) | C53: =MAX('Censored tail'!O5:O25) -> 0.000602 | D53: 0 | E53: 0.001 | F53: =ABS(C53-D53)<=E53 -> TRUE | G53: manifest DR-05
A54: 50 | B54: Censored tail: the censored cutoffs are exactly the last three (rows with censored > 0) | C54: =COUNTIF('Censored tail'!E5:E25,">0") -> 3 | D54: 3 | E54: 0 | F54: =ABS(C54-D54)<=E54 -> TRUE | G54: manifest DR-05 immature_cutoffs
A55: 51 | B55: Censored tail: cohort censored rows = 286 (94 + 95 + 97) | C55: ='Censored tail'!L26 -> 286 | D55: 286 | E55: 0 | F55: =ABS(C55-D55)<=E55 -> TRUE | G55: analysis-results.json 04_censored_tail__cohort_by_cutoff
A56: 52 | B56: Drift: PSI of apac, other regions and all accounts at the four test cutoffs, recomputed in the workbook from the test table = the published series (largest difference) | C56: =MAX(Drift!O5:O16) -> 3.9465349e-07 | D56: 0 | E56: 5.0000001e-07 | F56: =ABS(C56-D56)<=E56 -> TRUE | G56: cutoff_aggregates.json drift.by_cutoff; analysis-results.json 07_drift_by_region
A57: 53 | B57: Drift: apac exceeds 0.2 only at 2026-05-01 among the test cutoffs | C57: =Drift!B19 -> 1 | D57: 1 | E57: 0 | F57: =ABS(C57-D57)<=E57 -> TRUE | G57: analysis-results.json 07_drift_by_region__psi_test_range
A58: 54 | B58: Drift: the whole population and the other regions never exceed 0.2 at the test cutoffs | C58: =COUNTIFS(A5:A16,"<>apac",M5:M16,TRUE()) -> 0 | D58: 0 | E58: 0 | F58: =ABS(C58-D58)<=E58 -> TRUE | G58: same
A59: 55 | B59: Drift: five apac exceedances before the change (13 months before the reference, 14 comparison cutoffs) | C59: =Drift!B45 -> 5 | D59: 5 | E59: 0 | F59: =ABS(C59-D59)<=E59 -> TRUE | G59: analysis-results.json 07_drift_by_region__published_summary
A60: 56 | B60: Drift: four of the five carry a floored bin | C60: =Drift!B46 -> 4 | D60: 4 | E60: 0 | F60: =ABS(C60-D60)<=E60 -> TRUE | G60: same
A61: 57 | B61: Drift: five exceedances from 2026-05-01 | C61: =Drift!B47 -> 5 | D61: 5 | E61: 0 | F61: =ABS(C61-D61)<=E61 -> TRUE | G61: same
A62: 58 | B62: Drift: the largest whole-population PSI is 0.043730 | C62: =Drift!B48 -> 0.04373 | D62: 0.04373 | E62: 5.0000001e-07 | F62: =ABS(C62-D62)<=E62 -> TRUE | G62: same
A63: 59 | B63: Purge: retained + dropped = rows in every range of both populations | C63: =COUNTIF(Purge!I5:I12,TRUE()) -> 8 | D63: 8 | E63: 0 | F63: =ABS(C63-D63)<=E63 -> TRUE | G63: analysis-results.json 06_purge_counts
A64: 60 | B64: Purge: whole world, train range loses 879 + 124 + 52 = 1,055 rows | C64: =SUM(Purge!E9:G9) -> 1055 | D64: 1055 | E64: 0 | F64: =ABS(C64-D64)<=E64 -> TRUE | G64: split_summary.json population.train
A65: 61 | B65: Purge: whole world, validation range loses 1,291 + 13 = 1,304 rows | C65: =SUM(Purge!E10:G10) -> 1304 | D65: 1304 | E65: 0 | F65: =ABS(C65-D65)<=E65 -> TRUE | G65: split_summary.json population.validation
A66: 62 | B66: Purge: no row of the test range or after it is dropped (both populations) | C66: =SUM(Purge!E7:G8)+SUM(Purge!E11:G12) -> 0 | D66: 0 | E66: 0 | F66: =ABS(C66-D66)<=E66 -> TRUE | G66: analysis-results.json 06_purge_counts
A67: 63 | B67: Golden case: churn rate = the hand answer | C67: ='Golden case'!B15 -> 0.5 | D67: 0.5 | E67: 5.0000001e-07 | F67: =ABS(C67-D67)<=E67 -> TRUE | G67: tests/fixtures/golden/CALCULATION.md
A68: 64 | B68: Golden case: precision at K=2 = the hand answer | C68: ='Golden case'!B16 -> 0.5 | D68: 0.5 | E68: 5.0000001e-07 | F68: =ABS(C68-D68)<=E68 -> TRUE | G68: tests/fixtures/golden/CALCULATION.md
A69: 65 | B69: Golden case: recall at K=2 = the hand answer | C69: ='Golden case'!B17 -> 0.5 | D69: 0.5 | E69: 5.0000001e-07 | F69: =ABS(C69-D69)<=E69 -> TRUE | G69: tests/fixtures/golden/CALCULATION.md
A70: 66 | B70: Golden case: risk lift at K=2 = the hand answer | C70: ='Golden case'!B18 -> 1 | D70: 1 | E70: 5.0000001e-07 | F70: =ABS(C70-D70)<=E70 -> TRUE | G70: tests/fixtures/golden/CALCULATION.md
A71: 67 | B71: Golden case: Brier score = the hand answer | C71: ='Golden case'!B19 -> 0.1925 | D71: 0.1925 | E71: 5.0000001e-07 | F71: =ABS(C71-D71)<=E71 -> TRUE | G71: tests/fixtures/golden/CALCULATION.md
A72: 68 | B72: Golden case: average precision (5/6) = the hand answer | C72: ='Golden case'!B20 -> 0.83333333 | D72: 0.83333333 | E72: 5.0000001e-07 | F72: =ABS(C72-D72)<=E72 -> TRUE | G72: tests/fixtures/golden/CALCULATION.md
A73: 69 | B73: Golden case: contact budget = the hand answer | C73: ='Golden case'!B21 -> 10 | D73: 10 | E73: 5.0000001e-07 | F73: =ABS(C73-D73)<=E73 -> TRUE | G73: tests/fixtures/golden/CALCULATION.md
A74: 70 | B74: Golden case: expected intervention value (hypothetical) = the hand answer | C74: ='Golden case'!B22 -> 8.45 | D74: 8.45 | E74: 5.0000001e-07 | F74: =ABS(C74-D74)<=E74 -> TRUE | G74: tests/fixtures/golden/CALCULATION.md

Sheet Models
A1: Model comparison on the test population (D-03, D-07 DR-01)
A2: Average precision = mean over churning rows of the precision at that row's tied threshold (scikit-learn step form). Brier = mean((p - y)^2). The margins are met BY CONSTRUCTION (D-G02).
A4: model | B4: test-table column | C4: rows | D4: churning rows | E4: prevalence | F4: average precision | G4: top-25 probability threshold (rank only inside it) | H4: Brier score | I4: mean probability | J4: reference AP (SQL 01) | K4: reference Brier (SQL 01)
A5: random_baseline | B5: L | C5: =COUNT('Test table'!$L$5:$L$1517) -> 1513 | D5: =SUM('Test table'!$K$5:$K$1517) -> 189 | E5: =D5/C5 -> 0.12491738 | F5: =SUM('Test table'!$U$5:$U$1517)/D5 -> 0.1267928 | G5: =LARGE('Test table'!$L$5:$L$1517,25) -> 0.981331 | H5: =SUM('Test table'!$Z$5:$Z$1517)/C5 -> 0.32654299 | I5: =AVERAGE('Test table'!$L$5:$L$1517) -> 0.49180276 | J5: 0.126793 | K5: 0.326543
A6: business_rule | B6: M | C6: =COUNT('Test table'!$M$5:$M$1517) -> 1513 | D6: =SUM('Test table'!$K$5:$K$1517) -> 189 | E6: =D6/C6 -> 0.12491738 | F6: =SUM('Test table'!$V$5:$V$1517)/D6 -> 0.13665283 | G6: =LARGE('Test table'!$M$5:$M$1517,25) -> 0.184211 | H6: =SUM('Test table'!$AA$5:$AA$1517)/C6 -> 0.1092548 | I6: =AVERAGE('Test table'!$M$5:$M$1517) -> 0.1038175 | J6: 0.136653 | K6: 0.109255
A7: logistic_regression | B7: N | C7: =COUNT('Test table'!$N$5:$N$1517) -> 1513 | D7: =SUM('Test table'!$K$5:$K$1517) -> 189 | E7: =D7/C7 -> 0.12491738 | F7: =SUM('Test table'!$W$5:$W$1517)/D7 -> 0.23855217 | G7: =LARGE('Test table'!$N$5:$N$1517,25) -> 0.238419 | H7: =SUM('Test table'!$AB$5:$AB$1517)/C7 -> 0.10501911 | I7: =AVERAGE('Test table'!$N$5:$N$1517) -> 0.096314061 | J7: 0.238552 | K7: 0.105019
A8: prevalence_baseline | B8: O | C8: =COUNT('Test table'!$O$5:$O$1517) -> 1513 | D8: =SUM('Test table'!$K$5:$K$1517) -> 189 | E8: =D8/C8 -> 0.12491738 | F8: =SUM('Test table'!$X$5:$X$1517)/D8 -> 0.12491738 | G8: =LARGE('Test table'!$O$5:$O$1517,25) -> 0.106183 | H8: =SUM('Test table'!$AC$5:$AC$1517)/C8 -> 0.10966401 | I8: =AVERAGE('Test table'!$O$5:$O$1517) -> 0.106183 | J8: 0.124917 | K8: 0.109664
A9: logistic_uncalibrated | B9: P | C9: =COUNT('Test table'!$P$5:$P$1517) -> 1513 | D9: =SUM('Test table'!$K$5:$K$1517) -> 189 | E9: =D9/C9 -> 0.12491738 | F9: =SUM('Test table'!$Y$5:$Y$1517)/D9 -> 0.23855217 | G9: =LARGE('Test table'!$P$5:$P$1517,25) -> 0.259675 | H9: =SUM('Test table'!$AD$5:$AD$1517)/C9 -> 0.10451485 | I9: =AVERAGE('Test table'!$P$5:$P$1517) -> 0.10235828 | J9: 0.238552 | K9: 0.104515
A11: Margins of the Platt-calibrated logistic regression
A12: margin | B12: declared before the first run (D-G01) | C12: realised (6-place figures) | D12: status | E12: reference (SQL 08)
A13: ap_over_rule | B13: 0.03 | C13: =ROUND(F7,6)-ROUND(F6,6) -> 0.101899 | D13: =IF(ISNUMBER(B13),IF(C13>=B13,"met, by construction (D-G02)","not met"),"reference, not a target") -> met, by construction (D-G02) | E13: 0.101899
A14: ap_over_random | B14: 0.05 | C14: =ROUND(F7,6)-ROUND(F5,6) -> 0.111759 | D14: =IF(ISNUMBER(B14),IF(C14>=B14,"met, by construction (D-G02)","not met"),"reference, not a target") -> met, by construction (D-G02) | E14: 0.111759
A15: brier_under_rule | B15: 0.002 | C15: =ROUND(H6,6)-ROUND(H7,6) -> 0.004236 | D15: =IF(ISNUMBER(B15),IF(C15>=B15,"met, by construction (D-G02)","not met"),"reference, not a target") -> met, by construction (D-G02) | E15: 0.004236
A16: brier_under_random | B16: 0.05 | C16: =ROUND(H5,6)-ROUND(H7,6) -> 0.221524 | D16: =IF(ISNUMBER(B16),IF(C16>=B16,"met, by construction (D-G02)","not met"),"reference, not a target") -> met, by construction (D-G02) | E16: 0.221524
A17: ap_over_prevalence_constant (reference) | C17: =ROUND(F7,6)-ROUND(F8,6) -> 0.113635 | D17: =IF(ISNUMBER(B17),IF(C17>=B17,"met, by construction (D-G02)","not met"),"reference, not a target") -> reference, not a target | E17: 0.113635
A18: brier_under_prevalence_constant (reference) | C18: =ROUND(H8,6)-ROUND(H7,6) -> 0.004645 | D18: =IF(ISNUMBER(B18),IF(C18>=B18,"met, by construction (D-G02)","not met"),"reference, not a target") -> reference, not a target | E18: 0.004645
A20: A met margin is a property of the synthetic world: the generator's engagement signal was strengthened until the margins were met (manifest D-G02). The Brier margin over the random baseline is uninformative (a uniform random score cannot beat about 0.33); the honest reference is the prevalence constant.

Sheet Calibration
A1: Calibration bins with their counts, and the effect of the Platt mapping (D-03, D-09 R10-08)
A2: bin = floor(10 p), the last closed; gap = (mean predicted - observed) x 100 pp. An empty bin has no mean, rate or gap (blank, never 0).
A3: logistic_regression (Platt)
A4: bin | B4: lower | C4: upper | D4: rows | E4: churning rows | F4: mean predicted | G4: observed rate | H4: gap (pp) | I4: reference rows (SQL 02) | J4: reference gap (pp) | K4: row diff | L4: gap diff
A5: 0 | B5: 0 | C5: 0.1 | D5: =COUNTIF('Test table'!$AE$5:$AE$1517,A5) -> 815 | E5: =COUNTIFS('Test table'!$AE$5:$AE$1517,A5,'Test table'!$K$5:$K$1517,1) -> 56 | F5: =IF(D5=0,"",AVERAGEIFS('Test table'!$N$5:$N$1517,'Test table'!$AE$5:$AE$1517,A5)) -> 0.05665429 | G5: =IF(D5=0,"",E5/D5) -> 0.068711656 | H5: =IF(D5=0,"",(F5-G5)*100) -> -1.2057367 | I5: 815 | J5: -1.21 | K5: =ABS(D5-I5) -> 0 | L5: =IF(D5=0,0,ABS(H5-J5)) -> 0.0042633129
A6: 1 | B6: 0.1 | C6: 0.2 | D6: =COUNTIF('Test table'!$AE$5:$AE$1517,A6) -> 640 | E6: =COUNTIFS('Test table'!$AE$5:$AE$1517,A6,'Test table'!$K$5:$K$1517,1) -> 117 | F6: =IF(D6=0,"",AVERAGEIFS('Test table'!$N$5:$N$1517,'Test table'!$AE$5:$AE$1517,A6)) -> 0.13324477 | G6: =IF(D6=0,"",E6/D6) -> 0.1828125 | H6: =IF(D6=0,"",(F6-G6)*100) -> -4.9567734 | I6: 640 | J6: -4.96 | K6: =ABS(D6-I6) -> 0 | L6: =IF(D6=0,0,ABS(H6-J6)) -> 0.0032265625
A7: 2 | B7: 0.2 | C7: 0.3 | D7: =COUNTIF('Test table'!$AE$5:$AE$1517,A7) -> 50 | E7: =COUNTIFS('Test table'!$AE$5:$AE$1517,A7,'Test table'!$K$5:$K$1517,1) -> 15 | F7: =IF(D7=0,"",AVERAGEIFS('Test table'!$N$5:$N$1517,'Test table'!$AE$5:$AE$1517,A7)) -> 0.23010702 | G7: =IF(D7=0,"",E7/D7) -> 0.3 | H7: =IF(D7=0,"",(F7-G7)*100) -> -6.989298 | I7: 50 | J7: -6.99 | K7: =ABS(D7-I7) -> 0 | L7: =IF(D7=0,0,ABS(H7-J7)) -> 0.000702
A8: 3 | B8: 0.3 | C8: 0.4 | D8: =COUNTIF('Test table'!$AE$5:$AE$1517,A8) -> 8 | E8: =COUNTIFS('Test table'!$AE$5:$AE$1517,A8,'Test table'!$K$5:$K$1517,1) -> 1 | F8: =IF(D8=0,"",AVERAGEIFS('Test table'!$N$5:$N$1517,'Test table'!$AE$5:$AE$1517,A8)) -> 0.345991 | G8: =IF(D8=0,"",E8/D8) -> 0.125 | H8: =IF(D8=0,"",(F8-G8)*100) -> 22.0991 | I8: 8 | J8: 22.1 | K8: =ABS(D8-I8) -> 0 | L8: =IF(D8=0,0,ABS(H8-J8)) -> 0.0009
A9: 4 | B9: 0.4 | C9: 0.5 | D9: =COUNTIF('Test table'!$AE$5:$AE$1517,A9) -> 0 | E9: =COUNTIFS('Test table'!$AE$5:$AE$1517,A9,'Test table'!$K$5:$K$1517,1) -> 0 | F9: =IF(D9=0,"",AVERAGEIFS('Test table'!$N$5:$N$1517,'Test table'!$AE$5:$AE$1517,A9)) | G9: =IF(D9=0,"",E9/D9) | H9: =IF(D9=0,"",(F9-G9)*100) | I9: 0 | K9: =ABS(D9-I9) -> 0 | L9: =IF(D9=0,0,ABS(H9-J9)) -> 0
A10: 5 | B10: 0.5 | C10: 0.6 | D10: =COUNTIF('Test table'!$AE$5:$AE$1517,A10) -> 0 | E10: =COUNTIFS('Test table'!$AE$5:$AE$1517,A10,'Test table'!$K$5:$K$1517,1) -> 0 | F10: =IF(D10=0,"",AVERAGEIFS('Test table'!$N$5:$N$1517,'Test table'!$AE$5:$AE$1517,A10)) | G10: =IF(D10=0,"",E10/D10) | H10: =IF(D10=0,"",(F10-G10)*100) | I10: 0 | K10: =ABS(D10-I10) -> 0 | L10: =IF(D10=0,0,ABS(H10-J10)) -> 0
A11: 6 | B11: 0.6 | C11: 0.7 | D11: =COUNTIF('Test table'!$AE$5:$AE$1517,A11) -> 0 | E11: =COUNTIFS('Test table'!$AE$5:$AE$1517,A11,'Test table'!$K$5:$K$1517,1) -> 0 | F11: =IF(D11=0,"",AVERAGEIFS('Test table'!$N$5:$N$1517,'Test table'!$AE$5:$AE$1517,A11)) | G11: =IF(D11=0,"",E11/D11) | H11: =IF(D11=0,"",(F11-G11)*100) | I11: 0 | K11: =ABS(D11-I11) -> 0 | L11: =IF(D11=0,0,ABS(H11-J11)) -> 0
A12: 7 | B12: 0.7 | C12: 0.8 | D12: =COUNTIF('Test table'!$AE$5:$AE$1517,A12) -> 0 | E12: =COUNTIFS('Test table'!$AE$5:$AE$1517,A12,'Test table'!$K$5:$K$1517,1) -> 0 | F12: =IF(D12=0,"",AVERAGEIFS('Test table'!$N$5:$N$1517,'Test table'!$AE$5:$AE$1517,A12)) | G12: =IF(D12=0,"",E12/D12) | H12: =IF(D12=0,"",(F12-G12)*100) | I12: 0 | K12: =ABS(D12-I12) -> 0 | L12: =IF(D12=0,0,ABS(H12-J12)) -> 0
A13: 8 | B13: 0.8 | C13: 0.9 | D13: =COUNTIF('Test table'!$AE$5:$AE$1517,A13) -> 0 | E13: =COUNTIFS('Test table'!$AE$5:$AE$1517,A13,'Test table'!$K$5:$K$1517,1) -> 0 | F13: =IF(D13=0,"",AVERAGEIFS('Test table'!$N$5:$N$1517,'Test table'!$AE$5:$AE$1517,A13)) | G13: =IF(D13=0,"",E13/D13) | H13: =IF(D13=0,"",(F13-G13)*100) | I13: 0 | K13: =ABS(D13-I13) -> 0 | L13: =IF(D13=0,0,ABS(H13-J13)) -> 0
A14: 9 | B14: 0.9 | C14: 1 | D14: =COUNTIF('Test table'!$AE$5:$AE$1517,A14) -> 0 | E14: =COUNTIFS('Test table'!$AE$5:$AE$1517,A14,'Test table'!$K$5:$K$1517,1) -> 0 | F14: =IF(D14=0,"",AVERAGEIFS('Test table'!$N$5:$N$1517,'Test table'!$AE$5:$AE$1517,A14)) | G14: =IF(D14=0,"",E14/D14) | H14: =IF(D14=0,"",(F14-G14)*100) | I14: 0 | K14: =ABS(D14-I14) -> 0 | L14: =IF(D14=0,0,ABS(H14-J14)) -> 0
A17: logistic_regression (before Platt)
A18: bin | B18: lower | C18: upper | D18: rows | E18: churning rows | F18: mean predicted | G18: observed rate | H18: gap (pp) | I18: reference rows (SQL 02) | J18: reference gap (pp) | K18: row diff | L18: gap diff
A19: 0 | B19: 0 | C19: 0.1 | D19: =COUNTIF('Test table'!$AF$5:$AF$1517,A19) -> 778 | E19: =COUNTIFS('Test table'!$AF$5:$AF$1517,A19,'Test table'!$K$5:$K$1517,1) -> 51 | F19: =IF(D19=0,"",AVERAGEIFS('Test table'!$P$5:$P$1517,'Test table'!$AF$5:$AF$1517,A19)) -> 0.056720095 | G19: =IF(D19=0,"",E19/D19) -> 0.065552699 | H19: =IF(D19=0,"",(F19-G19)*100) -> -0.88326041 | I19: 778 | J19: -0.88 | K19: =ABS(D19-I19) -> 0 | L19: =IF(D19=0,0,ABS(H19-J19)) -> 0.0032604113
A20: 1 | B20: 0.1 | C20: 0.2 | D20: =COUNTIF('Test table'!$AF$5:$AF$1517,A20) -> 653 | E20: =COUNTIFS('Test table'!$AF$5:$AF$1517,A20,'Test table'!$K$5:$K$1517,1) -> 113 | F20: =IF(D20=0,"",AVERAGEIFS('Test table'!$P$5:$P$1517,'Test table'!$AF$5:$AF$1517,A20)) -> 0.13802141 | G20: =IF(D20=0,"",E20/D20) -> 0.17304747 | H20: =IF(D20=0,"",(F20-G20)*100) -> -3.5026064 | I20: 653 | J20: -3.5 | K20: =ABS(D20-I20) -> 0 | L20: =IF(D20=0,0,ABS(H20-J20)) -> 0.0026064319
A21: 2 | B21: 0.2 | C21: 0.3 | D21: =COUNTIF('Test table'!$AF$5:$AF$1517,A21) -> 72 | E21: =COUNTIFS('Test table'!$AF$5:$AF$1517,A21,'Test table'!$K$5:$K$1517,1) -> 23 | F21: =IF(D21=0,"",AVERAGEIFS('Test table'!$P$5:$P$1517,'Test table'!$AF$5:$AF$1517,A21)) -> 0.23570743 | G21: =IF(D21=0,"",E21/D21) -> 0.31944444 | H21: =IF(D21=0,"",(F21-G21)*100) -> -8.3737014 | I21: 72 | J21: -8.37 | K21: =ABS(D21-I21) -> 0 | L21: =IF(D21=0,0,ABS(H21-J21)) -> 0.0037013889
A22: 3 | B22: 0.3 | C22: 0.4 | D22: =COUNTIF('Test table'!$AF$5:$AF$1517,A22) -> 7 | E22: =COUNTIFS('Test table'!$AF$5:$AF$1517,A22,'Test table'!$K$5:$K$1517,1) -> 2 | F22: =IF(D22=0,"",AVERAGEIFS('Test table'!$P$5:$P$1517,'Test table'!$AF$5:$AF$1517,A22)) -> 0.340665 | G22: =IF(D22=0,"",E22/D22) -> 0.28571429 | H22: =IF(D22=0,"",(F22-G22)*100) -> 5.4950714 | I22: 7 | J22: 5.5 | K22: =ABS(D22-I22) -> 0 | L22: =IF(D22=0,0,ABS(H22-J22)) -> 0.0049285714
A23: 4 | B23: 0.4 | C23: 0.5 | D23: =COUNTIF('Test table'!$AF$5:$AF$1517,A23) -> 3 | E23: =COUNTIFS('Test table'!$AF$5:$AF$1517,A23,'Test table'!$K$5:$K$1517,1) -> 0 | F23: =IF(D23=0,"",AVERAGEIFS('Test table'!$P$5:$P$1517,'Test table'!$AF$5:$AF$1517,A23)) -> 0.41875633 | G23: =IF(D23=0,"",E23/D23) -> 0 | H23: =IF(D23=0,"",(F23-G23)*100) -> 41.875633 | I23: 3 | J23: 41.88 | K23: =ABS(D23-I23) -> 0 | L23: =IF(D23=0,0,ABS(H23-J23)) -> 0.0043666667
A24: 5 | B24: 0.5 | C24: 0.6 | D24: =COUNTIF('Test table'!$AF$5:$AF$1517,A24) -> 0 | E24: =COUNTIFS('Test table'!$AF$5:$AF$1517,A24,'Test table'!$K$5:$K$1517,1) -> 0 | F24: =IF(D24=0,"",AVERAGEIFS('Test table'!$P$5:$P$1517,'Test table'!$AF$5:$AF$1517,A24)) | G24: =IF(D24=0,"",E24/D24) | H24: =IF(D24=0,"",(F24-G24)*100) | I24: 0 | K24: =ABS(D24-I24) -> 0 | L24: =IF(D24=0,0,ABS(H24-J24)) -> 0
A25: 6 | B25: 0.6 | C25: 0.7 | D25: =COUNTIF('Test table'!$AF$5:$AF$1517,A25) -> 0 | E25: =COUNTIFS('Test table'!$AF$5:$AF$1517,A25,'Test table'!$K$5:$K$1517,1) -> 0 | F25: =IF(D25=0,"",AVERAGEIFS('Test table'!$P$5:$P$1517,'Test table'!$AF$5:$AF$1517,A25)) | G25: =IF(D25=0,"",E25/D25) | H25: =IF(D25=0,"",(F25-G25)*100) | I25: 0 | K25: =ABS(D25-I25) -> 0 | L25: =IF(D25=0,0,ABS(H25-J25)) -> 0
A26: 7 | B26: 0.7 | C26: 0.8 | D26: =COUNTIF('Test table'!$AF$5:$AF$1517,A26) -> 0 | E26: =COUNTIFS('Test table'!$AF$5:$AF$1517,A26,'Test table'!$K$5:$K$1517,1) -> 0 | F26: =IF(D26=0,"",AVERAGEIFS('Test table'!$P$5:$P$1517,'Test table'!$AF$5:$AF$1517,A26)) | G26: =IF(D26=0,"",E26/D26) | H26: =IF(D26=0,"",(F26-G26)*100) | I26: 0 | K26: =ABS(D26-I26) -> 0 | L26: =IF(D26=0,0,ABS(H26-J26)) -> 0
A27: 8 | B27: 0.8 | C27: 0.9 | D27: =COUNTIF('Test table'!$AF$5:$AF$1517,A27) -> 0 | E27: =COUNTIFS('Test table'!$AF$5:$AF$1517,A27,'Test table'!$K$5:$K$1517,1) -> 0 | F27: =IF(D27=0,"",AVERAGEIFS('Test table'!$P$5:$P$1517,'Test table'!$AF$5:$AF$1517,A27)) | G27: =IF(D27=0,"",E27/D27) | H27: =IF(D27=0,"",(F27-G27)*100) | I27: 0 | K27: =ABS(D27-I27) -> 0 | L27: =IF(D27=0,0,ABS(H27-J27)) -> 0
A28: 9 | B28: 0.9 | C28: 1 | D28: =COUNTIF('Test table'!$AF$5:$AF$1517,A28) -> 0 | E28: =COUNTIFS('Test table'!$AF$5:$AF$1517,A28,'Test table'!$K$5:$K$1517,1) -> 0 | F28: =IF(D28=0,"",AVERAGEIFS('Test table'!$P$5:$P$1517,'Test table'!$AF$5:$AF$1517,A28)) | G28: =IF(D28=0,"",E28/D28) | H28: =IF(D28=0,"",(F28-G28)*100) | I28: 0 | K28: =ABS(D28-I28) -> 0 | L28: =IF(D28=0,0,ABS(H28-J28)) -> 0
A34: Platt effect on the test rows
A35: figure | B35: workbook | C35: reference (SQL 02 / calibration.json)
A36: Brier before Platt | B36: =Models!H9 -> 0.10451485 | C36: 0.104515
A37: Brier after Platt | B37: =Models!H7 -> 0.10501911 | C37: 0.105019
A38: Brier change | B38: =ROUND(Models!H7,6)-ROUND(Models!H9,6) -> 0.000504 | C38: 0.000504
A39: Overall gap before (pp) | B39: =(Models!I9-Models!E7)*100 -> -2.2559106 | C39: -2.26
A40: Overall gap after (pp) | B40: =(Models!I7-Models!E7)*100 -> -2.8603321 | C40: -2.86
A41: Platt made the Brier worse on test (TRUE/FALSE) | B41: =ROUND(Models!H7,6)>ROUND(Models!H9,6) -> TRUE | C41: =TRUE() -> TRUE
A43: The mapping was fitted on 289 retained validation rows, all from one cutoff (2025-10-01), because the label-window purge removes the later validation cutoffs; it made the model slightly worse on the four test cutoffs.
A46: Calibration gap by segment and region (Platt-calibrated model)
A47: dimension | B47: group | C47: rows | D47: churning rows | E47: mean predicted | F47: observed rate | G47: gap (pp) | H47: reference gap (pp) | I47: diff
A48: segment | B48: enterprise | C48: =COUNTIF('Test table'!$E$5:$E$1517,B48) -> 213 | D48: =COUNTIFS('Test table'!$E$5:$E$1517,B48,'Test table'!$K$5:$K$1517,1) -> 11 | E48: =AVERAGEIFS('Test table'!$N$5:$N$1517,'Test table'!$E$5:$E$1517,B48) -> 0.038806662 | F48: =D48/C48 -> 0.051643192 | G48: =(E48-F48)*100 -> -1.2836531 | H48: -1.28 | I48: =ABS(G48-H48) -> 0.0036530516
A49: segment | B49: mid | C49: =COUNTIF('Test table'!$E$5:$E$1517,B49) -> 380 | D49: =COUNTIFS('Test table'!$E$5:$E$1517,B49,'Test table'!$K$5:$K$1517,1) -> 34 | E49: =AVERAGEIFS('Test table'!$N$5:$N$1517,'Test table'!$E$5:$E$1517,B49) -> 0.069537224 | F49: =D49/C49 -> 0.089473684 | G49: =(E49-F49)*100 -> -1.9936461 | H49: -1.99 | I49: =ABS(G49-H49) -> 0.0036460526
A50: segment | B50: smb | C50: =COUNTIF('Test table'!$E$5:$E$1517,B50) -> 498 | D50: =COUNTIFS('Test table'!$E$5:$E$1517,B50,'Test table'!$K$5:$K$1517,1) -> 52 | E50: =AVERAGEIFS('Test table'!$N$5:$N$1517,'Test table'!$E$5:$E$1517,B50) -> 0.10658113 | F50: =D50/C50 -> 0.10441767 | G50: =(E50-F50)*100 -> 0.21634598 | H50: 0.22 | I50: =ABS(G50-H50) -> 0.0036540161
A51: segment | B51: starter | C51: =COUNTIF('Test table'!$E$5:$E$1517,B51) -> 422 | D51: =COUNTIFS('Test table'!$E$5:$E$1517,B51,'Test table'!$K$5:$K$1517,1) -> 92 | E51: =AVERAGEIFS('Test table'!$N$5:$N$1517,'Test table'!$E$5:$E$1517,B51) -> 0.13733604 | F51: =D51/C51 -> 0.21800948 | G51: =(E51-F51)*100 -> -8.0673441 | H51: -8.07 | I51: =ABS(G51-H51) -> 0.0026559242
A52: region | B52: amer | C52: =COUNTIF('Test table'!$F$5:$F$1517,B52) -> 597 | D52: =COUNTIFS('Test table'!$F$5:$F$1517,B52,'Test table'!$K$5:$K$1517,1) -> 58 | E52: =AVERAGEIFS('Test table'!$N$5:$N$1517,'Test table'!$F$5:$F$1517,B52) -> 0.091238395 | F52: =D52/C52 -> 0.097152429 | G52: =(E52-F52)*100 -> -0.59140335 | H52: -0.59 | I52: =ABS(G52-H52) -> 0.0014033501
A53: region | B53: anz | C53: =COUNTIF('Test table'!$F$5:$F$1517,B53) -> 135 | D53: =COUNTIFS('Test table'!$F$5:$F$1517,B53,'Test table'!$K$5:$K$1517,1) -> 17 | E53: =AVERAGEIFS('Test table'!$N$5:$N$1517,'Test table'!$F$5:$F$1517,B53) -> 0.092662081 | F53: =D53/C53 -> 0.12592593 | G53: =(E53-F53)*100 -> -3.3263844 | H53: -3.33 | I53: =ABS(G53-H53) -> 0.0036155556
A54: region | B54: apac | C54: =COUNTIF('Test table'!$F$5:$F$1517,B54) -> 233 | D54: =COUNTIFS('Test table'!$F$5:$F$1517,B54,'Test table'!$K$5:$K$1517,1) -> 49 | E54: =AVERAGEIFS('Test table'!$N$5:$N$1517,'Test table'!$F$5:$F$1517,B54) -> 0.10348107 | F54: =D54/C54 -> 0.21030043 | G54: =(E54-F54)*100 -> -10.681936 | H54: -10.68 | I54: =ABS(G54-H54) -> 0.0019360515
A55: region | B55: emea | C55: =COUNTIF('Test table'!$F$5:$F$1517,B55) -> 373 | D55: =COUNTIFS('Test table'!$F$5:$F$1517,B55,'Test table'!$K$5:$K$1517,1) -> 42 | E55: =AVERAGEIFS('Test table'!$N$5:$N$1517,'Test table'!$F$5:$F$1517,B55) -> 0.1020846 | F55: =D55/C55 -> 0.11260054 | G55: =(E55-F55)*100 -> -1.0515936 | H55: -1.05 | I55: =ABS(G55-H55) -> 0.0015935657
A56: region | B56: latam | C56: =COUNTIF('Test table'!$F$5:$F$1517,B56) -> 175 | D56: =COUNTIFS('Test table'!$F$5:$F$1517,B56,'Test table'!$K$5:$K$1517,1) -> 23 | E56: =AVERAGEIFS('Test table'!$N$5:$N$1517,'Test table'!$F$5:$F$1517,B56) -> 0.094604726 | F56: =D56/C56 -> 0.13142857 | G56: =(E56-F56)*100 -> -3.6823846 | H56: -3.68 | I56: =ABS(G56-H56) -> 0.0023845714

Sheet Capacity
A1: Precision, recall and risk lift at the three capacities, test population (outcomes known)
A2: Rank: probability descending, then account id, then the earlier cutoff. Risk lift is a ranking statistic, NOT treatment uplift. The 2026-09-01 queue has no known outcomes (Economics).
A4: model | B4: scenario | C4: K | D4: churners in top K | E4: precision@K | F4: recall@K | G4: risk lift@K | H4: reference precision (SQL 03) | I4: reference recall | J4: reference lift | K4: tie across the cut (reference)
A5: random_baseline | B5: =Scenarios!A5 -> sc-001 | C5: =Scenarios!B5 -> 5 | D5: =COUNTIFS('Test table'!$Q$5:$Q$1517,"<="&C5,'Test table'!$K$5:$K$1517,1) -> 0 | E5: =D5/C5 -> 0 | F5: =D5/Models!$D$5 -> 0 | G5: =E5/Models!$E$5 -> 0 | H5: 0 | I5: 0 | J5: 0 | K5: =FALSE() -> FALSE
A6: random_baseline | B6: =Scenarios!A6 -> sc-002 | C6: =Scenarios!B6 -> 10 | D6: =COUNTIFS('Test table'!$Q$5:$Q$1517,"<="&C6,'Test table'!$K$5:$K$1517,1) -> 1 | E6: =D6/C6 -> 0.1 | F6: =D6/Models!$D$5 -> 0.0052910053 | G6: =E6/Models!$E$5 -> 0.8005291 | H6: 0.1 | I6: 0.005291 | J6: 0.800529 | K6: =FALSE() -> FALSE
A7: random_baseline | B7: =Scenarios!A7 -> sc-003 | C7: =Scenarios!B7 -> 20 | D7: =COUNTIFS('Test table'!$Q$5:$Q$1517,"<="&C7,'Test table'!$K$5:$K$1517,1) -> 1 | E7: =D7/C7 -> 0.05 | F7: =D7/Models!$D$5 -> 0.0052910053 | G7: =E7/Models!$E$5 -> 0.40026455 | H7: 0.05 | I7: 0.005291 | J7: 0.400265 | K7: =FALSE() -> FALSE
A8: business_rule | B8: =Scenarios!A5 -> sc-001 | C8: =Scenarios!B5 -> 5 | D8: =COUNTIFS('Test table'!$R$5:$R$1517,"<="&C8,'Test table'!$K$5:$K$1517,1) -> 2 | E8: =D8/C8 -> 0.4 | F8: =D8/Models!$D$6 -> 0.010582011 | G8: =E8/Models!$E$6 -> 3.2021164 | H8: 0.4 | I8: 0.010582 | J8: 3.202116 | K8: =TRUE() -> TRUE
A9: business_rule | B9: =Scenarios!A6 -> sc-002 | C9: =Scenarios!B6 -> 10 | D9: =COUNTIFS('Test table'!$R$5:$R$1517,"<="&C9,'Test table'!$K$5:$K$1517,1) -> 3 | E9: =D9/C9 -> 0.3 | F9: =D9/Models!$D$6 -> 0.015873016 | G9: =E9/Models!$E$6 -> 2.4015873 | H9: 0.3 | I9: 0.015873 | J9: 2.401587 | K9: =TRUE() -> TRUE
A10: business_rule | B10: =Scenarios!A7 -> sc-003 | C10: =Scenarios!B7 -> 20 | D10: =COUNTIFS('Test table'!$R$5:$R$1517,"<="&C10,'Test table'!$K$5:$K$1517,1) -> 3 | E10: =D10/C10 -> 0.15 | F10: =D10/Models!$D$6 -> 0.015873016 | G10: =E10/Models!$E$6 -> 1.2007937 | H10: 0.15 | I10: 0.015873 | J10: 1.200794 | K10: =TRUE() -> TRUE
A11: logistic_regression | B11: =Scenarios!A5 -> sc-001 | C11: =Scenarios!B5 -> 5 | D11: =COUNTIFS('Test table'!$S$5:$S$1517,"<="&C11,'Test table'!$K$5:$K$1517,1) -> 0 | E11: =D11/C11 -> 0 | F11: =D11/Models!$D$7 -> 0 | G11: =E11/Models!$E$7 -> 0 | H11: 0 | I11: 0 | J11: 0 | K11: =FALSE() -> FALSE
A12: logistic_regression | B12: =Scenarios!A6 -> sc-002 | C12: =Scenarios!B6 -> 10 | D12: =COUNTIFS('Test table'!$S$5:$S$1517,"<="&C12,'Test table'!$K$5:$K$1517,1) -> 2 | E12: =D12/C12 -> 0.2 | F12: =D12/Models!$D$7 -> 0.010582011 | G12: =E12/Models!$E$7 -> 1.6010582 | H12: 0.2 | I12: 0.010582 | J12: 1.601058 | K12: =FALSE() -> FALSE
A13: logistic_regression | B13: =Scenarios!A7 -> sc-003 | C13: =Scenarios!B7 -> 20 | D13: =COUNTIFS('Test table'!$S$5:$S$1517,"<="&C13,'Test table'!$K$5:$K$1517,1) -> 5 | E13: =D13/C13 -> 0.25 | F13: =D13/Models!$D$7 -> 0.026455026 | G13: =E13/Models!$E$7 -> 2.0013228 | H13: 0.25 | I13: 0.026455 | J13: 2.001323 | K13: =FALSE() -> FALSE
A14: prevalence_baseline | B14: =Scenarios!A5 -> sc-001 | C14: =Scenarios!B5 -> 5 | D14: =COUNTIFS('Test table'!$T$5:$T$1517,"<="&C14,'Test table'!$K$5:$K$1517,1) -> 0 | E14: =D14/C14 -> 0 | F14: =D14/Models!$D$8 -> 0 | G14: =E14/Models!$E$8 -> 0 | H14: 0 | I14: 0 | J14: 0 | K14: =TRUE() -> TRUE
A15: prevalence_baseline | B15: =Scenarios!A6 -> sc-002 | C15: =Scenarios!B6 -> 10 | D15: =COUNTIFS('Test table'!$T$5:$T$1517,"<="&C15,'Test table'!$K$5:$K$1517,1) -> 0 | E15: =D15/C15 -> 0 | F15: =D15/Models!$D$8 -> 0 | G15: =E15/Models!$E$8 -> 0 | H15: 0 | I15: 0 | J15: 0 | K15: =TRUE() -> TRUE
A16: prevalence_baseline | B16: =Scenarios!A7 -> sc-003 | C16: =Scenarios!B7 -> 20 | D16: =COUNTIFS('Test table'!$T$5:$T$1517,"<="&C16,'Test table'!$K$5:$K$1517,1) -> 0 | E16: =D16/C16 -> 0 | F16: =D16/Models!$D$8 -> 0 | G16: =E16/Models!$E$8 -> 0 | H16: 0 | I16: 0 | J16: 0 | K16: =TRUE() -> TRUE
A19: Selected model (Controls!B3)
A20: scenario | B20: K | C20: churners in top K | D20: precision@K | E20: recall@K | F20: risk lift@K
A21: =Scenarios!A5 -> sc-001 | B21: =Scenarios!B5 -> 5 | C21: =INDEX(D$5:D$16,(Controls!$B$4-1)*3+1) -> 0 | D21: =INDEX(E$5:E$16,(Controls!$B$4-1)*3+1) -> 0 | E21: =INDEX(F$5:F$16,(Controls!$B$4-1)*3+1) -> 0 | F21: =INDEX(G$5:G$16,(Controls!$B$4-1)*3+1) -> 0
A22: =Scenarios!A6 -> sc-002 | B22: =Scenarios!B6 -> 10 | C22: =INDEX(D$5:D$16,(Controls!$B$4-1)*3+2) -> 2 | D22: =INDEX(E$5:E$16,(Controls!$B$4-1)*3+2) -> 0.2 | E22: =INDEX(F$5:F$16,(Controls!$B$4-1)*3+2) -> 0.010582011 | F22: =INDEX(G$5:G$16,(Controls!$B$4-1)*3+2) -> 1.6010582
A23: =Scenarios!A7 -> sc-003 | B23: =Scenarios!B7 -> 20 | C23: =INDEX(D$5:D$16,(Controls!$B$4-1)*3+3) -> 5 | D23: =INDEX(E$5:E$16,(Controls!$B$4-1)*3+3) -> 0.25 | E23: =INDEX(F$5:F$16,(Controls!$B$4-1)*3+3) -> 0.026455026 | F23: =INDEX(G$5:G$16,(Controls!$B$4-1)*3+3) -> 2.0013228

Sheet Economics
A1: Hypothetical expected intervention value (D-03, D-09 R10-04): assumption-based, by population
A2: Expected value = sum over the top-K accounts of (probability x assumed effect x margin - contact cost), rounded ONCE at the end. A ranking by risk is not a treatment effect; no randomised experiment supports the assumed effect.
A4: account_id | B4: probability (logistic, Platt) | C4: rank (p desc, account id asc) | E4: scenario | F4: capacity K | G4: contact budget (K x cost) | H4: COHORT expected value (97 scored accounts) | I4: published cohort value (manifest) | J4: WORLD expected value (1,241 scored accounts, published) | K4: world scored accounts | L4: label | M4: population note
A5: 11 | B5: 0.127847 | C5: =1+COUNTIF($B$5:$B$101,">"&B5)+COUNTIFS($B$5:$B$101,B5,$A$5:$A$101,"<"&A5) -> 27 | E5: =Scenarios!A5 -> sc-001 | F5: =Scenarios!B5 -> 5 | G5: =ROUND(F5*Scenarios!C5,2) -> 40 | H5: =ROUND(SUMPRODUCT(($C$5:$C$101<=F5)*($B$5:$B$101*Scenarios!D5*Scenarios!E5-Scenarios!C5)),2) -> 21.38 | I5: 21.38 | J5: 81.13 | K5: 1241 | L5: hypothetical | M5: cohort: computed here; world: TYPED from cutoff_aggregates.json (not recomputable from the cohort)
A6: 20 | B6: 0.09385 | C6: =1+COUNTIF($B$5:$B$101,">"&B6)+COUNTIFS($B$5:$B$101,B6,$A$5:$A$101,"<"&A6) -> 45 | E6: =Scenarios!A6 -> sc-002 | F6: =Scenarios!B6 -> 10 | G6: =ROUND(F6*Scenarios!C6,2) -> 80 | H6: =ROUND(SUMPRODUCT(($C$5:$C$101<=F6)*($B$5:$B$101*Scenarios!D6*Scenarios!E6-Scenarios!C6)),2) -> -6.87 | I6: -6.87 | J6: 71.04 | K6: 1241 | L6: hypothetical | M6: cohort: computed here; world: TYPED from cutoff_aggregates.json (not recomputable from the cohort)
A7: 43 | B7: 0.131947 | C7: =1+COUNTIF($B$5:$B$101,">"&B7)+COUNTIFS($B$5:$B$101,B7,$A$5:$A$101,"<"&A7) -> 20 | E7: =Scenarios!A7 -> sc-003 | F7: =Scenarios!B7 -> 20 | G7: =ROUND(F7*Scenarios!C7,2) -> 160 | H7: =ROUND(SUMPRODUCT(($C$5:$C$101<=F7)*($B$5:$B$101*Scenarios!D7*Scenarios!E7-Scenarios!C7)),2) -> -95.46 | I7: -95.46 | J7: -29.12 | K7: 1241 | L7: hypothetical | M7: cohort: computed here; world: TYPED from cutoff_aggregates.json (not recomputable from the cohort)
A8: 159 | B8: 0.054025 | C8: =1+COUNTIF($B$5:$B$101,">"&B8)+COUNTIFS($B$5:$B$101,B8,$A$5:$A$101,"<"&A8) -> 73
A9: 176 | B9: 0.026838 | C9: =1+COUNTIF($B$5:$B$101,">"&B9)+COUNTIFS($B$5:$B$101,B9,$A$5:$A$101,"<"&A9) -> 92
A10: 183 | B10: 0.050814 | C10: =1+COUNTIF($B$5:$B$101,">"&B10)+COUNTIFS($B$5:$B$101,B10,$A$5:$A$101,"<"&A10) -> 76 | E10: What-if (Controls!B11:B14)
A11: 185 | B11: 0.045482 | C11: =1+COUNTIF($B$5:$B$101,">"&B11)+COUNTIFS($B$5:$B$101,B11,$A$5:$A$101,"<"&A11) -> 83 | E11: capacity K | F11: =Controls!B11 -> 5
A12: 243 | B12: 0.124832 | C12: =1+COUNTIF($B$5:$B$101,">"&B12)+COUNTIFS($B$5:$B$101,B12,$A$5:$A$101,"<"&A12) -> 30 | E12: contact budget | F12: =ROUND(Controls!B11*Controls!B12,2) -> 40
A13: 247 | B13: 0.091857 | C13: =1+COUNTIF($B$5:$B$101,">"&B13)+COUNTIFS($B$5:$B$101,B13,$A$5:$A$101,"<"&A13) -> 49 | E13: HYPOTHETICAL expected value, 97 cohort accounts | F13: =ROUND(SUMPRODUCT(($C$5:$C$101<=Controls!B11)*($B$5:$B$101*Controls!B13*Controls!B14-Controls!B12)),2) -> 21.38
A14: 265 | B14: 0.161134 | C14: =1+COUNTIF($B$5:$B$101,">"&B14)+COUNTIFS($B$5:$B$101,B14,$A$5:$A$101,"<"&A14) -> 7 | E14: A what-if is an assumption, not an estimate. The same K and economics on the whole world cannot be recomputed here.
A15: 268 | B15: 0.12865 | C15: =1+COUNTIF($B$5:$B$101,">"&B15)+COUNTIFS($B$5:$B$101,B15,$A$5:$A$101,"<"&A15) -> 25
A16: 272 | B16: 0.159722 | C16: =1+COUNTIF($B$5:$B$101,">"&B16)+COUNTIFS($B$5:$B$101,B16,$A$5:$A$101,"<"&A16) -> 8 | E16: Outcomes: every row of the 2026-09-01 cutoff is censored at the as-of (label window closes 2026-12-14), so precision and recall of these queues are unknown, not zero.
A17: 291 | B17: 0.077542 | C17: =1+COUNTIF($B$5:$B$101,">"&B17)+COUNTIFS($B$5:$B$101,B17,$A$5:$A$101,"<"&A17) -> 56
A18: 317 | B18: 0.129433 | C18: =1+COUNTIF($B$5:$B$101,">"&B18)+COUNTIFS($B$5:$B$101,B18,$A$5:$A$101,"<"&A18) -> 23
A19: 383 | B19: 0.124025 | C19: =1+COUNTIF($B$5:$B$101,">"&B19)+COUNTIFS($B$5:$B$101,B19,$A$5:$A$101,"<"&A19) -> 32
A20: 421 | B20: 0.10545 | C20: =1+COUNTIF($B$5:$B$101,">"&B20)+COUNTIFS($B$5:$B$101,B20,$A$5:$A$101,"<"&A20) -> 43
A21: 445 | B21: 0.134482 | C21: =1+COUNTIF($B$5:$B$101,">"&B21)+COUNTIFS($B$5:$B$101,B21,$A$5:$A$101,"<"&A21) -> 18
A22: 449 | B22: 0.070662 | C22: =1+COUNTIF($B$5:$B$101,">"&B22)+COUNTIFS($B$5:$B$101,B22,$A$5:$A$101,"<"&A22) -> 58
A23: 468 | B23: 0.10052 | C23: =1+COUNTIF($B$5:$B$101,">"&B23)+COUNTIFS($B$5:$B$101,B23,$A$5:$A$101,"<"&A23) -> 44
A24: 680 | B24: 0.046693 | C24: =1+COUNTIF($B$5:$B$101,">"&B24)+COUNTIFS($B$5:$B$101,B24,$A$5:$A$101,"<"&A24) -> 81
A25: 700 | B25: 0.062069 | C25: =1+COUNTIF($B$5:$B$101,">"&B25)+COUNTIFS($B$5:$B$101,B25,$A$5:$A$101,"<"&A25) -> 64
A26: 703 | B26: 0.050384 | C26: =1+COUNTIF($B$5:$B$101,">"&B26)+COUNTIFS($B$5:$B$101,B26,$A$5:$A$101,"<"&A26) -> 77
A27: 712 | B27: 0.050384 | C27: =1+COUNTIF($B$5:$B$101,">"&B27)+COUNTIFS($B$5:$B$101,B27,$A$5:$A$101,"<"&A27) -> 78
A28: 754 | B28: 0.004575 | C28: =1+COUNTIF($B$5:$B$101,">"&B28)+COUNTIFS($B$5:$B$101,B28,$A$5:$A$101,"<"&A28) -> 97
... A101: 2296 | B101: 0.067519 | C101: =1+COUNTIF($B$5:$B$101,">"&B101)+COUNTIFS($B$5:$B$101,B101,$A$5:$A$101,"<"&A101) -> 60

Sheet Censored tail
A1: The censored tail by cutoff (D-01, D-07 DR-05): rows whose label window has not closed are excluded, never counted as retained
A2: World columns are TYPED from cutoff_aggregates.json (2,400 accounts); the cohort columns are TYPED from the loaded 200-account cohort (SQL 04). Shares and rates are formulas.
A4: cutoff | B4: range | C4: WORLD eligible | D4: world mature | E4: world censored | F4: world mature churned | G4: world censored share | H4: world mature churn rate | I4: published rate if censored rows were counted as non-churn | J4: implied cancellations seen so far | K4: COHORT eligible | L4: cohort censored | M4: cohort cancellations seen so far | N4: cohort censored share | O4: distance of the implied count from a whole number
A5: 45658 | B5: train | C5: 113 | D5: 113 | E5: 0 | F5: 12 | G5: =E5/C5 -> 0 | H5: =IF(D5=0,"",F5/D5) -> 0.10619469 | J5: =IF(ISNUMBER(I5),ROUND(I5*C5,0),"") | K5: 14 | L5: 0 | M5: 0 | N5: =L5/K5 -> 0 | O5: =IF(ISNUMBER(I5),ABS(J5-I5*C5),0) -> 0
A6: 45689 | B6: train | C6: 126 | D6: 126 | E6: 0 | F6: 13 | G6: =E6/C6 -> 0 | H6: =IF(D6=0,"",F6/D6) -> 0.1031746 | J6: =IF(ISNUMBER(I6),ROUND(I6*C6,0),"") | K6: 14 | L6: 0 | M6: 0 | N6: =L6/K6 -> 0 | O6: =IF(ISNUMBER(I6),ABS(J6-I6*C6),0) -> 0
A7: 45717 | B7: train | C7: 131 | D7: 131 | E7: 0 | F7: 12 | G7: =E7/C7 -> 0 | H7: =IF(D7=0,"",F7/D7) -> 0.091603053 | J7: =IF(ISNUMBER(I7),ROUND(I7*C7,0),"") | K7: 14 | L7: 0 | M7: 0 | N7: =L7/K7 -> 0 | O7: =IF(ISNUMBER(I7),ABS(J7-I7*C7),0) -> 0
A8: 45748 | B8: train | C8: 150 | D8: 150 | E8: 0 | F8: 12 | G8: =E8/C8 -> 0 | H8: =IF(D8=0,"",F8/D8) -> 0.08 | J8: =IF(ISNUMBER(I8),ROUND(I8*C8,0),"") | K8: 13 | L8: 0 | M8: 0 | N8: =L8/K8 -> 0 | O8: =IF(ISNUMBER(I8),ABS(J8-I8*C8),0) -> 0
A9: 45778 | B9: train | C9: 165 | D9: 165 | E9: 0 | F9: 13 | G9: =E9/C9 -> 0 | H9: =IF(D9=0,"",F9/D9) -> 0.078787879 | J9: =IF(ISNUMBER(I9),ROUND(I9*C9,0),"") | K9: 15 | L9: 0 | M9: 0 | N9: =L9/K9 -> 0 | O9: =IF(ISNUMBER(I9),ABS(J9-I9*C9),0) -> 0
A10: 45809 | B10: train | C10: 183 | D10: 183 | E10: 0 | F10: 17 | G10: =E10/C10 -> 0 | H10: =IF(D10=0,"",F10/D10) -> 0.092896175 | J10: =IF(ISNUMBER(I10),ROUND(I10*C10,0),"") | K10: 16 | L10: 0 | M10: 0 | N10: =L10/K10 -> 0 | O10: =IF(ISNUMBER(I10),ABS(J10-I10*C10),0) -> 0
A11: 45839 | B11: train | C11: 198 | D11: 198 | E11: 0 | F11: 20 | G11: =E11/C11 -> 0 | H11: =IF(D11=0,"",F11/D11) -> 0.1010101 | J11: =IF(ISNUMBER(I11),ROUND(I11*C11,0),"") | K11: 20 | L11: 0 | M11: 0 | N11: =L11/K11 -> 0 | O11: =IF(ISNUMBER(I11),ABS(J11-I11*C11),0) -> 0
A12: 45870 | B12: train | C12: 214 | D12: 214 | E12: 0 | F12: 27 | G12: =E12/C12 -> 0 | H12: =IF(D12=0,"",F12/D12) -> 0.12616822 | J12: =IF(ISNUMBER(I12),ROUND(I12*C12,0),"") | K12: 22 | L12: 0 | M12: 0 | N12: =L12/K12 -> 0 | O12: =IF(ISNUMBER(I12),ABS(J12-I12*C12),0) -> 0
A13: 45901 | B13: train | C13: 228 | D13: 228 | E13: 0 | F13: 23 | G13: =E13/C13 -> 0 | H13: =IF(D13=0,"",F13/D13) -> 0.10087719 | J13: =IF(ISNUMBER(I13),ROUND(I13*C13,0),"") | K13: 23 | L13: 0 | M13: 0 | N13: =L13/K13 -> 0 | O13: =IF(ISNUMBER(I13),ABS(J13-I13*C13),0) -> 0
A14: 45931 | B14: validation | C14: 300 | D14: 300 | E14: 0 | F14: 27 | G14: =E14/C14 -> 0 | H14: =IF(D14=0,"",F14/D14) -> 0.09 | J14: =IF(ISNUMBER(I14),ROUND(I14*C14,0),"") | K14: 24 | L14: 0 | M14: 0 | N14: =L14/K14 -> 0 | O14: =IF(ISNUMBER(I14),ABS(J14-I14*C14),0) -> 0
A15: 45962 | B15: validation | C15: 318 | D15: 318 | E15: 0 | F15: 25 | G15: =E15/C15 -> 0 | H15: =IF(D15=0,"",F15/D15) -> 0.078616352 | J15: =IF(ISNUMBER(I15),ROUND(I15*C15,0),"") | K15: 25 | L15: 0 | M15: 0 | N15: =L15/K15 -> 0 | O15: =IF(ISNUMBER(I15),ABS(J15-I15*C15),0) -> 0
A16: 45992 | B16: validation | C16: 329 | D16: 329 | E16: 0 | F16: 26 | G16: =E16/C16 -> 0 | H16: =IF(D16=0,"",F16/D16) -> 0.079027356 | J16: =IF(ISNUMBER(I16),ROUND(I16*C16,0),"") | K16: 28 | L16: 0 | M16: 0 | N16: =L16/K16 -> 0 | O16: =IF(ISNUMBER(I16),ABS(J16-I16*C16),0) -> 0
... A22: 46174 | B22: outside | C22: 1124 | D22: 1124 | E22: 0 | F22: 117 | G22: =E22/C22 -> 0 | H22: =IF(D22=0,"",F22/D22) -> 0.10409253 | J22: =IF(ISNUMBER(I22),ROUND(I22*C22,0),"") | K22: 90 | L22: 0 | M22: 0 | N22: =L22/K22 -> 0 | O22: =IF(ISNUMBER(I22),ABS(J22-I22*C22),0) -> 0
A23: 46204 | B23: outside | C23: 1154 | D23: 0 | E23: 1154 | F23: 0 | G23: =E23/C23 -> 1 | H23: =IF(D23=0,"",F23/D23) | I23: 0.094454 | J23: =IF(ISNUMBER(I23),ROUND(I23*C23,0),"") -> 109 | K23: 94 | L23: 94 | M23: 11 | N23: =L23/K23 -> 1 | O23: =IF(ISNUMBER(I23),ABS(J23-I23*C23),0) -> 8.4e-05
A24: 46235 | B24: outside | C24: 1199 | D24: 0 | E24: 1199 | F24: 0 | G24: =E24/C24 -> 1 | H24: =IF(D24=0,"",F24/D24) | I24: 0.069224 | J24: =IF(ISNUMBER(I24),ROUND(I24*C24,0),"") -> 83 | K24: 95 | L24: 95 | M24: 9 | N24: =L24/K24 -> 1 | O24: =IF(ISNUMBER(I24),ABS(J24-I24*C24),0) -> 0.000424
A25: 46266 | B25: outside | C25: 1241 | D25: 0 | E25: 1241 | F25: 0 | G25: =E25/C25 -> 1 | H25: =IF(D25=0,"",F25/D25) | I25: 0.038678 | J25: =IF(ISNUMBER(I25),ROUND(I25*C25,0),"") -> 48 | K25: 97 | L25: 97 | M25: 4 | N25: =L25/K25 -> 1 | O25: =IF(ISNUMBER(I25),ABS(J25-I25*C25),0) -> 0.000602
A26: Total | C26: =SUM(C5:C25) -> 9039 | D26: =SUM(D5:D25) -> 5445 | E26: =SUM(E5:E25) -> 3594 | F26: =SUM(F5:F25) -> 569 | G26: =E26/C26 -> 0.39761036 | H26: =F26/D26 -> 0.10449954 | K26: =SUM(K5:K25) -> 765 | L26: =SUM(L5:L25) -> 286 | M26: =SUM(M5:M25) -> 24 | N26: =L26/K26 -> 0.37385621
A28: If censored rows were counted as retained, the last three cutoffs would show 9.4 %, 6.9 % and 3.9 % churn (world) instead of an unknown: the rate collapses towards zero the nearer the cutoff is to the as-of.

Sheet Drift
A1: Population drift of usage_events_30d by region (D-03 P10-MET-11, D-P10-10)
A2: PSI = sum (actual - expected) x LN(actual / expected) over bins [0,1), [1,3), [3,inf); a zero proportion is replaced by 0.0001 (floored, counted). The 0.2 threshold is a diagnostic, not proof. Reference = the 2026-02-01 cohort.
A4: group | B4: cutoff index | C4: cur 0 | D4: cur 1-2 | E4: cur 3+ | F4: ref 0 | G4: ref 1-2 | H4: ref 3+ | I4: current rows | J4: reference rows | K4: floored bins | L4: PSI (workbook) | M4: exceeds 0.2 | N4: PSI published (full world) | O4: diff
A5: apac | B5: 0 | C5: =COUNTIFS('Test table'!$C$5:$C$1517,$B5,'Test table'!$F$5:$F$1517,"apac",'Test table'!$G$5:$G$1517,">=0",'Test table'!$G$5:$G$1517,"<1") -> 5 | D5: =COUNTIFS('Test table'!$C$5:$C$1517,$B5,'Test table'!$F$5:$F$1517,"apac",'Test table'!$G$5:$G$1517,">=1",'Test table'!$G$5:$G$1517,"<3") -> 7 | E5: =COUNTIFS('Test table'!$C$5:$C$1517,$B5,'Test table'!$F$5:$F$1517,"apac",'Test table'!$G$5:$G$1517,">=3") -> 45 | F5: =COUNTIFS('Test table'!$C$5:$C$1517,0,'Test table'!$F$5:$F$1517,"apac",'Test table'!$G$5:$G$1517,">=0",'Test table'!$G$5:$G$1517,"<1") -> 5 | G5: =COUNTIFS('Test table'!$C$5:$C$1517,0,'Test table'!$F$5:$F$1517,"apac",'Test table'!$G$5:$G$1517,">=1",'Test table'!$G$5:$G$1517,"<3") -> 7 | H5: =COUNTIFS('Test table'!$C$5:$C$1517,0,'Test table'!$F$5:$F$1517,"apac",'Test table'!$G$5:$G$1517,">=3") -> 45 | I5: =SUM(C5:E5) -> 57 | J5: =SUM(F5:H5) -> 57 | K5: =SUMPRODUCT(--((C5:E5=0)+(F5:H5=0)>0)) -> 0 | L5: =((IF(C5=0,0.0001,C5/$I5)-IF(F5=0,0.0001,F5/$J5))*LN(IF(C5=0,0.0001,C5/$I5)/IF(F5=0,0.0001,F5/$J5)))+((IF(D5=0,0.0001,D5/$I5)-IF(G5=0,0.0001,G5/$J5))*LN(IF(D5=0,0.0001,D5/$I5)/IF(G5=0,0.0001,G5/$J5)))+((IF(E5=0,0.0001,E5/$I5)-IF(H5=0,0.0001,H5/$J5))*LN(IF(E5=0,0.0001,E5/$I5)/IF(H5=0,0.0001,H5/$J5))) -> 0 | M5: =L5>0.2 -> FALSE | N5: 0 | O5: =ABS(L5-N5) -> 0
A6: apac | B6: 1 | C6: =COUNTIFS('Test table'!$C$5:$C$1517,$B6,'Test table'!$F$5:$F$1517,"apac",'Test table'!$G$5:$G$1517,">=0",'Test table'!$G$5:$G$1517,"<1") -> 1 | D6: =COUNTIFS('Test table'!$C$5:$C$1517,$B6,'Test table'!$F$5:$F$1517,"apac",'Test table'!$G$5:$G$1517,">=1",'Test table'!$G$5:$G$1517,"<3") -> 11 | E6: =COUNTIFS('Test table'!$C$5:$C$1517,$B6,'Test table'!$F$5:$F$1517,"apac",'Test table'!$G$5:$G$1517,">=3") -> 47 | F6: =COUNTIFS('Test table'!$C$5:$C$1517,0,'Test table'!$F$5:$F$1517,"apac",'Test table'!$G$5:$G$1517,">=0",'Test table'!$G$5:$G$1517,"<1") -> 5 | G6: =COUNTIFS('Test table'!$C$5:$C$1517,0,'Test table'!$F$5:$F$1517,"apac",'Test table'!$G$5:$G$1517,">=1",'Test table'!$G$5:$G$1517,"<3") -> 7 | H6: =COUNTIFS('Test table'!$C$5:$C$1517,0,'Test table'!$F$5:$F$1517,"apac",'Test table'!$G$5:$G$1517,">=3") -> 45 | I6: =SUM(C6:E6) -> 59 | J6: =SUM(F6:H6) -> 57 | K6: =SUMPRODUCT(--((C6:E6=0)+(F6:H6=0)>0)) -> 0 | L6: =((IF(C6=0,0.0001,C6/$I6)-IF(F6=0,0.0001,F6/$J6))*LN(IF(C6=0,0.0001,C6/$I6)/IF(F6=0,0.0001,F6/$J6)))+((IF(D6=0,0.0001,D6/$I6)-IF(G6=0,0.0001,G6/$J6))*LN(IF(D6=0,0.0001,D6/$I6)/IF(G6=0,0.0001,G6/$J6)))+((IF(E6=0,0.0001,E6/$I6)-IF(H6=0,0.0001,H6/$J6))*LN(IF(E6=0,0.0001,E6/$I6)/IF(H6=0,0.0001,H6/$J6))) -> 0.14297195 | M6: =L6>0.2 -> FALSE | N6: 0.142972 | O6: =ABS(L6-N6) -> 4.5695247e-08
A7: apac | B7: 2 | C7: =COUNTIFS('Test table'!$C$5:$C$1517,$B7,'Test table'!$F$5:$F$1517,"apac",'Test table'!$G$5:$G$1517,">=0",'Test table'!$G$5:$G$1517,"<1") -> 3 | D7: =COUNTIFS('Test table'!$C$5:$C$1517,$B7,'Test table'!$F$5:$F$1517,"apac",'Test table'!$G$5:$G$1517,">=1",'Test table'!$G$5:$G$1517,"<3") -> 12 | E7: =COUNTIFS('Test table'!$C$5:$C$1517,$B7,'Test table'!$F$5:$F$1517,"apac",'Test table'!$G$5:$G$1517,">=3") -> 46 | F7: =COUNTIFS('Test table'!$C$5:$C$1517,0,'Test table'!$F$5:$F$1517,"apac",'Test table'!$G$5:$G$1517,">=0",'Test table'!$G$5:$G$1517,"<1") -> 5 | G7: =COUNTIFS('Test table'!$C$5:$C$1517,0,'Test table'!$F$5:$F$1517,"apac",'Test table'!$G$5:$G$1517,">=1",'Test table'!$G$5:$G$1517,"<3") -> 7 | H7: =COUNTIFS('Test table'!$C$5:$C$1517,0,'Test table'!$F$5:$F$1517,"apac",'Test table'!$G$5:$G$1517,">=3") -> 45 | I7: =SUM(C7:E7) -> 61 | J7: =SUM(F7:H7) -> 57 | K7: =SUMPRODUCT(--((C7:E7=0)+(F7:H7=0)>0)) -> 0 | L7: =((IF(C7=0,0.0001,C7/$I7)-IF(F7=0,0.0001,F7/$J7))*LN(IF(C7=0,0.0001,C7/$I7)/IF(F7=0,0.0001,F7/$J7)))+((IF(D7=0,0.0001,D7/$I7)-IF(G7=0,0.0001,G7/$J7))*LN(IF(D7=0,0.0001,D7/$I7)/IF(G7=0,0.0001,G7/$J7)))+((IF(E7=0,0.0001,E7/$I7)-IF(H7=0,0.0001,H7/$J7))*LN(IF(E7=0,0.0001,E7/$I7)/IF(H7=0,0.0001,H7/$J7))) -> 0.058748728 | M7: =L7>0.2 -> FALSE | N7: 0.058749 | O7: =ABS(L7-N7) -> 2.7157132e-07
A8: apac | B8: 3 | C8: =COUNTIFS('Test table'!$C$5:$C$1517,$B8,'Test table'!$F$5:$F$1517,"apac",'Test table'!$G$5:$G$1517,">=0",'Test table'!$G$5:$G$1517,"<1") -> 8 | D8: =COUNTIFS('Test table'!$C$5:$C$1517,$B8,'Test table'!$F$5:$F$1517,"apac",'Test table'!$G$5:$G$1517,">=1",'Test table'!$G$5:$G$1517,"<3") -> 22 | E8: =COUNTIFS('Test table'!$C$5:$C$1517,$B8,'Test table'!$F$5:$F$1517,"apac",'Test table'!$G$5:$G$1517,">=3") -> 26 | F8: =COUNTIFS('Test table'!$C$5:$C$1517,0,'Test table'!$F$5:$F$1517,"apac",'Test table'!$G$5:$G$1517,">=0",'Test table'!$G$5:$G$1517,"<1") -> 5 | G8: =COUNTIFS('Test table'!$C$5:$C$1517,0,'Test table'!$F$5:$F$1517,"apac",'Test table'!$G$5:$G$1517,">=1",'Test table'!$G$5:$G$1517,"<3") -> 7 | H8: =COUNTIFS('Test table'!$C$5:$C$1517,0,'Test table'!$F$5:$F$1517,"apac",'Test table'!$G$5:$G$1517,">=3") -> 45 | I8: =SUM(C8:E8) -> 56 | J8: =SUM(F8:H8) -> 57 | K8: =SUMPRODUCT(--((C8:E8=0)+(F8:H8=0)>0)) -> 0 | L8: =((IF(C8=0,0.0001,C8/$I8)-IF(F8=0,0.0001,F8/$J8))*LN(IF(C8=0,0.0001,C8/$I8)/IF(F8=0,0.0001,F8/$J8)))+((IF(D8=0,0.0001,D8/$I8)-IF(G8=0,0.0001,G8/$J8))*LN(IF(D8=0,0.0001,D8/$I8)/IF(G8=0,0.0001,G8/$J8)))+((IF(E8=0,0.0001,E8/$I8)-IF(H8=0,0.0001,H8/$J8))*LN(IF(E8=0,0.0001,E8/$I8)/IF(H8=0,0.0001,H8/$J8))) -> 0.51354516 | M8: =L8>0.2 -> TRUE | N8: 0.513545 | O8: =ABS(L8-N8) -> 1.575726e-07
A9: other_regions | B9: 0 | C9: =COUNTIFS('Test table'!$C$5:$C$1517,$B9,'Test table'!$F$5:$F$1517,"<>apac",'Test table'!$G$5:$G$1517,">=0",'Test table'!$G$5:$G$1517,"<1") -> 9 | D9: =COUNTIFS('Test table'!$C$5:$C$1517,$B9,'Test table'!$F$5:$F$1517,"<>apac",'Test table'!$G$5:$G$1517,">=1",'Test table'!$G$5:$G$1517,"<3") -> 61 | E9: =COUNTIFS('Test table'!$C$5:$C$1517,$B9,'Test table'!$F$5:$F$1517,"<>apac",'Test table'!$G$5:$G$1517,">=3") -> 237 | F9: =COUNTIFS('Test table'!$C$5:$C$1517,0,'Test table'!$F$5:$F$1517,"<>apac",'Test table'!$G$5:$G$1517,">=0",'Test table'!$G$5:$G$1517,"<1") -> 9 | G9: =COUNTIFS('Test table'!$C$5:$C$1517,0,'Test table'!$F$5:$F$1517,"<>apac",'Test table'!$G$5:$G$1517,">=1",'Test table'!$G$5:$G$1517,"<3") -> 61 | H9: =COUNTIFS('Test table'!$C$5:$C$1517,0,'Test table'!$F$5:$F$1517,"<>apac",'Test table'!$G$5:$G$1517,">=3") -> 237 | I9: =SUM(C9:E9) -> 307 | J9: =SUM(F9:H9) -> 307 | K9: =SUMPRODUCT(--((C9:E9=0)+(F9:H9=0)>0)) -> 0 | L9: =((IF(C9=0,0.0001,C9/$I9)-IF(F9=0,0.0001,F9/$J9))*LN(IF(C9=0,0.0001,C9/$I9)/IF(F9=0,0.0001,F9/$J9)))+((IF(D9=0,0.0001,D9/$I9)-IF(G9=0,0.0001,G9/$J9))*LN(IF(D9=0,0.0001,D9/$I9)/IF(G9=0,0.0001,G9/$J9)))+((IF(E9=0,0.0001,E9/$I9)-IF(H9=0,0.0001,H9/$J9))*LN(IF(E9=0,0.0001,E9/$I9)/IF(H9=0,0.0001,H9/$J9))) -> 0 | M9: =L9>0.2 -> FALSE | N9: 0 | O9: =ABS(L9-N9) -> 0
A10: other_regions | B10: 1 | C10: =COUNTIFS('Test table'!$C$5:$C$1517,$B10,'Test table'!$F$5:$F$1517,"<>apac",'Test table'!$G$5:$G$1517,">=0",'Test table'!$G$5:$G$1517,"<1") -> 4 | D10: =COUNTIFS('Test table'!$C$5:$C$1517,$B10,'Test table'!$F$5:$F$1517,"<>apac",'Test table'!$G$5:$G$1517,">=1",'Test table'!$G$5:$G$1517,"<3") -> 55 | E10: =COUNTIFS('Test table'!$C$5:$C$1517,$B10,'Test table'!$F$5:$F$1517,"<>apac",'Test table'!$G$5:$G$1517,">=3") -> 254 | F10: =COUNTIFS('Test table'!$C$5:$C$1517,0,'Test table'!$F$5:$F$1517,"<>apac",'Test table'!$G$5:$G$1517,">=0",'Test table'!$G$5:$G$1517,"<1") -> 9 | G10: =COUNTIFS('Test table'!$C$5:$C$1517,0,'Test table'!$F$5:$F$1517,"<>apac",'Test table'!$G$5:$G$1517,">=1",'Test table'!$G$5:$G$1517,"<3") -> 61 | H10: =COUNTIFS('Test table'!$C$5:$C$1517,0,'Test table'!$F$5:$F$1517,"<>apac",'Test table'!$G$5:$G$1517,">=3") -> 237 | I10: =SUM(C10:E10) -> 313 | J10: =SUM(F10:H10) -> 307 | K10: =SUMPRODUCT(--((C10:E10=0)+(F10:H10=0)>0)) -> 0 | L10: =((IF(C10=0,0.0001,C10/$I10)-IF(F10=0,0.0001,F10/$J10))*LN(IF(C10=0,0.0001,C10/$I10)/IF(F10=0,0.0001,F10/$J10)))+((IF(D10=0,0.0001,D10/$I10)-IF(G10=0,0.0001,G10/$J10))*LN(IF(D10=0,0.0001,D10/$I10)/IF(G10=0,0.0001,G10/$J10)))+((IF(E10=0,0.0001,E10/$I10)-IF(H10=0,0.0001,H10/$J10))*LN(IF(E10=0,0.0001,E10/$I10)/IF(H10=0,0.0001,H10/$J10))) -> 0.018526395 | M10: =L10>0.2 -> FALSE | N10: 0.018526 | O10: =ABS(L10-N10) -> 3.9465349e-07
A11: other_regions | B11: 2 | C11: =COUNTIFS('Test table'!$C$5:$C$1517,$B11,'Test table'!$F$5:$F$1517,"<>apac",'Test table'!$G$5:$G$1517,">=0",'Test table'!$G$5:$G$1517,"<1") -> 8 | D11: =COUNTIFS('Test table'!$C$5:$C$1517,$B11,'Test table'!$F$5:$F$1517,"<>apac",'Test table'!$G$5:$G$1517,">=1",'Test table'!$G$5:$G$1517,"<3") -> 49 | E11: =COUNTIFS('Test table'!$C$5:$C$1517,$B11,'Test table'!$F$5:$F$1517,"<>apac",'Test table'!$G$5:$G$1517,">=3") -> 267 | F11: =COUNTIFS('Test table'!$C$5:$C$1517,0,'Test table'!$F$5:$F$1517,"<>apac",'Test table'!$G$5:$G$1517,">=0",'Test table'!$G$5:$G$1517,"<1") -> 9 | G11: =COUNTIFS('Test table'!$C$5:$C$1517,0,'Test table'!$F$5:$F$1517,"<>apac",'Test table'!$G$5:$G$1517,">=1",'Test table'!$G$5:$G$1517,"<3") -> 61 | H11: =COUNTIFS('Test table'!$C$5:$C$1517,0,'Test table'!$F$5:$F$1517,"<>apac",'Test table'!$G$5:$G$1517,">=3") -> 237 | I11: =SUM(C11:E11) -> 324 | J11: =SUM(F11:H11) -> 307 | K11: =SUMPRODUCT(--((C11:E11=0)+(F11:H11=0)>0)) -> 0 | L11: =((IF(C11=0,0.0001,C11/$I11)-IF(F11=0,0.0001,F11/$J11))*LN(IF(C11=0,0.0001,C11/$I11)/IF(F11=0,0.0001,F11/$J11)))+((IF(D11=0,0.0001,D11/$I11)-IF(G11=0,0.0001,G11/$J11))*LN(IF(D11=0,0.0001,D11/$I11)/IF(G11=0,0.0001,G11/$J11)))+((IF(E11=0,0.0001,E11/$I11)-IF(H11=0,0.0001,H11/$J11))*LN(IF(E11=0,0.0001,E11/$I11)/IF(H11=0,0.0001,H11/$J11))) -> 0.017149714 | M11: =L11>0.2 -> FALSE | N11: 0.01715 | O11: =ABS(L11-N11) -> 2.8562217e-07
A12: other_regions | B12: 3 | C12: =COUNTIFS('Test table'!$C$5:$C$1517,$B12,'Test table'!$F$5:$F$1517,"<>apac",'Test table'!$G$5:$G$1517,">=0",'Test table'!$G$5:$G$1517,"<1") -> 5 | D12: =COUNTIFS('Test table'!$C$5:$C$1517,$B12,'Test table'!$F$5:$F$1517,"<>apac",'Test table'!$G$5:$G$1517,">=1",'Test table'!$G$5:$G$1517,"<3") -> 72 | E12: =COUNTIFS('Test table'!$C$5:$C$1517,$B12,'Test table'!$F$5:$F$1517,"<>apac",'Test table'!$G$5:$G$1517,">=3") -> 259 | F12: =COUNTIFS('Test table'!$C$5:$C$1517,0,'Test table'!$F$5:$F$1517,"<>apac",'Test table'!$G$5:$G$1517,">=0",'Test table'!$G$5:$G$1517,"<1") -> 9 | G12: =COUNTIFS('Test table'!$C$5:$C$1517,0,'Test table'!$F$5:$F$1517,"<>apac",'Test table'!$G$5:$G$1517,">=1",'Test table'!$G$5:$G$1517,"<3") -> 61 | H12: =COUNTIFS('Test table'!$C$5:$C$1517,0,'Test table'!$F$5:$F$1517,"<>apac",'Test table'!$G$5:$G$1517,">=3") -> 237 | I12: =SUM(C12:E12) -> 336 | J12: =SUM(F12:H12) -> 307 | K12: =SUMPRODUCT(--((C12:E12=0)+(F12:H12=0)>0)) -> 0 | L12: =((IF(C12=0,0.0001,C12/$I12)-IF(F12=0,0.0001,F12/$J12))*LN(IF(C12=0,0.0001,C12/$I12)/IF(F12=0,0.0001,F12/$J12)))+((IF(D12=0,0.0001,D12/$I12)-IF(G12=0,0.0001,G12/$J12))*LN(IF(D12=0,0.0001,D12/$I12)/IF(G12=0,0.0001,G12/$J12)))+((IF(E12=0,0.0001,E12/$I12)-IF(H12=0,0.0001,H12/$J12))*LN(IF(E12=0,0.0001,E12/$I12)/IF(H12=0,0.0001,H12/$J12))) -> 0.010966776 | M12: =L12>0.2 -> FALSE | N12: 0.010967 | O12: =ABS(L12-N12) -> 2.2371569e-07
A13: all_accounts | B13: 0 | C13: =COUNTIFS('Test table'!$C$5:$C$1517,$B13,'Test table'!$G$5:$G$1517,">=0",'Test table'!$G$5:$G$1517,"<1") -> 14 | D13: =COUNTIFS('Test table'!$C$5:$C$1517,$B13,'Test table'!$G$5:$G$1517,">=1",'Test table'!$G$5:$G$1517,"<3") -> 68 | E13: =COUNTIFS('Test table'!$C$5:$C$1517,$B13,'Test table'!$G$5:$G$1517,">=3") -> 282 | F13: =COUNTIFS('Test table'!$C$5:$C$1517,0,'Test table'!$G$5:$G$1517,">=0",'Test table'!$G$5:$G$1517,"<1") -> 14 | G13: =COUNTIFS('Test table'!$C$5:$C$1517,0,'Test table'!$G$5:$G$1517,">=1",'Test table'!$G$5:$G$1517,"<3") -> 68 | H13: =COUNTIFS('Test table'!$C$5:$C$1517,0,'Test table'!$G$5:$G$1517,">=3") -> 282 | I13: =SUM(C13:E13) -> 364 | J13: =SUM(F13:H13) -> 364 | K13: =SUMPRODUCT(--((C13:E13=0)+(F13:H13=0)>0)) -> 0 | L13: =((IF(C13=0,0.0001,C13/$I13)-IF(F13=0,0.0001,F13/$J13))*LN(IF(C13=0,0.0001,C13/$I13)/IF(F13=0,0.0001,F13/$J13)))+((IF(D13=0,0.0001,D13/$I13)-IF(G13=0,0.0001,G13/$J13))*LN(IF(D13=0,0.0001,D13/$I13)/IF(G13=0,0.0001,G13/$J13)))+((IF(E13=0,0.0001,E13/$I13)-IF(H13=0,0.0001,H13/$J13))*LN(IF(E13=0,0.0001,E13/$I13)/IF(H13=0,0.0001,H13/$J13))) -> 0 | M13: =L13>0.2 -> FALSE | N13: 0 | O13: =ABS(L13-N13) -> 0
A14: all_accounts | B14: 1 | C14: =COUNTIFS('Test table'!$C$5:$C$1517,$B14,'Test table'!$G$5:$G$1517,">=0",'Test table'!$G$5:$G$1517,"<1") -> 5 | D14: =COUNTIFS('Test table'!$C$5:$C$1517,$B14,'Test table'!$G$5:$G$1517,">=1",'Test table'!$G$5:$G$1517,"<3") -> 66 | E14: =COUNTIFS('Test table'!$C$5:$C$1517,$B14,'Test table'!$G$5:$G$1517,">=3") -> 301 | F14: =COUNTIFS('Test table'!$C$5:$C$1517,0,'Test table'!$G$5:$G$1517,">=0",'Test table'!$G$5:$G$1517,"<1") -> 14 | G14: =COUNTIFS('Test table'!$C$5:$C$1517,0,'Test table'!$G$5:$G$1517,">=1",'Test table'!$G$5:$G$1517,"<3") -> 68 | H14: =COUNTIFS('Test table'!$C$5:$C$1517,0,'Test table'!$G$5:$G$1517,">=3") -> 282 | I14: =SUM(C14:E14) -> 372 | J14: =SUM(F14:H14) -> 364 | K14: =SUMPRODUCT(--((C14:E14=0)+(F14:H14=0)>0)) -> 0 | L14: =((IF(C14=0,0.0001,C14/$I14)-IF(F14=0,0.0001,F14/$J14))*LN(IF(C14=0,0.0001,C14/$I14)/IF(F14=0,0.0001,F14/$J14)))+((IF(D14=0,0.0001,D14/$I14)-IF(G14=0,0.0001,G14/$J14))*LN(IF(D14=0,0.0001,D14/$I14)/IF(G14=0,0.0001,G14/$J14)))+((IF(E14=0,0.0001,E14/$I14)-IF(H14=0,0.0001,H14/$J14))*LN(IF(E14=0,0.0001,E14/$I14)/IF(H14=0,0.0001,H14/$J14))) -> 0.028286146 | M14: =L14>0.2 -> FALSE | N14: 0.028286 | O14: =ABS(L14-N14) -> 1.4585323e-07
A15: all_accounts | B15: 2 | C15: =COUNTIFS('Test table'!$C$5:$C$1517,$B15,'Test table'!$G$5:$G$1517,">=0",'Test table'!$G$5:$G$1517,"<1") -> 11 | D15: =COUNTIFS('Test table'!$C$5:$C$1517,$B15,'Test table'!$G$5:$G$1517,">=1",'Test table'!$G$5:$G$1517,"<3") -> 61 | E15: =COUNTIFS('Test table'!$C$5:$C$1517,$B15,'Test table'!$G$5:$G$1517,">=3") -> 313 | F15: =COUNTIFS('Test table'!$C$5:$C$1517,0,'Test table'!$G$5:$G$1517,">=0",'Test table'!$G$5:$G$1517,"<1") -> 14 | G15: =COUNTIFS('Test table'!$C$5:$C$1517,0,'Test table'!$G$5:$G$1517,">=1",'Test table'!$G$5:$G$1517,"<3") -> 68 | H15: =COUNTIFS('Test table'!$C$5:$C$1517,0,'Test table'!$G$5:$G$1517,">=3") -> 282 | I15: =SUM(C15:E15) -> 385 | J15: =SUM(F15:H15) -> 364 | K15: =SUMPRODUCT(--((C15:E15=0)+(F15:H15=0)>0)) -> 0 | L15: =((IF(C15=0,0.0001,C15/$I15)-IF(F15=0,0.0001,F15/$J15))*LN(IF(C15=0,0.0001,C15/$I15)/IF(F15=0,0.0001,F15/$J15)))+((IF(D15=0,0.0001,D15/$I15)-IF(G15=0,0.0001,G15/$J15))*LN(IF(D15=0,0.0001,D15/$I15)/IF(G15=0,0.0001,G15/$J15)))+((IF(E15=0,0.0001,E15/$I15)-IF(H15=0,0.0001,H15/$J15))*LN(IF(E15=0,0.0001,E15/$I15)/IF(H15=0,0.0001,H15/$J15))) -> 0.009457789 | M15: =L15>0.2 -> FALSE | N15: 0.009458 | O15: =ABS(L15-N15) -> 2.1096131e-07
A16: all_accounts | B16: 3 | C16: =COUNTIFS('Test table'!$C$5:$C$1517,$B16,'Test table'!$G$5:$G$1517,">=0",'Test table'!$G$5:$G$1517,"<1") -> 13 | D16: =COUNTIFS('Test table'!$C$5:$C$1517,$B16,'Test table'!$G$5:$G$1517,">=1",'Test table'!$G$5:$G$1517,"<3") -> 94 | E16: =COUNTIFS('Test table'!$C$5:$C$1517,$B16,'Test table'!$G$5:$G$1517,">=3") -> 285 | F16: =COUNTIFS('Test table'!$C$5:$C$1517,0,'Test table'!$G$5:$G$1517,">=0",'Test table'!$G$5:$G$1517,"<1") -> 14 | G16: =COUNTIFS('Test table'!$C$5:$C$1517,0,'Test table'!$G$5:$G$1517,">=1",'Test table'!$G$5:$G$1517,"<3") -> 68 | H16: =COUNTIFS('Test table'!$C$5:$C$1517,0,'Test table'!$G$5:$G$1517,">=3") -> 282 | I16: =SUM(C16:E16) -> 392 | J16: =SUM(F16:H16) -> 364 | K16: =SUMPRODUCT(--((C16:E16=0)+(F16:H16=0)>0)) -> 0 | L16: =((IF(C16=0,0.0001,C16/$I16)-IF(F16=0,0.0001,F16/$J16))*LN(IF(C16=0,0.0001,C16/$I16)/IF(F16=0,0.0001,F16/$J16)))+((IF(D16=0,0.0001,D16/$I16)-IF(G16=0,0.0001,G16/$J16))*LN(IF(D16=0,0.0001,D16/$I16)/IF(G16=0,0.0001,G16/$J16)))+((IF(E16=0,0.0001,E16/$I16)-IF(H16=0,0.0001,H16/$J16))*LN(IF(E16=0,0.0001,E16/$I16)/IF(H16=0,0.0001,H16/$J16))) -> 0.017043166 | M16: =L16>0.2 -> FALSE | N16: 0.017043 | O16: =ABS(L16-N16) -> 1.6591369e-07
A19: Exceedances in the test-range recomputation (apac) | B19: =COUNTIFS(A5:A16,"apac",M5:M16,TRUE()) -> 1
A21: Published full-world apac series (TYPED from cutoff_aggregates.json; 21 cutoffs)
A22: cutoff | B22: apac PSI | C22: floored bins | D22: exceeds 0.2 (formula) | E22: all accounts PSI | F22: other regions PSI | G22: false-positive reading: exceeds with a floored bin
A23: 45658 | B23: 0.10835 | C23: 0 | D23: =B23>0.2 -> FALSE | E23: 0.016721 | F23: 0.023959 | G23: =AND(D23,C23>0) -> FALSE
A24: 45689 | B24: 0.638981 | C24: 1 | D24: =B24>0.2 -> TRUE | E24: 0.02245 | F24: 0.051631 | G24: =AND(D24,C24>0) -> TRUE
A25: 45717 | B25: 0.051031 | C25: 0 | D25: =B25>0.2 -> FALSE | E25: 0.009982 | F25: 0.007233 | G25: =AND(D25,C25>0) -> FALSE
A26: 45748 | B26: 0.006783 | C26: 0 | D26: =B26>0.2 -> FALSE | E26: 0.006141 | F26: 0.009378 | G26: =AND(D26,C26>0) -> FALSE
A27: 45778 | B27: 0.111157 | C27: 0 | D27: =B27>0.2 -> FALSE | E27: 0.012696 | F27: 0.007907 | G27: =AND(D27,C27>0) -> FALSE
A28: 45809 | B28: 0.641052 | C28: 1 | D28: =B28>0.2 -> TRUE | E28: 0.04373 | F28: 0.018169 | G28: =AND(D28,C28>0) -> TRUE
A29: 45839 | B29: 0.026742 | C29: 0 | D29: =B29>0.2 -> FALSE | E29: 0.002029 | F29: 0.000923 | G29: =AND(D29,C29>0) -> FALSE
A30: 45870 | B30: 0.623027 | C30: 1 | D30: =B30>0.2 -> TRUE | E30: 0.001181 | F30: 0.00483 | G30: =AND(D30,C30>0) -> TRUE
A31: 45901 | B31: 0.1815 | C31: 0 | D31: =B31>0.2 -> FALSE | E31: 0.018325 | F31: 0.008635 | G31: =AND(D31,C31>0) -> FALSE
A32: 45931 | B32: 0.679573 | C32: 1 | D32: =B32>0.2 -> TRUE | E32: 0.011837 | F32: 0.025216 | G32: =AND(D32,C32>0) -> TRUE
A33: 45962 | B33: 0.085816 | C33: 0 | D33: =B33>0.2 -> FALSE | E33: 0.003782 | F33: 0.000323 | G33: =AND(D33,C33>0) -> FALSE
A34: 45992 | B34: 0.139882 | C34: 0 | D34: =B34>0.2 -> FALSE | E34: 0.010498 | F34: 0.009134 | G34: =AND(D34,C34>0) -> FALSE
... A43: 46266 | B43: 0.491035 | C43: 0 | D43: =B43>0.2 -> TRUE | E43: 0.002069 | F43: 0.022153 | G43: =AND(D43,C43>0) -> FALSE
A45: Exceedances before the change (comparison cutoffs before 2026-03-31, the reference month excluded) | B45: =COUNTIFS(A23:A43,"<"&DATE(2026,3,31),D23:D43,TRUE()) -> 5
A46: ... of which with a floored bin (false positives of the 0.0001 floor) | B46: =COUNTIFS(A23:A43,"<"&DATE(2026,3,31),G23:G43,TRUE()) -> 4
A47: Exceedances from 2026-05-01 (the shift) | B47: =COUNTIFS(A23:A43,">="&DATE(2026,5,1),D23:D43,TRUE()) -> 5
A48: Largest whole-population PSI in the series | B48: =MAX(E23:E43) -> 0.04373

Sheet Purge
A1: Rows dropped by the chronological split (D-02): label-window purge, then group purge
A2: Counts are TYPED (cohort: the loaded split assignments, recomputed in SQL 06; world: split_summary.json). Retained and dropped are formulas; the 104-day embargo = horizon 90 + grace 14.
A4: population | B4: range | C4: cutoff rows | D4: retained | E4: LABEL_WINDOW | F4: GROUP_TEST | G4: GROUP_VALIDATION | H4: dropped (formula) | I4: adds up (formula)
A5: cohort_200 | B5: train | C5: 220 | D5: 86 | E5: 97 | F5: 32 | G5: 5 | H5: =C5-D5 -> 134 | I5: =D5+E5+F5+G5=C5 -> TRUE
A6: cohort_200 | B6: validation | C6: 141 | D6: 31 | E6: 107 | F6: 3 | G6: 0 | H6: =C6-D6 -> 110 | I6: =D6+E6+F6+G6=C6 -> TRUE
A7: cohort_200 | B7: test | C7: 161 | D7: 161 | E7: 0 | F7: 0 | G7: 0 | H7: =C7-D7 -> 0 | I7: =D7+E7+F7+G7=C7 -> TRUE
A8: cohort_200 | B8: outside | C8: 448 | D8: 448 | E8: 0 | F8: 0 | G8: 0 | H8: =C8-D8 -> 0 | I8: =D8+E8+F8+G8=C8 -> TRUE
A9: world_2400 | B9: train | C9: 2143 | D9: 1088 | E9: 879 | F9: 124 | G9: 52 | H9: =C9-D9 -> 1055 | I9: =D9+E9+F9+G9=C9 -> TRUE
A10: world_2400 | B10: validation | C10: 1688 | D10: 384 | E10: 1291 | F10: 13 | G10: 0 | H10: =C10-D10 -> 1304 | I10: =D10+E10+F10+G10=C10 -> TRUE
A11: world_2400 | B11: test | C11: 1862 | D11: 1862 | E11: 0 | F11: 0 | G11: 0 | H11: =C11-D11 -> 0 | I11: =D11+E11+F11+G11=C11 -> TRUE
A12: world_2400 | B12: outside | C12: 5550 | D12: 5550 | E12: 0 | F12: 0 | G12: 0 | H12: =C12-D12 -> 0 | I12: =D12+E12+F12+G12=C12 -> TRUE
A20: The test range keeps all its rows; account roles are assigned by a hash of the id (D-G03), which shapes the test population and is disclosed.

Sheet Golden case
A1: The golden known answer (P10-GOLD-01): four accounts, risks .8 .6 .4 .1, outcomes 1 0 1 0, capacity 2
A2: Typed from tests/fixtures/golden/CALCULATION.md; the formulas rebuild every figure; the hand answers are typed in column G.
A4: account | B4: risk | C4: outcome | D4: rank | E4: squared error | F4: AP term
A5: 1 | B5: 0.8 | C5: 1 | D5: =1+COUNTIF($B$5:$B$8,">"&B5)+COUNTIFS($B$5:$B$8,B5,$A$5:$A$8,"<"&A5) -> 1 | E5: =(B5-C5)^2 -> 0.04 | F5: =IF(C5=1,COUNTIFS($B$5:$B$8,">="&B5,$C$5:$C$8,1)/COUNTIF($B$5:$B$8,">="&B5),0) -> 1
A6: 2 | B6: 0.6 | C6: 0 | D6: =1+COUNTIF($B$5:$B$8,">"&B6)+COUNTIFS($B$5:$B$8,B6,$A$5:$A$8,"<"&A6) -> 2 | E6: =(B6-C6)^2 -> 0.36 | F6: =IF(C6=1,COUNTIFS($B$5:$B$8,">="&B6,$C$5:$C$8,1)/COUNTIF($B$5:$B$8,">="&B6),0) -> 0
A7: 3 | B7: 0.4 | C7: 1 | D7: =1+COUNTIF($B$5:$B$8,">"&B7)+COUNTIFS($B$5:$B$8,B7,$A$5:$A$8,"<"&A7) -> 3 | E7: =(B7-C7)^2 -> 0.36 | F7: =IF(C7=1,COUNTIFS($B$5:$B$8,">="&B7,$C$5:$C$8,1)/COUNTIF($B$5:$B$8,">="&B7),0) -> 0.66666667
A8: 4 | B8: 0.1 | C8: 0 | D8: =1+COUNTIF($B$5:$B$8,">"&B8)+COUNTIFS($B$5:$B$8,B8,$A$5:$A$8,"<"&A8) -> 4 | E8: =(B8-C8)^2 -> 0.01 | F8: =IF(C8=1,COUNTIFS($B$5:$B$8,">="&B8,$C$5:$C$8,1)/COUNTIF($B$5:$B$8,">="&B8),0) -> 0
A11: scenario sc-001 (assumptions) | B11: capacity K | C11: contact cost (USD) | D11: assumed effect | E11: margin (USD)
B12: 2 | C12: 5 | D12: 0.1 | E12: 131.75
A14: figure | B14: workbook | C14: hand answer (CALCULATION.md) | D14: equal
A15: churn rate | B15: =SUM(C5:C8)/COUNT(C5:C8) -> 0.5 | C15: 0.5 | D15: =ABS(B15-C15)<=0.0000005 -> TRUE
A16: precision at K=2 | B16: =SUMPRODUCT((D5:D8<=B12)*C5:C8)/B12 -> 0.5 | C16: 0.5 | D16: =ABS(B16-C16)<=0.0000005 -> TRUE
A17: recall at K=2 | B17: =SUMPRODUCT((D5:D8<=B12)*C5:C8)/SUM(C5:C8) -> 0.5 | C17: 0.5 | D17: =ABS(B17-C17)<=0.0000005 -> TRUE
A18: risk lift at K=2 | B18: =(SUMPRODUCT((D5:D8<=B12)*C5:C8)/B12)/(SUM(C5:C8)/COUNT(C5:C8)) -> 1 | C18: 1 | D18: =ABS(B18-C18)<=0.0000005 -> TRUE
A19: Brier score | B19: =AVERAGE(E5:E8) -> 0.1925 | C19: 0.1925 | D19: =ABS(B19-C19)<=0.0000005 -> TRUE
A20: average precision (5/6) | B20: =SUM(F5:F8)/SUM(C5:C8) -> 0.83333333 | C20: 0.83333333 | D20: =ABS(B20-C20)<=0.0000005 -> TRUE
A21: contact budget | B21: =ROUND(B12*C12,2) -> 10 | C21: 10 | D21: =ABS(B21-C21)<=0.0000005 -> TRUE
A22: expected intervention value (hypothetical) | B22: =ROUND(SUMPRODUCT((D5:D8<=B12)*(B5:B8*D12*E12-C12)),2) -> 8.45 | C22: 8.45 | D22: =ABS(B22-C22)<=0.0000005 -> TRUE
A24: 8.445 rounds to 8.45 (ROUND_HALF_UP, once at the end); rounding each account first would give 8.44 or 8.45 by accident, which is why the fixture is built this way.

Sheet Assumptions
A1: Assumptions and limits (read this first)
A3: id | B3: assumption or limit
A4: A-01 | B4: Average precision is the scikit-learn step form: tied probabilities are one threshold, so the figure does not depend on how account ids break a tie. The workbook computes it as the mean, over churning rows, of tp(p >= row) / n(p >= row).
A5: A-02 | B5: Ranking for precision, recall and lift at K: probability descending, then account id ascending, then the earlier cutoff (the union rule of D-08). The rank is evaluated only for rows inside the 25 highest probabilities of a model, which is exact for K <= 25; a tie that crosses the cut is flagged in the Capacity reference column.
A6: A-03 | B6: The test table is the whole test range of the full world: 1,513 rows from 442 accounts (189 churning rows from 95 accounts). Rows are correlated across overlapping cutoffs; no interval is given, because none would be honest.
A7: A-04 | B7: Calibration bins: index = floor(10 p) with p = 1 in the last bin; computed with integer arithmetic on p x 10^6. An empty bin shows blank, not 0. Gaps in percentage points.
A8: A-05 | B8: Economics are HYPOTHETICAL and assumption-based: value = sum over the top K of (probability x assumed effect x margin - contact cost), rounded once at the end (ROUND, half away from zero). The cohort value is computed from the 97 scored accounts of the 2026-09-01 cutoff; the world value (1,241 scored accounts) is typed from cutoff_aggregates.json and cannot be recomputed from the cohort. No treatment effect is estimated.
A9: A-06 | B9: The censored tail: a row is mature only when its label window (horizon 90 days + grace 14 days) has closed at the as-of 2026-10-05; the last three cutoffs are fully censored. Censored rows are excluded from every evaluation and are never counted as retained.
A10: A-07 | B10: PSI of usage_events_30d against the 2026-02-01 cohort on the bins [0,1), [1,3), [3,inf); a zero proportion is replaced by 0.0001 without renormalising (floored, counted); LN is the natural logarithm in floating point here (the domain uses 60-digit decimals); the threshold 0.2 is a diagnostic.
A11: W-01 | B11: Simulated, constructed and hypothetical results are kept apart: every figure is a property of one draw of a generated world; the margins of the logistic model over the baselines were met by construction (D-G02); the economics are assumptions.
A12: W-02 | B12: TYPED from the published files, not replayed by formulas: the test-table values and probabilities, the 97 queue probabilities, the scenarios, the per-cutoff counts of the whole world, the published drift series, the purge counts, and the reference columns of every check (pasted from artifacts/analysis-results.json).
A13: W-03 | B13: Recalculation: openpyxl writes formulas only; the delivered file was recalculated by LibreOffice headless and carries its cached values; Excel was NOT run. fullCalcOnLoad is set so Excel recalculates on open. Functions used: COUNTIF, COUNTIFS, AVERAGEIFS, SUMPRODUCT, SUM, INDEX, MATCH, LARGE, LN, IF, AND, ABS, MAX, ROUND, INT, MIN (no _xlfn functions).
A14: W-04 | B14: The model selector changes which model Capacity's block shows; every model is always computed and checked, so the check cell does not depend on the selector.
A15: W-05 | B15: The workbook has no macros, no external links and no credentials.

Sheet Scenarios
A1: Intervention scenarios (assumptions, D-03): immutable; the effect is ASSUMED, not estimated
A2: Capacities 5, 10, 20 were fixed on validation before any outcome (D-G08). All economics are hypothetical.
A4: scenario_id | B4: capacity K | C4: contact_cost (USD) | D4: assumed_effect (share of risk removed) | E4: margin_value (USD per retained account) | F4: label
A5: sc-001 | B5: 5 | C5: 8 | D5: 0.3 | E5: 200 | F5: hypothetical
A6: sc-002 | B6: 10 | C6: 8 | D6: 0.2 | E6: 200 | F6: hypothetical
A7: sc-003 | B7: 20 | C7: 8 | D7: 0.1 | E7: 200 | F7: hypothetical

Sheet Test table
A1: Test table: the 1,513 mature eligible rows of the test range (full world, cutoffs 2026-02-01 .. 2026-05-01)
A2: Blue = published values (test_cohort.json). Black = formulas: tie-broken rank (rows within the 25 highest probabilities of a model only, enough for K <= 20), average-precision term, squared error, calibration bin.
A4: row_no | B4: account_id | C4: cutoff_index | D4: prediction_at | E4: segment | F4: region | G4: usage_events_30d | H4: days_since_last_usage | I4: high_severity_support_90d | J4: billing_total_90d | K4: churned | L4: p_random_baseline | M4: p_business_rule | N4: p_logistic (Platt) | O4: p_prevalence_baseline | P4: p_logistic (before Platt) | Q4: rank random | R4: rank rule | S4: rank logistic | T4: rank prevalence | U4: AP term random | V4: AP term rule | W4: AP term logistic | X4: AP term prevalence | Y4: AP term logistic (before Platt) | Z4: sq.err random | AA4: sq.err rule | AB4: sq.err logistic | AC4: sq.err prevalence | AD4: sq.err logistic (before Platt) | AE4: bin logistic (Platt) | AF4: bin logistic (before Platt)
A5: 1 | B5: 10 | C5: 0 | D5: 46054 | E5: starter | F5: apac | G5: 5 | H5: 1 | I5: 0 | J5: 84 | K5: 0 | L5: 0.142373 | M5: 0.092063 | N5: 0.108834 | O5: 0.106183 | P5: 0.115702 | Q5: =IF(L5>=Models!$G$5,1+COUNTIF($L$5:$L$1517,">"&L5)+COUNTIFS($L$5:$L$1517,L5,$B$5:$B$1517,"<"&B5)+COUNTIFS($L$5:$L$1517,L5,$B$5:$B$1517,B5,$C$5:$C$1517,"<"&C5),"") | R5: =IF(M5>=Models!$G$6,1+COUNTIF($M$5:$M$1517,">"&M5)+COUNTIFS($M$5:$M$1517,M5,$B$5:$B$1517,"<"&B5)+COUNTIFS($M$5:$M$1517,M5,$B$5:$B$1517,B5,$C$5:$C$1517,"<"&C5),"") | S5: =IF(N5>=Models!$G$7,1+COUNTIF($N$5:$N$1517,">"&N5)+COUNTIFS($N$5:$N$1517,N5,$B$5:$B$1517,"<"&B5)+COUNTIFS($N$5:$N$1517,N5,$B$5:$B$1517,B5,$C$5:$C$1517,"<"&C5),"") | T5: =IF(O5>=Models!$G$8,1+COUNTIF($O$5:$O$1517,">"&O5)+COUNTIFS($O$5:$O$1517,O5,$B$5:$B$1517,"<"&B5)+COUNTIFS($O$5:$O$1517,O5,$B$5:$B$1517,B5,$C$5:$C$1517,"<"&C5),"") -> 1 | U5: =IF($K5=1,COUNTIFS($L$5:$L$1517,">="&L5,$K$5:$K$1517,1)/COUNTIF($L$5:$L$1517,">="&L5),0) -> 0 | V5: =IF($K5=1,COUNTIFS($M$5:$M$1517,">="&M5,$K$5:$K$1517,1)/COUNTIF($M$5:$M$1517,">="&M5),0) -> 0 | W5: =IF($K5=1,COUNTIFS($N$5:$N$1517,">="&N5,$K$5:$K$1517,1)/COUNTIF($N$5:$N$1517,">="&N5),0) -> 0 | X5: =IF($K5=1,COUNTIFS($O$5:$O$1517,">="&O5,$K$5:$K$1517,1)/COUNTIF($O$5:$O$1517,">="&O5),0) -> 0 | Y5: =IF($K5=1,COUNTIFS($P$5:$P$1517,">="&P5,$K$5:$K$1517,1)/COUNTIF($P$5:$P$1517,">="&P5),0) -> 0 | Z5: =(L5-$K5)^2 -> 0.020270071 | AA5: =(M5-$K5)^2 -> 0.008475596 | AB5: =(N5-$K5)^2 -> 0.01184484 | AC5: =(O5-$K5)^2 -> 0.011274829 | AD5: =(P5-$K5)^2 -> 0.013386953 | AE5: =MIN(INT(ROUND(N5*1000000,0)/100000),9) -> 1 | AF5: =MIN(INT(ROUND(P5*1000000,0)/100000),9) -> 1
A6: 2 | B6: 11 | C6: 0 | D6: 46054 | E6: starter | F6: amer | G6: 1 | H6: 25 | I6: 0 | J6: 42 | K6: 0 | L6: 0.281434 | M6: 0.092063 | N6: 0.176009 | O6: 0.106183 | P6: 0.190294 | Q6: =IF(L6>=Models!$G$5,1+COUNTIF($L$5:$L$1517,">"&L6)+COUNTIFS($L$5:$L$1517,L6,$B$5:$B$1517,"<"&B6)+COUNTIFS($L$5:$L$1517,L6,$B$5:$B$1517,B6,$C$5:$C$1517,"<"&C6),"") | R6: =IF(M6>=Models!$G$6,1+COUNTIF($M$5:$M$1517,">"&M6)+COUNTIFS($M$5:$M$1517,M6,$B$5:$B$1517,"<"&B6)+COUNTIFS($M$5:$M$1517,M6,$B$5:$B$1517,B6,$C$5:$C$1517,"<"&C6),"") | S6: =IF(N6>=Models!$G$7,1+COUNTIF($N$5:$N$1517,">"&N6)+COUNTIFS($N$5:$N$1517,N6,$B$5:$B$1517,"<"&B6)+COUNTIFS($N$5:$N$1517,N6,$B$5:$B$1517,B6,$C$5:$C$1517,"<"&C6),"") | T6: =IF(O6>=Models!$G$8,1+COUNTIF($O$5:$O$1517,">"&O6)+COUNTIFS($O$5:$O$1517,O6,$B$5:$B$1517,"<"&B6)+COUNTIFS($O$5:$O$1517,O6,$B$5:$B$1517,B6,$C$5:$C$1517,"<"&C6),"") -> 5 | U6: =IF($K6=1,COUNTIFS($L$5:$L$1517,">="&L6,$K$5:$K$1517,1)/COUNTIF($L$5:$L$1517,">="&L6),0) -> 0 | V6: =IF($K6=1,COUNTIFS($M$5:$M$1517,">="&M6,$K$5:$K$1517,1)/COUNTIF($M$5:$M$1517,">="&M6),0) -> 0 | W6: =IF($K6=1,COUNTIFS($N$5:$N$1517,">="&N6,$K$5:$K$1517,1)/COUNTIF($N$5:$N$1517,">="&N6),0) -> 0 | X6: =IF($K6=1,COUNTIFS($O$5:$O$1517,">="&O6,$K$5:$K$1517,1)/COUNTIF($O$5:$O$1517,">="&O6),0) -> 0 | Y6: =IF($K6=1,COUNTIFS($P$5:$P$1517,">="&P6,$K$5:$K$1517,1)/COUNTIF($P$5:$P$1517,">="&P6),0) -> 0 | Z6: =(L6-$K6)^2 -> 0.079205096 | AA6: =(M6-$K6)^2 -> 0.008475596 | AB6: =(N6-$K6)^2 -> 0.030979168 | AC6: =(O6-$K6)^2 -> 0.011274829 | AD6: =(P6-$K6)^2 -> 0.036211806 | AE6: =MIN(INT(ROUND(N6*1000000,0)/100000),9) -> 1 | AF6: =MIN(INT(ROUND(P6*1000000,0)/100000),9) -> 1
A7: 3 | B7: 20 | C7: 0 | D7: 46054 | E7: starter | F7: latam | G7: 5 | H7: 8 | I7: 0 | J7: 105 | K7: 0 | L7: 0.27567 | M7: 0.092063 | N7: 0.1144 | O7: 0.106183 | P7: 0.121857 | Q7: =IF(L7>=Models!$G$5,1+COUNTIF($L$5:$L$1517,">"&L7)+COUNTIFS($L$5:$L$1517,L7,$B$5:$B$1517,"<"&B7)+COUNTIFS($L$5:$L$1517,L7,$B$5:$B$1517,B7,$C$5:$C$1517,"<"&C7),"") | R7: =IF(M7>=Models!$G$6,1+COUNTIF($M$5:$M$1517,">"&M7)+COUNTIFS($M$5:$M$1517,M7,$B$5:$B$1517,"<"&B7)+COUNTIFS($M$5:$M$1517,M7,$B$5:$B$1517,B7,$C$5:$C$1517,"<"&C7),"") | S7: =IF(N7>=Models!$G$7,1+COUNTIF($N$5:$N$1517,">"&N7)+COUNTIFS($N$5:$N$1517,N7,$B$5:$B$1517,"<"&B7)+COUNTIFS($N$5:$N$1517,N7,$B$5:$B$1517,B7,$C$5:$C$1517,"<"&C7),"") | T7: =IF(O7>=Models!$G$8,1+COUNTIF($O$5:$O$1517,">"&O7)+COUNTIFS($O$5:$O$1517,O7,$B$5:$B$1517,"<"&B7)+COUNTIFS($O$5:$O$1517,O7,$B$5:$B$1517,B7,$C$5:$C$1517,"<"&C7),"") -> 9 | U7: =IF($K7=1,COUNTIFS($L$5:$L$1517,">="&L7,$K$5:$K$1517,1)/COUNTIF($L$5:$L$1517,">="&L7),0) -> 0 | V7: =IF($K7=1,COUNTIFS($M$5:$M$1517,">="&M7,$K$5:$K$1517,1)/COUNTIF($M$5:$M$1517,">="&M7),0) -> 0 | W7: =IF($K7=1,COUNTIFS($N$5:$N$1517,">="&N7,$K$5:$K$1517,1)/COUNTIF($N$5:$N$1517,">="&N7),0) -> 0 | X7: =IF($K7=1,COUNTIFS($O$5:$O$1517,">="&O7,$K$5:$K$1517,1)/COUNTIF($O$5:$O$1517,">="&O7),0) -> 0 | Y7: =IF($K7=1,COUNTIFS($P$5:$P$1517,">="&P7,$K$5:$K$1517,1)/COUNTIF($P$5:$P$1517,">="&P7),0) -> 0 | Z7: =(L7-$K7)^2 -> 0.075993949 | AA7: =(M7-$K7)^2 -> 0.008475596 | AB7: =(N7-$K7)^2 -> 0.01308736 | AC7: =(O7-$K7)^2 -> 0.011274829 | AD7: =(P7-$K7)^2 -> 0.014849128 | AE7: =MIN(INT(ROUND(N7*1000000,0)/100000),9) -> 1 | AF7: =MIN(INT(ROUND(P7*1000000,0)/100000),9) -> 1
A8: 4 | B8: 26 | C8: 0 | D8: 46054 | E8: starter | F8: amer | G8: 2 | H8: 9 | I8: 0 | J8: 73.5 | K8: 0 | L8: 0.19752 | M8: 0.092063 | N8: 0.14597 | O8: 0.106183 | P8: 0.156878 | Q8: =IF(L8>=Models!$G$5,1+COUNTIF($L$5:$L$1517,">"&L8)+COUNTIFS($L$5:$L$1517,L8,$B$5:$B$1517,"<"&B8)+COUNTIFS($L$5:$L$1517,L8,$B$5:$B$1517,B8,$C$5:$C$1517,"<"&C8),"") | R8: =IF(M8>=Models!$G$6,1+COUNTIF($M$5:$M$1517,">"&M8)+COUNTIFS($M$5:$M$1517,M8,$B$5:$B$1517,"<"&B8)+COUNTIFS($M$5:$M$1517,M8,$B$5:$B$1517,B8,$C$5:$C$1517,"<"&C8),"") | S8: =IF(N8>=Models!$G$7,1+COUNTIF($N$5:$N$1517,">"&N8)+COUNTIFS($N$5:$N$1517,N8,$B$5:$B$1517,"<"&B8)+COUNTIFS($N$5:$N$1517,N8,$B$5:$B$1517,B8,$C$5:$C$1517,"<"&C8),"") | T8: =IF(O8>=Models!$G$8,1+COUNTIF($O$5:$O$1517,">"&O8)+COUNTIFS($O$5:$O$1517,O8,$B$5:$B$1517,"<"&B8)+COUNTIFS($O$5:$O$1517,O8,$B$5:$B$1517,B8,$C$5:$C$1517,"<"&C8),"") -> 13 | U8: =IF($K8=1,COUNTIFS($L$5:$L$1517,">="&L8,$K$5:$K$1517,1)/COUNTIF($L$5:$L$1517,">="&L8),0) -> 0 | V8: =IF($K8=1,COUNTIFS($M$5:$M$1517,">="&M8,$K$5:$K$1517,1)/COUNTIF($M$5:$M$1517,">="&M8),0) -> 0 | W8: =IF($K8=1,COUNTIFS($N$5:$N$1517,">="&N8,$K$5:$K$1517,1)/COUNTIF($N$5:$N$1517,">="&N8),0) -> 0 | X8: =IF($K8=1,COUNTIFS($O$5:$O$1517,">="&O8,$K$5:$K$1517,1)/COUNTIF($O$5:$O$1517,">="&O8),0) -> 0 | Y8: =IF($K8=1,COUNTIFS($P$5:$P$1517,">="&P8,$K$5:$K$1517,1)/COUNTIF($P$5:$P$1517,">="&P8),0) -> 0 | Z8: =(L8-$K8)^2 -> 0.03901415 | AA8: =(M8-$K8)^2 -> 0.008475596 | AB8: =(N8-$K8)^2 -> 0.021307241 | AC8: =(O8-$K8)^2 -> 0.011274829 | AD8: =(P8-$K8)^2 -> 0.024610707 | AE8: =MIN(INT(ROUND(N8*1000000,0)/100000),9) -> 1 | AF8: =MIN(INT(ROUND(P8*1000000,0)/100000),9) -> 1
A9: 5 | B9: 30 | C9: 0 | D9: 46054 | E9: smb | F9: emea | G9: 4 | H9: 2 | I9: 0 | J9: 1438.2 | K9: 0 | L9: 0.122994 | M9: 0.092063 | N9: 0.110745 | O9: 0.106183 | P9: 0.117814 | Q9: =IF(L9>=Models!$G$5,1+COUNTIF($L$5:$L$1517,">"&L9)+COUNTIFS($L$5:$L$1517,L9,$B$5:$B$1517,"<"&B9)+COUNTIFS($L$5:$L$1517,L9,$B$5:$B$1517,B9,$C$5:$C$1517,"<"&C9),"") | R9: =IF(M9>=Models!$G$6,1+COUNTIF($M$5:$M$1517,">"&M9)+COUNTIFS($M$5:$M$1517,M9,$B$5:$B$1517,"<"&B9)+COUNTIFS($M$5:$M$1517,M9,$B$5:$B$1517,B9,$C$5:$C$1517,"<"&C9),"") | S9: =IF(N9>=Models!$G$7,1+COUNTIF($N$5:$N$1517,">"&N9)+COUNTIFS($N$5:$N$1517,N9,$B$5:$B$1517,"<"&B9)+COUNTIFS($N$5:$N$1517,N9,$B$5:$B$1517,B9,$C$5:$C$1517,"<"&C9),"") | T9: =IF(O9>=Models!$G$8,1+COUNTIF($O$5:$O$1517,">"&O9)+COUNTIFS($O$5:$O$1517,O9,$B$5:$B$1517,"<"&B9)+COUNTIFS($O$5:$O$1517,O9,$B$5:$B$1517,B9,$C$5:$C$1517,"<"&C9),"") -> 17 | U9: =IF($K9=1,COUNTIFS($L$5:$L$1517,">="&L9,$K$5:$K$1517,1)/COUNTIF($L$5:$L$1517,">="&L9),0) -> 0 | V9: =IF($K9=1,COUNTIFS($M$5:$M$1517,">="&M9,$K$5:$K$1517,1)/COUNTIF($M$5:$M$1517,">="&M9),0) -> 0 | W9: =IF($K9=1,COUNTIFS($N$5:$N$1517,">="&N9,$K$5:$K$1517,1)/COUNTIF($N$5:$N$1517,">="&N9),0) -> 0 | X9: =IF($K9=1,COUNTIFS($O$5:$O$1517,">="&O9,$K$5:$K$1517,1)/COUNTIF($O$5:$O$1517,">="&O9),0) -> 0 | Y9: =IF($K9=1,COUNTIFS($P$5:$P$1517,">="&P9,$K$5:$K$1517,1)/COUNTIF($P$5:$P$1517,">="&P9),0) -> 0 | Z9: =(L9-$K9)^2 -> 0.015127524 | AA9: =(M9-$K9)^2 -> 0.008475596 | AB9: =(N9-$K9)^2 -> 0.012264455 | AC9: =(O9-$K9)^2 -> 0.011274829 | AD9: =(P9-$K9)^2 -> 0.013880139 | AE9: =MIN(INT(ROUND(N9*1000000,0)/100000),9) -> 1 | AF9: =MIN(INT(ROUND(P9*1000000,0)/100000),9) -> 1
A10: 6 | B10: 31 | C10: 0 | D10: 46054 | E10: mid | F10: amer | G10: 5 | H10: 0 | I10: 0 | J10: 730.8 | K10: 0 | L10: 0.508978 | M10: 0.092063 | N10: 0.104476 | O10: 0.106183 | P10: 0.110888 | Q10: =IF(L10>=Models!$G$5,1+COUNTIF($L$5:$L$1517,">"&L10)+COUNTIFS($L$5:$L$1517,L10,$B$5:$B$1517,"<"&B10)+COUNTIFS($L$5:$L$1517,L10,$B$5:$B$1517,B10,$C$5:$C$1517,"<"&C10),"") | R10: =IF(M10>=Models!$G$6,1+COUNTIF($M$5:$M$1517,">"&M10)+COUNTIFS($M$5:$M$1517,M10,$B$5:$B$1517,"<"&B10)+COUNTIFS($M$5:$M$1517,M10,$B$5:$B$1517,B10,$C$5:$C$1517,"<"&C10),"") | S10: =IF(N10>=Models!$G$7,1+COUNTIF($N$5:$N$1517,">"&N10)+COUNTIFS($N$5:$N$1517,N10,$B$5:$B$1517,"<"&B10)+COUNTIFS($N$5:$N$1517,N10,$B$5:$B$1517,B10,$C$5:$C$1517,"<"&C10),"") | T10: =IF(O10>=Models!$G$8,1+COUNTIF($O$5:$O$1517,">"&O10)+COUNTIFS($O$5:$O$1517,O10,$B$5:$B$1517,"<"&B10)+COUNTIFS($O$5:$O$1517,O10,$B$5:$B$1517,B10,$C$5:$C$1517,"<"&C10),"") -> 21 | U10: =IF($K10=1,COUNTIFS($L$5:$L$1517,">="&L10,$K$5:$K$1517,1)/COUNTIF($L$5:$L$1517,">="&L10),0) -> 0 | V10: =IF($K10=1,COUNTIFS($M$5:$M$1517,">="&M10,$K$5:$K$1517,1)/COUNTIF($M$5:$M$1517,">="&M10),0) -> 0 | W10: =IF($K10=1,COUNTIFS($N$5:$N$1517,">="&N10,$K$5:$K$1517,1)/COUNTIF($N$5:$N$1517,">="&N10),0) -> 0 | X10: =IF($K10=1,COUNTIFS($O$5:$O$1517,">="&O10,$K$5:$K$1517,1)/COUNTIF($O$5:$O$1517,">="&O10),0) -> 0 | Y10: =IF($K10=1,COUNTIFS($P$5:$P$1517,">="&P10,$K$5:$K$1517,1)/COUNTIF($P$5:$P$1517,">="&P10),0) -> 0 | Z10: =(L10-$K10)^2 -> 0.2590586 | AA10: =(M10-$K10)^2 -> 0.008475596 | AB10: =(N10-$K10)^2 -> 0.010915235 | AC10: =(O10-$K10)^2 -> 0.011274829 | AD10: =(P10-$K10)^2 -> 0.012296149 | AE10: =MIN(INT(ROUND(N10*1000000,0)/100000),9) -> 1 | AF10: =MIN(INT(ROUND(P10*1000000,0)/100000),9) -> 1
A11: 7 | B11: 33 | C11: 0 | D11: 46054 | E11: mid | F11: apac | G11: 18 | H11: 2 | I11: 0 | J11: 1023 | K11: 0 | L11: 0.902214 | M11: 0.092063 | N11: 0.034927 | O11: 0.106183 | P11: 0.035302 | Q11: =IF(L11>=Models!$G$5,1+COUNTIF($L$5:$L$1517,">"&L11)+COUNTIFS($L$5:$L$1517,L11,$B$5:$B$1517,"<"&B11)+COUNTIFS($L$5:$L$1517,L11,$B$5:$B$1517,B11,$C$5:$C$1517,"<"&C11),"") | R11: =IF(M11>=Models!$G$6,1+COUNTIF($M$5:$M$1517,">"&M11)+COUNTIFS($M$5:$M$1517,M11,$B$5:$B$1517,"<"&B11)+COUNTIFS($M$5:$M$1517,M11,$B$5:$B$1517,B11,$C$5:$C$1517,"<"&C11),"") | S11: =IF(N11>=Models!$G$7,1+COUNTIF($N$5:$N$1517,">"&N11)+COUNTIFS($N$5:$N$1517,N11,$B$5:$B$1517,"<"&B11)+COUNTIFS($N$5:$N$1517,N11,$B$5:$B$1517,B11,$C$5:$C$1517,"<"&C11),"") | T11: =IF(O11>=Models!$G$8,1+COUNTIF($O$5:$O$1517,">"&O11)+COUNTIFS($O$5:$O$1517,O11,$B$5:$B$1517,"<"&B11)+COUNTIFS($O$5:$O$1517,O11,$B$5:$B$1517,B11,$C$5:$C$1517,"<"&C11),"") -> 25 | U11: =IF($K11=1,COUNTIFS($L$5:$L$1517,">="&L11,$K$5:$K$1517,1)/COUNTIF($L$5:$L$1517,">="&L11),0) -> 0 | V11: =IF($K11=1,COUNTIFS($M$5:$M$1517,">="&M11,$K$5:$K$1517,1)/COUNTIF($M$5:$M$1517,">="&M11),0) -> 0 | W11: =IF($K11=1,COUNTIFS($N$5:$N$1517,">="&N11,$K$5:$K$1517,1)/COUNTIF($N$5:$N$1517,">="&N11),0) -> 0 | X11: =IF($K11=1,COUNTIFS($O$5:$O$1517,">="&O11,$K$5:$K$1517,1)/COUNTIF($O$5:$O$1517,">="&O11),0) -> 0 | Y11: =IF($K11=1,COUNTIFS($P$5:$P$1517,">="&P11,$K$5:$K$1517,1)/COUNTIF($P$5:$P$1517,">="&P11),0) -> 0 | Z11: =(L11-$K11)^2 -> 0.8139901 | AA11: =(M11-$K11)^2 -> 0.008475596 | AB11: =(N11-$K11)^2 -> 0.0012198953 | AC11: =(O11-$K11)^2 -> 0.011274829 | AD11: =(P11-$K11)^2 -> 0.0012462312 | AE11: =MIN(INT(ROUND(N11*1000000,0)/100000),9) -> 0 | AF11: =MIN(INT(ROUND(P11*1000000,0)/100000),9) -> 0
A12: 8 | B12: 37 | C12: 0 | D12: 46054 | E12: mid | F12: emea | G12: 7 | H12: 9 | I12: 0 | J12: 2723.4 | K12: 0 | L12: 0.363104 | M12: 0.092063 | N12: 0.085458 | O12: 0.106183 | P12: 0.089953 | Q12: =IF(L12>=Models!$G$5,1+COUNTIF($L$5:$L$1517,">"&L12)+COUNTIFS($L$5:$L$1517,L12,$B$5:$B$1517,"<"&B12)+COUNTIFS($L$5:$L$1517,L12,$B$5:$B$1517,B12,$C$5:$C$1517,"<"&C12),"") | R12: =IF(M12>=Models!$G$6,1+COUNTIF($M$5:$M$1517,">"&M12)+COUNTIFS($M$5:$M$1517,M12,$B$5:$B$1517,"<"&B12)+COUNTIFS($M$5:$M$1517,M12,$B$5:$B$1517,B12,$C$5:$C$1517,"<"&C12),"") | S12: =IF(N12>=Models!$G$7,1+COUNTIF($N$5:$N$1517,">"&N12)+COUNTIFS($N$5:$N$1517,N12,$B$5:$B$1517,"<"&B12)+COUNTIFS($N$5:$N$1517,N12,$B$5:$B$1517,B12,$C$5:$C$1517,"<"&C12),"") | T12: =IF(O12>=Models!$G$8,1+COUNTIF($O$5:$O$1517,">"&O12)+COUNTIFS($O$5:$O$1517,O12,$B$5:$B$1517,"<"&B12)+COUNTIFS($O$5:$O$1517,O12,$B$5:$B$1517,B12,$C$5:$C$1517,"<"&C12),"") -> 29 | U12: =IF($K12=1,COUNTIFS($L$5:$L$1517,">="&L12,$K$5:$K$1517,1)/COUNTIF($L$5:$L$1517,">="&L12),0) -> 0 | V12: =IF($K12=1,COUNTIFS($M$5:$M$1517,">="&M12,$K$5:$K$1517,1)/COUNTIF($M$5:$M$1517,">="&M12),0) -> 0 | W12: =IF($K12=1,COUNTIFS($N$5:$N$1517,">="&N12,$K$5:$K$1517,1)/COUNTIF($N$5:$N$1517,">="&N12),0) -> 0 | X12: =IF($K12=1,COUNTIFS($O$5:$O$1517,">="&O12,$K$5:$K$1517,1)/COUNTIF($O$5:$O$1517,">="&O12),0) -> 0 | Y12: =IF($K12=1,COUNTIFS($P$5:$P$1517,">="&P12,$K$5:$K$1517,1)/COUNTIF($P$5:$P$1517,">="&P12),0) -> 0 | Z12: =(L12-$K12)^2 -> 0.13184451 | AA12: =(M12-$K12)^2 -> 0.008475596 | AB12: =(N12-$K12)^2 -> 0.0073030698 | AC12: =(O12-$K12)^2 -> 0.011274829 | AD12: =(P12-$K12)^2 -> 0.0080915422 | AE12: =MIN(INT(ROUND(N12*1000000,0)/100000),9) -> 0 | AF12: =MIN(INT(ROUND(P12*1000000,0)/100000),9) -> 0
A13: 9 | B13: 44 | C13: 0 | D13: 46054 | E13: mid | F13: amer | G13: 10 | H13: 0 | I13: 0 | J13: 1016.4 | K13: 0 | L13: 0.141485 | M13: 0.092063 | N13: 0.068179 | O13: 0.106183 | P13: 0.071065 | Q13: =IF(L13>=Models!$G$5,1+COUNTIF($L$5:$L$1517,">"&L13)+COUNTIFS($L$5:$L$1517,L13,$B$5:$B$1517,"<"&B13)+COUNTIFS($L$5:$L$1517,L13,$B$5:$B$1517,B13,$C$5:$C$1517,"<"&C13),"") | R13: =IF(M13>=Models!$G$6,1+COUNTIF($M$5:$M$1517,">"&M13)+COUNTIFS($M$5:$M$1517,M13,$B$5:$B$1517,"<"&B13)+COUNTIFS($M$5:$M$1517,M13,$B$5:$B$1517,B13,$C$5:$C$1517,"<"&C13),"") | S13: =IF(N13>=Models!$G$7,1+COUNTIF($N$5:$N$1517,">"&N13)+COUNTIFS($N$5:$N$1517,N13,$B$5:$B$1517,"<"&B13)+COUNTIFS($N$5:$N$1517,N13,$B$5:$B$1517,B13,$C$5:$C$1517,"<"&C13),"") | T13: =IF(O13>=Models!$G$8,1+COUNTIF($O$5:$O$1517,">"&O13)+COUNTIFS($O$5:$O$1517,O13,$B$5:$B$1517,"<"&B13)+COUNTIFS($O$5:$O$1517,O13,$B$5:$B$1517,B13,$C$5:$C$1517,"<"&C13),"") -> 33 | U13: =IF($K13=1,COUNTIFS($L$5:$L$1517,">="&L13,$K$5:$K$1517,1)/COUNTIF($L$5:$L$1517,">="&L13),0) -> 0 | V13: =IF($K13=1,COUNTIFS($M$5:$M$1517,">="&M13,$K$5:$K$1517,1)/COUNTIF($M$5:$M$1517,">="&M13),0) -> 0 | W13: =IF($K13=1,COUNTIFS($N$5:$N$1517,">="&N13,$K$5:$K$1517,1)/COUNTIF($N$5:$N$1517,">="&N13),0) -> 0 | X13: =IF($K13=1,COUNTIFS($O$5:$O$1517,">="&O13,$K$5:$K$1517,1)/COUNTIF($O$5:$O$1517,">="&O13),0) -> 0 | Y13: =IF($K13=1,COUNTIFS($P$5:$P$1517,">="&P13,$K$5:$K$1517,1)/COUNTIF($P$5:$P$1517,">="&P13),0) -> 0 | Z13: =(L13-$K13)^2 -> 0.020018005 | AA13: =(M13-$K13)^2 -> 0.008475596 | AB13: =(N13-$K13)^2 -> 0.004648376 | AC13: =(O13-$K13)^2 -> 0.011274829 | AD13: =(P13-$K13)^2 -> 0.0050502342 | AE13: =MIN(INT(ROUND(N13*1000000,0)/100000),9) -> 0 | AF13: =MIN(INT(ROUND(P13*1000000,0)/100000),9) -> 0
A14: 10 | B14: 50 | C14: 0 | D14: 46054 | E14: smb | F14: apac | G14: 13 | H14: 1 | I14: 0 | J14: 318 | K14: 0 | L14: 0.414604 | M14: 0.092063 | N14: 0.055398 | O14: 0.106183 | P14: 0.057206 | Q14: =IF(L14>=Models!$G$5,1+COUNTIF($L$5:$L$1517,">"&L14)+COUNTIFS($L$5:$L$1517,L14,$B$5:$B$1517,"<"&B14)+COUNTIFS($L$5:$L$1517,L14,$B$5:$B$1517,B14,$C$5:$C$1517,"<"&C14),"") | R14: =IF(M14>=Models!$G$6,1+COUNTIF($M$5:$M$1517,">"&M14)+COUNTIFS($M$5:$M$1517,M14,$B$5:$B$1517,"<"&B14)+COUNTIFS($M$5:$M$1517,M14,$B$5:$B$1517,B14,$C$5:$C$1517,"<"&C14),"") | S14: =IF(N14>=Models!$G$7,1+COUNTIF($N$5:$N$1517,">"&N14)+COUNTIFS($N$5:$N$1517,N14,$B$5:$B$1517,"<"&B14)+COUNTIFS($N$5:$N$1517,N14,$B$5:$B$1517,B14,$C$5:$C$1517,"<"&C14),"") | T14: =IF(O14>=Models!$G$8,1+COUNTIF($O$5:$O$1517,">"&O14)+COUNTIFS($O$5:$O$1517,O14,$B$5:$B$1517,"<"&B14)+COUNTIFS($O$5:$O$1517,O14,$B$5:$B$1517,B14,$C$5:$C$1517,"<"&C14),"") -> 37 | U14: =IF($K14=1,COUNTIFS($L$5:$L$1517,">="&L14,$K$5:$K$1517,1)/COUNTIF($L$5:$L$1517,">="&L14),0) -> 0 | V14: =IF($K14=1,COUNTIFS($M$5:$M$1517,">="&M14,$K$5:$K$1517,1)/COUNTIF($M$5:$M$1517,">="&M14),0) -> 0 | W14: =IF($K14=1,COUNTIFS($N$5:$N$1517,">="&N14,$K$5:$K$1517,1)/COUNTIF($N$5:$N$1517,">="&N14),0) -> 0 | X14: =IF($K14=1,COUNTIFS($O$5:$O$1517,">="&O14,$K$5:$K$1517,1)/COUNTIF($O$5:$O$1517,">="&O14),0) -> 0 | Y14: =IF($K14=1,COUNTIFS($P$5:$P$1517,">="&P14,$K$5:$K$1517,1)/COUNTIF($P$5:$P$1517,">="&P14),0) -> 0 | Z14: =(L14-$K14)^2 -> 0.17189648 | AA14: =(M14-$K14)^2 -> 0.008475596 | AB14: =(N14-$K14)^2 -> 0.0030689384 | AC14: =(O14-$K14)^2 -> 0.011274829 | AD14: =(P14-$K14)^2 -> 0.0032725264 | AE14: =MIN(INT(ROUND(N14*1000000,0)/100000),9) -> 0 | AF14: =MIN(INT(ROUND(P14*1000000,0)/100000),9) -> 0
A15: 11 | B15: 56 | C15: 0 | D15: 46054 | E15: smb | F15: apac | G15: 5 | H15: 0 | I15: 0 | J15: 291.9 | K15: 0 | L15: 0.534536 | M15: 0.092063 | N15: 0.106884 | O15: 0.106183 | P15: 0.113547 | Q15: =IF(L15>=Models!$G$5,1+COUNTIF($L$5:$L$1517,">"&L15)+COUNTIFS($L$5:$L$1517,L15,$B$5:$B$1517,"<"&B15)+COUNTIFS($L$5:$L$1517,L15,$B$5:$B$1517,B15,$C$5:$C$1517,"<"&C15),"") | R15: =IF(M15>=Models!$G$6,1+COUNTIF($M$5:$M$1517,">"&M15)+COUNTIFS($M$5:$M$1517,M15,$B$5:$B$1517,"<"&B15)+COUNTIFS($M$5:$M$1517,M15,$B$5:$B$1517,B15,$C$5:$C$1517,"<"&C15),"") | S15: =IF(N15>=Models!$G$7,1+COUNTIF($N$5:$N$1517,">"&N15)+COUNTIFS($N$5:$N$1517,N15,$B$5:$B$1517,"<"&B15)+COUNTIFS($N$5:$N$1517,N15,$B$5:$B$1517,B15,$C$5:$C$1517,"<"&C15),"") | T15: =IF(O15>=Models!$G$8,1+COUNTIF($O$5:$O$1517,">"&O15)+COUNTIFS($O$5:$O$1517,O15,$B$5:$B$1517,"<"&B15)+COUNTIFS($O$5:$O$1517,O15,$B$5:$B$1517,B15,$C$5:$C$1517,"<"&C15),"") -> 41 | U15: =IF($K15=1,COUNTIFS($L$5:$L$1517,">="&L15,$K$5:$K$1517,1)/COUNTIF($L$5:$L$1517,">="&L15),0) -> 0 | V15: =IF($K15=1,COUNTIFS($M$5:$M$1517,">="&M15,$K$5:$K$1517,1)/COUNTIF($M$5:$M$1517,">="&M15),0) -> 0 | W15: =IF($K15=1,COUNTIFS($N$5:$N$1517,">="&N15,$K$5:$K$1517,1)/COUNTIF($N$5:$N$1517,">="&N15),0) -> 0 | X15: =IF($K15=1,COUNTIFS($O$5:$O$1517,">="&O15,$K$5:$K$1517,1)/COUNTIF($O$5:$O$1517,">="&O15),0) -> 0 | Y15: =IF($K15=1,COUNTIFS($P$5:$P$1517,">="&P15,$K$5:$K$1517,1)/COUNTIF($P$5:$P$1517,">="&P15),0) -> 0 | Z15: =(L15-$K15)^2 -> 0.28572874 | AA15: =(M15-$K15)^2 -> 0.008475596 | AB15: =(N15-$K15)^2 -> 0.011424189 | AC15: =(O15-$K15)^2 -> 0.011274829 | AD15: =(P15-$K15)^2 -> 0.012892921 | AE15: =MIN(INT(ROUND(N15*1000000,0)/100000),9) -> 1 | AF15: =MIN(INT(ROUND(P15*1000000,0)/100000),9) -> 1
A16: 12 | B16: 60 | C16: 0 | D16: 46054 | E16: smb | F16: emea | G16: 5 | H16: 5 | I16: 1 | J16: 411 | K16: 1 | L16: 0.513713 | M16: 0.184211 | N16: 0.183491 | O16: 0.106183 | P16: 0.198621 | Q16: =IF(L16>=Models!$G$5,1+COUNTIF($L$5:$L$1517,">"&L16)+COUNTIFS($L$5:$L$1517,L16,$B$5:$B$1517,"<"&B16)+COUNTIFS($L$5:$L$1517,L16,$B$5:$B$1517,B16,$C$5:$C$1517,"<"&C16),"") | R16: =IF(M16>=Models!$G$6,1+COUNTIF($M$5:$M$1517,">"&M16)+COUNTIFS($M$5:$M$1517,M16,$B$5:$B$1517,"<"&B16)+COUNTIFS($M$5:$M$1517,M16,$B$5:$B$1517,B16,$C$5:$C$1517,"<"&C16),"") -> 2 | S16: =IF(N16>=Models!$G$7,1+COUNTIF($N$5:$N$1517,">"&N16)+COUNTIFS($N$5:$N$1517,N16,$B$5:$B$1517,"<"&B16)+COUNTIFS($N$5:$N$1517,N16,$B$5:$B$1517,B16,$C$5:$C$1517,"<"&C16),"") | T16: =IF(O16>=Models!$G$8,1+COUNTIF($O$5:$O$1517,">"&O16)+COUNTIFS($O$5:$O$1517,O16,$B$5:$B$1517,"<"&B16)+COUNTIFS($O$5:$O$1517,O16,$B$5:$B$1517,B16,$C$5:$C$1517,"<"&C16),"") -> 45 | U16: =IF($K16=1,COUNTIFS($L$5:$L$1517,">="&L16,$K$5:$K$1517,1)/COUNTIF($L$5:$L$1517,">="&L16),0) -> 0.1175657 | V16: =IF($K16=1,COUNTIFS($M$5:$M$1517,">="&M16,$K$5:$K$1517,1)/COUNTIF($M$5:$M$1517,">="&M16),0) -> 0.1865285 | W16: =IF($K16=1,COUNTIFS($N$5:$N$1517,">="&N16,$K$5:$K$1517,1)/COUNTIF($N$5:$N$1517,">="&N16),0) -> 0.30588235 | X16: =IF($K16=1,COUNTIFS($O$5:$O$1517,">="&O16,$K$5:$K$1517,1)/COUNTIF($O$5:$O$1517,">="&O16),0) -> 0.12491738 | Y16: =IF($K16=1,COUNTIFS($P$5:$P$1517,">="&P16,$K$5:$K$1517,1)/COUNTIF($P$5:$P$1517,">="&P16),0) -> 0.30588235 | Z16: =(L16-$K16)^2 -> 0.23647505 | AA16: =(M16-$K16)^2 -> 0.66551169 | AB16: =(N16-$K16)^2 -> 0.66668695 | AC16: =(O16-$K16)^2 -> 0.79890883 | AD16: =(P16-$K16)^2 -> 0.6422083 | AE16: =MIN(INT(ROUND(N16*1000000,0)/100000),9) -> 1 | AF16: =MIN(INT(ROUND(P16*1000000,0)/100000),9) -> 1
... A20: 16 | B20: 80 | C20: 0 | D20: 46054 | E20: smb | F20: apac | G20: 9 | H20: 13 | I20: 0 | J20: 277.2 | K20: 0 | L20: 0.521885 | M20: 0.092063 | N20: 0.085056 | O20: 0.106183 | P20: 0.089512 | Q20: =IF(L20>=Models!$G$5,1+COUNTIF($L$5:$L$1517,">"&L20)+COUNTIFS($L$5:$L$1517,L20,$B$5:$B$1517,"<"&B20)+COUNTIFS($L$5:$L$1517,L20,$B$5:$B$1517,B20,$C$5:$C$1517,"<"&C20),"") | R20: =IF(M20>=Models!$G$6,1+COUNTIF($M$5:$M$1517,">"&M20)+COUNTIFS($M$5:$M$1517,M20,$B$5:$B$1517,"<"&B20)+COUNTIFS($M$5:$M$1517,M20,$B$5:$B$1517,B20,$C$5:$C$1517,"<"&C20),"") | S20: =IF(N20>=Models!$G$7,1+COUNTIF($N$5:$N$1517,">"&N20)+COUNTIFS($N$5:$N$1517,N20,$B$5:$B$1517,"<"&B20)+COUNTIFS($N$5:$N$1517,N20,$B$5:$B$1517,B20,$C$5:$C$1517,"<"&C20),"") | T20: =IF(O20>=Models!$G$8,1+COUNTIF($O$5:$O$1517,">"&O20)+COUNTIFS($O$5:$O$1517,O20,$B$5:$B$1517,"<"&B20)+COUNTIFS($O$5:$O$1517,O20,$B$5:$B$1517,B20,$C$5:$C$1517,"<"&C20),"") -> 60 | U20: =IF($K20=1,COUNTIFS($L$5:$L$1517,">="&L20,$K$5:$K$1517,1)/COUNTIF($L$5:$L$1517,">="&L20),0) -> 0 | V20: =IF($K20=1,COUNTIFS($M$5:$M$1517,">="&M20,$K$5:$K$1517,1)/COUNTIF($M$5:$M$1517,">="&M20),0) -> 0 | W20: =IF($K20=1,COUNTIFS($N$5:$N$1517,">="&N20,$K$5:$K$1517,1)/COUNTIF($N$5:$N$1517,">="&N20),0) -> 0 | X20: =IF($K20=1,COUNTIFS($O$5:$O$1517,">="&O20,$K$5:$K$1517,1)/COUNTIF($O$5:$O$1517,">="&O20),0) -> 0 | Y20: =IF($K20=1,COUNTIFS($P$5:$P$1517,">="&P20,$K$5:$K$1517,1)/COUNTIF($P$5:$P$1517,">="&P20),0) -> 0 | Z20: =(L20-$K20)^2 -> 0.27236395 | AA20: =(M20-$K20)^2 -> 0.008475596 | AB20: =(N20-$K20)^2 -> 0.0072345231 | AC20: =(O20-$K20)^2 -> 0.011274829 | AD20: =(P20-$K20)^2 -> 0.0080123981 | AE20: =MIN(INT(ROUND(N20*1000000,0)/100000),9) -> 0 | AF20: =MIN(INT(ROUND(P20*1000000,0)/100000),9) -> 0
A21: 17 | B21: 86 | C21: 0 | D21: 46054 | E21: enterprise | F21: amer | G21: 14 | H21: 5 | I21: 0 | K21: 0 | L21: 0.486618 | M21: 0.092063 | N21: 0.025788 | O21: 0.106183 | P21: 0.025692 | Q21: =IF(L21>=Models!$G$5,1+COUNTIF($L$5:$L$1517,">"&L21)+COUNTIFS($L$5:$L$1517,L21,$B$5:$B$1517,"<"&B21)+COUNTIFS($L$5:$L$1517,L21,$B$5:$B$1517,B21,$C$5:$C$1517,"<"&C21),"") | R21: =IF(M21>=Models!$G$6,1+COUNTIF($M$5:$M$1517,">"&M21)+COUNTIFS($M$5:$M$1517,M21,$B$5:$B$1517,"<"&B21)+COUNTIFS($M$5:$M$1517,M21,$B$5:$B$1517,B21,$C$5:$C$1517,"<"&C21),"") | S21: =IF(N21>=Models!$G$7,1+COUNTIF($N$5:$N$1517,">"&N21)+COUNTIFS($N$5:$N$1517,N21,$B$5:$B$1517,"<"&B21)+COUNTIFS($N$5:$N$1517,N21,$B$5:$B$1517,B21,$C$5:$C$1517,"<"&C21),"") | T21: =IF(O21>=Models!$G$8,1+COUNTIF($O$5:$O$1517,">"&O21)+COUNTIFS($O$5:$O$1517,O21,$B$5:$B$1517,"<"&B21)+COUNTIFS($O$5:$O$1517,O21,$B$5:$B$1517,B21,$C$5:$C$1517,"<"&C21),"") -> 64 | U21: =IF($K21=1,COUNTIFS($L$5:$L$1517,">="&L21,$K$5:$K$1517,1)/COUNTIF($L$5:$L$1517,">="&L21),0) -> 0 | V21: =IF($K21=1,COUNTIFS($M$5:$M$1517,">="&M21,$K$5:$K$1517,1)/COUNTIF($M$5:$M$1517,">="&M21),0) -> 0 | W21: =IF($K21=1,COUNTIFS($N$5:$N$1517,">="&N21,$K$5:$K$1517,1)/COUNTIF($N$5:$N$1517,">="&N21),0) -> 0 | X21: =IF($K21=1,COUNTIFS($O$5:$O$1517,">="&O21,$K$5:$K$1517,1)/COUNTIF($O$5:$O$1517,">="&O21),0) -> 0 | Y21: =IF($K21=1,COUNTIFS($P$5:$P$1517,">="&P21,$K$5:$K$1517,1)/COUNTIF($P$5:$P$1517,">="&P21),0) -> 0 | Z21: =(L21-$K21)^2 -> 0.23679708 | AA21: =(M21-$K21)^2 -> 0.008475596 | AB21: =(N21-$K21)^2 -> 0.00066502094 | AC21: =(O21-$K21)^2 -> 0.011274829 | AD21: =(P21-$K21)^2 -> 0.00066007886 | AE21: =MIN(INT(ROUND(N21*1000000,0)/100000),9) -> 0 | AF21: =MIN(INT(ROUND(P21*1000000,0)/100000),9) -> 0
A22: 18 | B22: 87 | C22: 0 | D22: 46054 | E22: mid | F22: amer | G22: 5 | H22: 5 | I22: 0 | K22: 0 | L22: 0.233114 | M22: 0.092063 | N22: 0.056157 | O22: 0.106183 | P22: 0.058026 | Q22: =IF(L22>=Models!$G$5,1+COUNTIF($L$5:$L$1517,">"&L22)+COUNTIFS($L$5:$L$1517,L22,$B$5:$B$1517,"<"&B22)+COUNTIFS($L$5:$L$1517,L22,$B$5:$B$1517,B22,$C$5:$C$1517,"<"&C22),"") | R22: =IF(M22>=Models!$G$6,1+COUNTIF($M$5:$M$1517,">"&M22)+COUNTIFS($M$5:$M$1517,M22,$B$5:$B$1517,"<"&B22)+COUNTIFS($M$5:$M$1517,M22,$B$5:$B$1517,B22,$C$5:$C$1517,"<"&C22),"") | S22: =IF(N22>=Models!$G$7,1+COUNTIF($N$5:$N$1517,">"&N22)+COUNTIFS($N$5:$N$1517,N22,$B$5:$B$1517,"<"&B22)+COUNTIFS($N$5:$N$1517,N22,$B$5:$B$1517,B22,$C$5:$C$1517,"<"&C22),"") | T22: =IF(O22>=Models!$G$8,1+COUNTIF($O$5:$O$1517,">"&O22)+COUNTIFS($O$5:$O$1517,O22,$B$5:$B$1517,"<"&B22)+COUNTIFS($O$5:$O$1517,O22,$B$5:$B$1517,B22,$C$5:$C$1517,"<"&C22),"") -> 68 | U22: =IF($K22=1,COUNTIFS($L$5:$L$1517,">="&L22,$K$5:$K$1517,1)/COUNTIF($L$5:$L$1517,">="&L22),0) -> 0 | V22: =IF($K22=1,COUNTIFS($M$5:$M$1517,">="&M22,$K$5:$K$1517,1)/COUNTIF($M$5:$M$1517,">="&M22),0) -> 0 | W22: =IF($K22=1,COUNTIFS($N$5:$N$1517,">="&N22,$K$5:$K$1517,1)/COUNTIF($N$5:$N$1517,">="&N22),0) -> 0 | X22: =IF($K22=1,COUNTIFS($O$5:$O$1517,">="&O22,$K$5:$K$1517,1)/COUNTIF($O$5:$O$1517,">="&O22),0) -> 0 | Y22: =IF($K22=1,COUNTIFS($P$5:$P$1517,">="&P22,$K$5:$K$1517,1)/COUNTIF($P$5:$P$1517,">="&P22),0) -> 0 | Z22: =(L22-$K22)^2 -> 0.054342137 | AA22: =(M22-$K22)^2 -> 0.008475596 | AB22: =(N22-$K22)^2 -> 0.0031536086 | AC22: =(O22-$K22)^2 -> 0.011274829 | AD22: =(P22-$K22)^2 -> 0.0033670167 | AE22: =MIN(INT(ROUND(N22*1000000,0)/100000),9) -> 0 | AF22: =MIN(INT(ROUND(P22*1000000,0)/100000),9) -> 0
A23: 19 | B23: 90 | C23: 0 | D23: 46054 | E23: starter | F23: amer | G23: 4 | H23: 0 | I23: 0 | J23: 69 | K23: 1 | L23: 0.857076 | M23: 0.092063 | N23: 0.117116 | O23: 0.106183 | P23: 0.124862 | Q23: =IF(L23>=Models!$G$5,1+COUNTIF($L$5:$L$1517,">"&L23)+COUNTIFS($L$5:$L$1517,L23,$B$5:$B$1517,"<"&B23)+COUNTIFS($L$5:$L$1517,L23,$B$5:$B$1517,B23,$C$5:$C$1517,"<"&C23),"") | R23: =IF(M23>=Models!$G$6,1+COUNTIF($M$5:$M$1517,">"&M23)+COUNTIFS($M$5:$M$1517,M23,$B$5:$B$1517,"<"&B23)+COUNTIFS($M$5:$M$1517,M23,$B$5:$B$1517,B23,$C$5:$C$1517,"<"&C23),"") | S23: =IF(N23>=Models!$G$7,1+COUNTIF($N$5:$N$1517,">"&N23)+COUNTIFS($N$5:$N$1517,N23,$B$5:$B$1517,"<"&B23)+COUNTIFS($N$5:$N$1517,N23,$B$5:$B$1517,B23,$C$5:$C$1517,"<"&C23),"") | T23: =IF(O23>=Models!$G$8,1+COUNTIF($O$5:$O$1517,">"&O23)+COUNTIFS($O$5:$O$1517,O23,$B$5:$B$1517,"<"&B23)+COUNTIFS($O$5:$O$1517,O23,$B$5:$B$1517,B23,$C$5:$C$1517,"<"&C23),"") -> 72 | U23: =IF($K23=1,COUNTIFS($L$5:$L$1517,">="&L23,$K$5:$K$1517,1)/COUNTIF($L$5:$L$1517,">="&L23),0) -> 0.11904762 | V23: =IF($K23=1,COUNTIFS($M$5:$M$1517,">="&M23,$K$5:$K$1517,1)/COUNTIF($M$5:$M$1517,">="&M23),0) -> 0.12491738 | W23: =IF($K23=1,COUNTIFS($N$5:$N$1517,">="&N23,$K$5:$K$1517,1)/COUNTIF($N$5:$N$1517,">="&N23),0) -> 0.214 | X23: =IF($K23=1,COUNTIFS($O$5:$O$1517,">="&O23,$K$5:$K$1517,1)/COUNTIF($O$5:$O$1517,">="&O23),0) -> 0.12491738 | Y23: =IF($K23=1,COUNTIFS($P$5:$P$1517,">="&P23,$K$5:$K$1517,1)/COUNTIF($P$5:$P$1517,">="&P23),0) -> 0.214 | Z23: =(L23-$K23)^2 -> 0.02042727 | AA23: =(M23-$K23)^2 -> 0.8243496 | AB23: =(N23-$K23)^2 -> 0.77948416 | AC23: =(O23-$K23)^2 -> 0.79890883 | AD23: =(P23-$K23)^2 -> 0.76586652 | AE23: =MIN(INT(ROUND(N23*1000000,0)/100000),9) -> 1 | AF23: =MIN(INT(ROUND(P23*1000000,0)/100000),9) -> 1
A24: 20 | B24: 95 | C24: 0 | D24: 46054 | E24: smb | F24: emea | G24: 5 | H24: 0 | I24: 0 | K24: 0 | L24: 0.488044 | M24: 0.092063 | N24: 0.054025 | O24: 0.106183 | P24: 0.055724 | Q24: =IF(L24>=Models!$G$5,1+COUNTIF($L$5:$L$1517,">"&L24)+COUNTIFS($L$5:$L$1517,L24,$B$5:$B$1517,"<"&B24)+COUNTIFS($L$5:$L$1517,L24,$B$5:$B$1517,B24,$C$5:$C$1517,"<"&C24),"") | R24: =IF(M24>=Models!$G$6,1+COUNTIF($M$5:$M$1517,">"&M24)+COUNTIFS($M$5:$M$1517,M24,$B$5:$B$1517,"<"&B24)+COUNTIFS($M$5:$M$1517,M24,$B$5:$B$1517,B24,$C$5:$C$1517,"<"&C24),"") | S24: =IF(N24>=Models!$G$7,1+COUNTIF($N$5:$N$1517,">"&N24)+COUNTIFS($N$5:$N$1517,N24,$B$5:$B$1517,"<"&B24)+COUNTIFS($N$5:$N$1517,N24,$B$5:$B$1517,B24,$C$5:$C$1517,"<"&C24),"") | T24: =IF(O24>=Models!$G$8,1+COUNTIF($O$5:$O$1517,">"&O24)+COUNTIFS($O$5:$O$1517,O24,$B$5:$B$1517,"<"&B24)+COUNTIFS($O$5:$O$1517,O24,$B$5:$B$1517,B24,$C$5:$C$1517,"<"&C24),"") -> 75 | U24: =IF($K24=1,COUNTIFS($L$5:$L$1517,">="&L24,$K$5:$K$1517,1)/COUNTIF($L$5:$L$1517,">="&L24),0) -> 0 | V24: =IF($K24=1,COUNTIFS($M$5:$M$1517,">="&M24,$K$5:$K$1517,1)/COUNTIF($M$5:$M$1517,">="&M24),0) -> 0 | W24: =IF($K24=1,COUNTIFS($N$5:$N$1517,">="&N24,$K$5:$K$1517,1)/COUNTIF($N$5:$N$1517,">="&N24),0) -> 0 | X24: =IF($K24=1,COUNTIFS($O$5:$O$1517,">="&O24,$K$5:$K$1517,1)/COUNTIF($O$5:$O$1517,">="&O24),0) -> 0 | Y24: =IF($K24=1,COUNTIFS($P$5:$P$1517,">="&P24,$K$5:$K$1517,1)/COUNTIF($P$5:$P$1517,">="&P24),0) -> 0 | Z24: =(L24-$K24)^2 -> 0.23818695 | AA24: =(M24-$K24)^2 -> 0.008475596 | AB24: =(N24-$K24)^2 -> 0.0029187006 | AC24: =(O24-$K24)^2 -> 0.011274829 | AD24: =(P24-$K24)^2 -> 0.0031051642 | AE24: =MIN(INT(ROUND(N24*1000000,0)/100000),9) -> 0 | AF24: =MIN(INT(ROUND(P24*1000000,0)/100000),9) -> 0
A25: 21 | B25: 98 | C25: 0 | D25: 46054 | E25: mid | F25: amer | G25: 10 | H25: 3 | I25: 0 | J25: 1479 | K25: 0 | L25: 0.545561 | M25: 0.092063 | N25: 0.068035 | O25: 0.106183 | P25: 0.070908 | Q25: =IF(L25>=Models!$G$5,1+COUNTIF($L$5:$L$1517,">"&L25)+COUNTIFS($L$5:$L$1517,L25,$B$5:$B$1517,"<"&B25)+COUNTIFS($L$5:$L$1517,L25,$B$5:$B$1517,B25,$C$5:$C$1517,"<"&C25),"") | R25: =IF(M25>=Models!$G$6,1+COUNTIF($M$5:$M$1517,">"&M25)+COUNTIFS($M$5:$M$1517,M25,$B$5:$B$1517,"<"&B25)+COUNTIFS($M$5:$M$1517,M25,$B$5:$B$1517,B25,$C$5:$C$1517,"<"&C25),"") | S25: =IF(N25>=Models!$G$7,1+COUNTIF($N$5:$N$1517,">"&N25)+COUNTIFS($N$5:$N$1517,N25,$B$5:$B$1517,"<"&B25)+COUNTIFS($N$5:$N$1517,N25,$B$5:$B$1517,B25,$C$5:$C$1517,"<"&C25),"") | T25: =IF(O25>=Models!$G$8,1+COUNTIF($O$5:$O$1517,">"&O25)+COUNTIFS($O$5:$O$1517,O25,$B$5:$B$1517,"<"&B25)+COUNTIFS($O$5:$O$1517,O25,$B$5:$B$1517,B25,$C$5:$C$1517,"<"&C25),"") -> 79 | U25: =IF($K25=1,COUNTIFS($L$5:$L$1517,">="&L25,$K$5:$K$1517,1)/COUNTIF($L$5:$L$1517,">="&L25),0) -> 0 | V25: =IF($K25=1,COUNTIFS($M$5:$M$1517,">="&M25,$K$5:$K$1517,1)/COUNTIF($M$5:$M$1517,">="&M25),0) -> 0 | W25: =IF($K25=1,COUNTIFS($N$5:$N$1517,">="&N25,$K$5:$K$1517,1)/COUNTIF($N$5:$N$1517,">="&N25),0) -> 0 | X25: =IF($K25=1,COUNTIFS($O$5:$O$1517,">="&O25,$K$5:$K$1517,1)/COUNTIF($O$5:$O$1517,">="&O25),0) -> 0 | Y25: =IF($K25=1,COUNTIFS($P$5:$P$1517,">="&P25,$K$5:$K$1517,1)/COUNTIF($P$5:$P$1517,">="&P25),0) -> 0 | Z25: =(L25-$K25)^2 -> 0.2976368 | AA25: =(M25-$K25)^2 -> 0.008475596 | AB25: =(N25-$K25)^2 -> 0.0046287612 | AC25: =(O25-$K25)^2 -> 0.011274829 | AD25: =(P25-$K25)^2 -> 0.0050279445 | AE25: =MIN(INT(ROUND(N25*1000000,0)/100000),9) -> 0 | AF25: =MIN(INT(ROUND(P25*1000000,0)/100000),9) -> 0
A26: 22 | B26: 99 | C26: 0 | D26: 46054 | E26: smb | F26: apac | G26: 4 | H26: 2 | I26: 0 | K26: 0 | L26: 0.214789 | M26: 0.092063 | N26: 0.059727 | O26: 0.106183 | P26: 0.061887 | Q26: =IF(L26>=Models!$G$5,1+COUNTIF($L$5:$L$1517,">"&L26)+COUNTIFS($L$5:$L$1517,L26,$B$5:$B$1517,"<"&B26)+COUNTIFS($L$5:$L$1517,L26,$B$5:$B$1517,B26,$C$5:$C$1517,"<"&C26),"") | R26: =IF(M26>=Models!$G$6,1+COUNTIF($M$5:$M$1517,">"&M26)+COUNTIFS($M$5:$M$1517,M26,$B$5:$B$1517,"<"&B26)+COUNTIFS($M$5:$M$1517,M26,$B$5:$B$1517,B26,$C$5:$C$1517,"<"&C26),"") | S26: =IF(N26>=Models!$G$7,1+COUNTIF($N$5:$N$1517,">"&N26)+COUNTIFS($N$5:$N$1517,N26,$B$5:$B$1517,"<"&B26)+COUNTIFS($N$5:$N$1517,N26,$B$5:$B$1517,B26,$C$5:$C$1517,"<"&C26),"") | T26: =IF(O26>=Models!$G$8,1+COUNTIF($O$5:$O$1517,">"&O26)+COUNTIFS($O$5:$O$1517,O26,$B$5:$B$1517,"<"&B26)+COUNTIFS($O$5:$O$1517,O26,$B$5:$B$1517,B26,$C$5:$C$1517,"<"&C26),"") -> 83 | U26: =IF($K26=1,COUNTIFS($L$5:$L$1517,">="&L26,$K$5:$K$1517,1)/COUNTIF($L$5:$L$1517,">="&L26),0) -> 0 | V26: =IF($K26=1,COUNTIFS($M$5:$M$1517,">="&M26,$K$5:$K$1517,1)/COUNTIF($M$5:$M$1517,">="&M26),0) -> 0 | W26: =IF($K26=1,COUNTIFS($N$5:$N$1517,">="&N26,$K$5:$K$1517,1)/COUNTIF($N$5:$N$1517,">="&N26),0) -> 0 | X26: =IF($K26=1,COUNTIFS($O$5:$O$1517,">="&O26,$K$5:$K$1517,1)/COUNTIF($O$5:$O$1517,">="&O26),0) -> 0 | Y26: =IF($K26=1,COUNTIFS($P$5:$P$1517,">="&P26,$K$5:$K$1517,1)/COUNTIF($P$5:$P$1517,">="&P26),0) -> 0 | Z26: =(L26-$K26)^2 -> 0.046134315 | AA26: =(M26-$K26)^2 -> 0.008475596 | AB26: =(N26-$K26)^2 -> 0.0035673145 | AC26: =(O26-$K26)^2 -> 0.011274829 | AD26: =(P26-$K26)^2 -> 0.0038300008 | AE26: =MIN(INT(ROUND(N26*1000000,0)/100000),9) -> 0 | AF26: =MIN(INT(ROUND(P26*1000000,0)/100000),9) -> 0
A27: 23 | B27: 113 | C27: 0 | D27: 46054 | E27: mid | F27: latam | G27: 9 | H27: 2 | I27: 0 | J27: 1371 | K27: 0 | L27: 0.131522 | M27: 0.092063 | N27: 0.073835 | O27: 0.106183 | P27: 0.077231 | Q27: =IF(L27>=Models!$G$5,1+COUNTIF($L$5:$L$1517,">"&L27)+COUNTIFS($L$5:$L$1517,L27,$B$5:$B$1517,"<"&B27)+COUNTIFS($L$5:$L$1517,L27,$B$5:$B$1517,B27,$C$5:$C$1517,"<"&C27),"") | R27: =IF(M27>=Models!$G$6,1+COUNTIF($M$5:$M$1517,">"&M27)+COUNTIFS($M$5:$M$1517,M27,$B$5:$B$1517,"<"&B27)+COUNTIFS($M$5:$M$1517,M27,$B$5:$B$1517,B27,$C$5:$C$1517,"<"&C27),"") | S27: =IF(N27>=Models!$G$7,1+COUNTIF($N$5:$N$1517,">"&N27)+COUNTIFS($N$5:$N$1517,N27,$B$5:$B$1517,"<"&B27)+COUNTIFS($N$5:$N$1517,N27,$B$5:$B$1517,B27,$C$5:$C$1517,"<"&C27),"") | T27: =IF(O27>=Models!$G$8,1+COUNTIF($O$5:$O$1517,">"&O27)+COUNTIFS($O$5:$O$1517,O27,$B$5:$B$1517,"<"&B27)+COUNTIFS($O$5:$O$1517,O27,$B$5:$B$1517,B27,$C$5:$C$1517,"<"&C27),"") -> 87 | U27: =IF($K27=1,COUNTIFS($L$5:$L$1517,">="&L27,$K$5:$K$1517,1)/COUNTIF($L$5:$L$1517,">="&L27),0) -> 0 | V27: =IF($K27=1,COUNTIFS($M$5:$M$1517,">="&M27,$K$5:$K$1517,1)/COUNTIF($M$5:$M$1517,">="&M27),0) -> 0 | W27: =IF($K27=1,COUNTIFS($N$5:$N$1517,">="&N27,$K$5:$K$1517,1)/COUNTIF($N$5:$N$1517,">="&N27),0) -> 0 | X27: =IF($K27=1,COUNTIFS($O$5:$O$1517,">="&O27,$K$5:$K$1517,1)/COUNTIF($O$5:$O$1517,">="&O27),0) -> 0 | Y27: =IF($K27=1,COUNTIFS($P$5:$P$1517,">="&P27,$K$5:$K$1517,1)/COUNTIF($P$5:$P$1517,">="&P27),0) -> 0 | Z27: =(L27-$K27)^2 -> 0.017298036 | AA27: =(M27-$K27)^2 -> 0.008475596 | AB27: =(N27-$K27)^2 -> 0.0054516072 | AC27: =(O27-$K27)^2 -> 0.011274829 | AD27: =(P27-$K27)^2 -> 0.0059646274 | AE27: =MIN(INT(ROUND(N27*1000000,0)/100000),9) -> 0 | AF27: =MIN(INT(ROUND(P27*1000000,0)/100000),9) -> 0
A28: 24 | B28: 114 | C28: 0 | D28: 46054 | E28: mid | F28: amer | G28: 14 | H28: 2 | I28: 0 | K28: 0 | L28: 0.555638 | M28: 0.092063 | N28: 0.025177 | O28: 0.106183 | P28: 0.025055 | Q28: =IF(L28>=Models!$G$5,1+COUNTIF($L$5:$L$1517,">"&L28)+COUNTIFS($L$5:$L$1517,L28,$B$5:$B$1517,"<"&B28)+COUNTIFS($L$5:$L$1517,L28,$B$5:$B$1517,B28,$C$5:$C$1517,"<"&C28),"") | R28: =IF(M28>=Models!$G$6,1+COUNTIF($M$5:$M$1517,">"&M28)+COUNTIFS($M$5:$M$1517,M28,$B$5:$B$1517,"<"&B28)+COUNTIFS($M$5:$M$1517,M28,$B$5:$B$1517,B28,$C$5:$C$1517,"<"&C28),"") | S28: =IF(N28>=Models!$G$7,1+COUNTIF($N$5:$N$1517,">"&N28)+COUNTIFS($N$5:$N$1517,N28,$B$5:$B$1517,"<"&B28)+COUNTIFS($N$5:$N$1517,N28,$B$5:$B$1517,B28,$C$5:$C$1517,"<"&C28),"") | T28: =IF(O28>=Models!$G$8,1+COUNTIF($O$5:$O$1517,">"&O28)+COUNTIFS($O$5:$O$1517,O28,$B$5:$B$1517,"<"&B28)+COUNTIFS($O$5:$O$1517,O28,$B$5:$B$1517,B28,$C$5:$C$1517,"<"&C28),"") -> 91 | U28: =IF($K28=1,COUNTIFS($L$5:$L$1517,">="&L28,$K$5:$K$1517,1)/COUNTIF($L$5:$L$1517,">="&L28),0) -> 0 | V28: =IF($K28=1,COUNTIFS($M$5:$M$1517,">="&M28,$K$5:$K$1517,1)/COUNTIF($M$5:$M$1517,">="&M28),0) -> 0 | W28: =IF($K28=1,COUNTIFS($N$5:$N$1517,">="&N28,$K$5:$K$1517,1)/COUNTIF($N$5:$N$1517,">="&N28),0) -> 0 | X28: =IF($K28=1,COUNTIFS($O$5:$O$1517,">="&O28,$K$5:$K$1517,1)/COUNTIF($O$5:$O$1517,">="&O28),0) -> 0 | Y28: =IF($K28=1,COUNTIFS($P$5:$P$1517,">="&P28,$K$5:$K$1517,1)/COUNTIF($P$5:$P$1517,">="&P28),0) -> 0 | Z28: =(L28-$K28)^2 -> 0.30873359 | AA28: =(M28-$K28)^2 -> 0.008475596 | AB28: =(N28-$K28)^2 -> 0.00063388133 | AC28: =(O28-$K28)^2 -> 0.011274829 | AD28: =(P28-$K28)^2 -> 0.00062775303 | AE28: =MIN(INT(ROUND(N28*1000000,0)/100000),9) -> 0 | AF28: =MIN(INT(ROUND(P28*1000000,0)/100000),9) -> 0
A29: 25 | B29: 146 | C29: 0 | D29: 46054 | E29: mid | F29: amer | G29: 5 | H29: 0 | I29: 0 | K29: 0 | L29: 0.876658 | M29: 0.092063 | N29: 0.054025 | O29: 0.106183 | P29: 0.055724 | Q29: =IF(L29>=Models!$G$5,1+COUNTIF($L$5:$L$1517,">"&L29)+COUNTIFS($L$5:$L$1517,L29,$B$5:$B$1517,"<"&B29)+COUNTIFS($L$5:$L$1517,L29,$B$5:$B$1517,B29,$C$5:$C$1517,"<"&C29),"") | R29: =IF(M29>=Models!$G$6,1+COUNTIF($M$5:$M$1517,">"&M29)+COUNTIFS($M$5:$M$1517,M29,$B$5:$B$1517,"<"&B29)+COUNTIFS($M$5:$M$1517,M29,$B$5:$B$1517,B29,$C$5:$C$1517,"<"&C29),"") | S29: =IF(N29>=Models!$G$7,1+COUNTIF($N$5:$N$1517,">"&N29)+COUNTIFS($N$5:$N$1517,N29,$B$5:$B$1517,"<"&B29)+COUNTIFS($N$5:$N$1517,N29,$B$5:$B$1517,B29,$C$5:$C$1517,"<"&C29),"") | T29: =IF(O29>=Models!$G$8,1+COUNTIF($O$5:$O$1517,">"&O29)+COUNTIFS($O$5:$O$1517,O29,$B$5:$B$1517,"<"&B29)+COUNTIFS($O$5:$O$1517,O29,$B$5:$B$1517,B29,$C$5:$C$1517,"<"&C29),"") -> 95 | U29: =IF($K29=1,COUNTIFS($L$5:$L$1517,">="&L29,$K$5:$K$1517,1)/COUNTIF($L$5:$L$1517,">="&L29),0) -> 0 | V29: =IF($K29=1,COUNTIFS($M$5:$M$1517,">="&M29,$K$5:$K$1517,1)/COUNTIF($M$5:$M$1517,">="&M29),0) -> 0 | W29: =IF($K29=1,COUNTIFS($N$5:$N$1517,">="&N29,$K$5:$K$1517,1)/COUNTIF($N$5:$N$1517,">="&N29),0) -> 0 | X29: =IF($K29=1,COUNTIFS($O$5:$O$1517,">="&O29,$K$5:$K$1517,1)/COUNTIF($O$5:$O$1517,">="&O29),0) -> 0 | Y29: =IF($K29=1,COUNTIFS($P$5:$P$1517,">="&P29,$K$5:$K$1517,1)/COUNTIF($P$5:$P$1517,">="&P29),0) -> 0 | Z29: =(L29-$K29)^2 -> 0.76852925 | AA29: =(M29-$K29)^2 -> 0.008475596 | AB29: =(N29-$K29)^2 -> 0.0029187006 | AC29: =(O29-$K29)^2 -> 0.011274829 | AD29: =(P29-$K29)^2 -> 0.0031051642 | AE29: =MIN(INT(ROUND(N29*1000000,0)/100000),9) -> 0 | AF29: =MIN(INT(ROUND(P29*1000000,0)/100000),9) -> 0
A30: 26 | B30: 147 | C30: 0 | D30: 46054 | E30: mid | F30: amer | G30: 6 | H30: 3 | I30: 0 | K30: 0 | L30: 0.555965 | M30: 0.092063 | N30: 0.050778 | O30: 0.106183 | P30: 0.052227 | Q30: =IF(L30>=Models!$G$5,1+COUNTIF($L$5:$L$1517,">"&L30)+COUNTIFS($L$5:$L$1517,L30,$B$5:$B$1517,"<"&B30)+COUNTIFS($L$5:$L$1517,L30,$B$5:$B$1517,B30,$C$5:$C$1517,"<"&C30),"") | R30: =IF(M30>=Models!$G$6,1+COUNTIF($M$5:$M$1517,">"&M30)+COUNTIFS($M$5:$M$1517,M30,$B$5:$B$1517,"<"&B30)+COUNTIFS($M$5:$M$1517,M30,$B$5:$B$1517,B30,$C$5:$C$1517,"<"&C30),"") | S30: =IF(N30>=Models!$G$7,1+COUNTIF($N$5:$N$1517,">"&N30)+COUNTIFS($N$5:$N$1517,N30,$B$5:$B$1517,"<"&B30)+COUNTIFS($N$5:$N$1517,N30,$B$5:$B$1517,B30,$C$5:$C$1517,"<"&C30),"") | T30: =IF(O30>=Models!$G$8,1+COUNTIF($O$5:$O$1517,">"&O30)+COUNTIFS($O$5:$O$1517,O30,$B$5:$B$1517,"<"&B30)+COUNTIFS($O$5:$O$1517,O30,$B$5:$B$1517,B30,$C$5:$C$1517,"<"&C30),"") -> 99 | U30: =IF($K30=1,COUNTIFS($L$5:$L$1517,">="&L30,$K$5:$K$1517,1)/COUNTIF($L$5:$L$1517,">="&L30),0) -> 0 | V30: =IF($K30=1,COUNTIFS($M$5:$M$1517,">="&M30,$K$5:$K$1517,1)/COUNTIF($M$5:$M$1517,">="&M30),0) -> 0 | W30: =IF($K30=1,COUNTIFS($N$5:$N$1517,">="&N30,$K$5:$K$1517,1)/COUNTIF($N$5:$N$1517,">="&N30),0) -> 0 | X30: =IF($K30=1,COUNTIFS($O$5:$O$1517,">="&O30,$K$5:$K$1517,1)/COUNTIF($O$5:$O$1517,">="&O30),0) -> 0 | Y30: =IF($K30=1,COUNTIFS($P$5:$P$1517,">="&P30,$K$5:$K$1517,1)/COUNTIF($P$5:$P$1517,">="&P30),0) -> 0 | Z30: =(L30-$K30)^2 -> 0.30909708 | AA30: =(M30-$K30)^2 -> 0.008475596 | AB30: =(N30-$K30)^2 -> 0.0025784053 | AC30: =(O30-$K30)^2 -> 0.011274829 | AD30: =(P30-$K30)^2 -> 0.0027276595 | AE30: =MIN(INT(ROUND(N30*1000000,0)/100000),9) -> 0 | AF30: =MIN(INT(ROUND(P30*1000000,0)/100000),9) -> 0
A31: 27 | B31: 148 | C31: 0 | D31: 46054 | E31: starter | F31: amer | G31: 4 | H31: 7 | I31: 0 | J31: 117 | K31: 0 | L31: 0.390668 | M31: 0.092063 | N31: 0.122877 | O31: 0.106183 | P31: 0.131244 | Q31: =IF(L31>=Models!$G$5,1+COUNTIF($L$5:$L$1517,">"&L31)+COUNTIFS($L$5:$L$1517,L31,$B$5:$B$1517,"<"&B31)+COUNTIFS($L$5:$L$1517,L31,$B$5:$B$1517,B31,$C$5:$C$1517,"<"&C31),"") | R31: =IF(M31>=Models!$G$6,1+COUNTIF($M$5:$M$1517,">"&M31)+COUNTIFS($M$5:$M$1517,M31,$B$5:$B$1517,"<"&B31)+COUNTIFS($M$5:$M$1517,M31,$B$5:$B$1517,B31,$C$5:$C$1517,"<"&C31),"") | S31: =IF(N31>=Models!$G$7,1+COUNTIF($N$5:$N$1517,">"&N31)+COUNTIFS($N$5:$N$1517,N31,$B$5:$B$1517,"<"&B31)+COUNTIFS($N$5:$N$1517,N31,$B$5:$B$1517,B31,$C$5:$C$1517,"<"&C31),"") | T31: =IF(O31>=Models!$G$8,1+COUNTIF($O$5:$O$1517,">"&O31)+COUNTIFS($O$5:$O$1517,O31,$B$5:$B$1517,"<"&B31)+COUNTIFS($O$5:$O$1517,O31,$B$5:$B$1517,B31,$C$5:$C$1517,"<"&C31),"") -> 103 | U31: =IF($K31=1,COUNTIFS($L$5:$L$1517,">="&L31,$K$5:$K$1517,1)/COUNTIF($L$5:$L$1517,">="&L31),0) -> 0 | V31: =IF($K31=1,COUNTIFS($M$5:$M$1517,">="&M31,$K$5:$K$1517,1)/COUNTIF($M$5:$M$1517,">="&M31),0) -> 0 | W31: =IF($K31=1,COUNTIFS($N$5:$N$1517,">="&N31,$K$5:$K$1517,1)/COUNTIF($N$5:$N$1517,">="&N31),0) -> 0 | X31: =IF($K31=1,COUNTIFS($O$5:$O$1517,">="&O31,$K$5:$K$1517,1)/COUNTIF($O$5:$O$1517,">="&O31),0) -> 0 | Y31: =IF($K31=1,COUNTIFS($P$5:$P$1517,">="&P31,$K$5:$K$1517,1)/COUNTIF($P$5:$P$1517,">="&P31),0) -> 0 | Z31: =(L31-$K31)^2 -> 0.15262149 | AA31: =(M31-$K31)^2 -> 0.008475596 | AB31: =(N31-$K31)^2 -> 0.015098757 | AC31: =(O31-$K31)^2 -> 0.011274829 | AD31: =(P31-$K31)^2 -> 0.017224988 | AE31: =MIN(INT(ROUND(N31*1000000,0)/100000),9) -> 1 | AF31: =MIN(INT(ROUND(P31*1000000,0)/100000),9) -> 1
A32: 28 | B32: 159 | C32: 0 | D32: 46054 | E32: smb | F32: latam | G32: 2 | H32: 14 | I32: 0 | K32: 0 | L32: 0.447085 | M32: 0.092063 | N32: 0.07741 | O32: 0.106183 | P32: 0.081137 | Q32: =IF(L32>=Models!$G$5,1+COUNTIF($L$5:$L$1517,">"&L32)+COUNTIFS($L$5:$L$1517,L32,$B$5:$B$1517,"<"&B32)+COUNTIFS($L$5:$L$1517,L32,$B$5:$B$1517,B32,$C$5:$C$1517,"<"&C32),"") | R32: =IF(M32>=Models!$G$6,1+COUNTIF($M$5:$M$1517,">"&M32)+COUNTIFS($M$5:$M$1517,M32,$B$5:$B$1517,"<"&B32)+COUNTIFS($M$5:$M$1517,M32,$B$5:$B$1517,B32,$C$5:$C$1517,"<"&C32),"") | S32: =IF(N32>=Models!$G$7,1+COUNTIF($N$5:$N$1517,">"&N32)+COUNTIFS($N$5:$N$1517,N32,$B$5:$B$1517,"<"&B32)+COUNTIFS($N$5:$N$1517,N32,$B$5:$B$1517,B32,$C$5:$C$1517,"<"&C32),"") | T32: =IF(O32>=Models!$G$8,1+COUNTIF($O$5:$O$1517,">"&O32)+COUNTIFS($O$5:$O$1517,O32,$B$5:$B$1517,"<"&B32)+COUNTIFS($O$5:$O$1517,O32,$B$5:$B$1517,B32,$C$5:$C$1517,"<"&C32),"") -> 107 | U32: =IF($K32=1,COUNTIFS($L$5:$L$1517,">="&L32,$K$5:$K$1517,1)/COUNTIF($L$5:$L$1517,">="&L32),0) -> 0 | V32: =IF($K32=1,COUNTIFS($M$5:$M$1517,">="&M32,$K$5:$K$1517,1)/COUNTIF($M$5:$M$1517,">="&M32),0) -> 0 | W32: =IF($K32=1,COUNTIFS($N$5:$N$1517,">="&N32,$K$5:$K$1517,1)/COUNTIF($N$5:$N$1517,">="&N32),0) -> 0 | X32: =IF($K32=1,COUNTIFS($O$5:$O$1517,">="&O32,$K$5:$K$1517,1)/COUNTIF($O$5:$O$1517,">="&O32),0) -> 0 | Y32: =IF($K32=1,COUNTIFS($P$5:$P$1517,">="&P32,$K$5:$K$1517,1)/COUNTIF($P$5:$P$1517,">="&P32),0) -> 0 | Z32: =(L32-$K32)^2 -> 0.199885 | AA32: =(M32-$K32)^2 -> 0.008475596 | AB32: =(N32-$K32)^2 -> 0.0059923081 | AC32: =(O32-$K32)^2 -> 0.011274829 | AD32: =(P32-$K32)^2 -> 0.0065832128 | AE32: =MIN(INT(ROUND(N32*1000000,0)/100000),9) -> 0 | AF32: =MIN(INT(ROUND(P32*1000000,0)/100000),9) -> 0
A33: 29 | B33: 160 | C33: 0 | D33: 46054 | E33: smb | F33: amer | G33: 5 | H33: 10 | I33: 1 | K33: 0 | L33: 0.455335 | M33: 0.184211 | N33: 0.101124 | O33: 0.106183 | P33: 0.10719 | Q33: =IF(L33>=Models!$G$5,1+COUNTIF($L$5:$L$1517,">"&L33)+COUNTIFS($L$5:$L$1517,L33,$B$5:$B$1517,"<"&B33)+COUNTIFS($L$5:$L$1517,L33,$B$5:$B$1517,B33,$C$5:$C$1517,"<"&C33),"") | R33: =IF(M33>=Models!$G$6,1+COUNTIF($M$5:$M$1517,">"&M33)+COUNTIFS($M$5:$M$1517,M33,$B$5:$B$1517,"<"&B33)+COUNTIFS($M$5:$M$1517,M33,$B$5:$B$1517,B33,$C$5:$C$1517,"<"&C33),"") -> 13 | S33: =IF(N33>=Models!$G$7,1+COUNTIF($N$5:$N$1517,">"&N33)+COUNTIFS($N$5:$N$1517,N33,$B$5:$B$1517,"<"&B33)+COUNTIFS($N$5:$N$1517,N33,$B$5:$B$1517,B33,$C$5:$C$1517,"<"&C33),"") | T33: =IF(O33>=Models!$G$8,1+COUNTIF($O$5:$O$1517,">"&O33)+COUNTIFS($O$5:$O$1517,O33,$B$5:$B$1517,"<"&B33)+COUNTIFS($O$5:$O$1517,O33,$B$5:$B$1517,B33,$C$5:$C$1517,"<"&C33),"") -> 111 | U33: =IF($K33=1,COUNTIFS($L$5:$L$1517,">="&L33,$K$5:$K$1517,1)/COUNTIF($L$5:$L$1517,">="&L33),0) -> 0 | V33: =IF($K33=1,COUNTIFS($M$5:$M$1517,">="&M33,$K$5:$K$1517,1)/COUNTIF($M$5:$M$1517,">="&M33),0) -> 0 | W33: =IF($K33=1,COUNTIFS($N$5:$N$1517,">="&N33,$K$5:$K$1517,1)/COUNTIF($N$5:$N$1517,">="&N33),0) -> 0 | X33: =IF($K33=1,COUNTIFS($O$5:$O$1517,">="&O33,$K$5:$K$1517,1)/COUNTIF($O$5:$O$1517,">="&O33),0) -> 0 | Y33: =IF($K33=1,COUNTIFS($P$5:$P$1517,">="&P33,$K$5:$K$1517,1)/COUNTIF($P$5:$P$1517,">="&P33),0) -> 0 | Z33: =(L33-$K33)^2 -> 0.20732996 | AA33: =(M33-$K33)^2 -> 0.033933693 | AB33: =(N33-$K33)^2 -> 0.010226063 | AC33: =(O33-$K33)^2 -> 0.011274829 | AD33: =(P33-$K33)^2 -> 0.011489696 | AE33: =MIN(INT(ROUND(N33*1000000,0)/100000),9) -> 1 | AF33: =MIN(INT(ROUND(P33*1000000,0)/100000),9) -> 1
A34: 30 | B34: 167 | C34: 0 | D34: 46054 | E34: starter | F34: emea | G34: 1 | H34: 28 | I34: 0 | K34: 0 | L34: 0.410759 | M34: 0.092063 | N34: 0.093354 | O34: 0.106183 | P34: 0.09863 | Q34: =IF(L34>=Models!$G$5,1+COUNTIF($L$5:$L$1517,">"&L34)+COUNTIFS($L$5:$L$1517,L34,$B$5:$B$1517,"<"&B34)+COUNTIFS($L$5:$L$1517,L34,$B$5:$B$1517,B34,$C$5:$C$1517,"<"&C34),"") | R34: =IF(M34>=Models!$G$6,1+COUNTIF($M$5:$M$1517,">"&M34)+COUNTIFS($M$5:$M$1517,M34,$B$5:$B$1517,"<"&B34)+COUNTIFS($M$5:$M$1517,M34,$B$5:$B$1517,B34,$C$5:$C$1517,"<"&C34),"") | S34: =IF(N34>=Models!$G$7,1+COUNTIF($N$5:$N$1517,">"&N34)+COUNTIFS($N$5:$N$1517,N34,$B$5:$B$1517,"<"&B34)+COUNTIFS($N$5:$N$1517,N34,$B$5:$B$1517,B34,$C$5:$C$1517,"<"&C34),"") | T34: =IF(O34>=Models!$G$8,1+COUNTIF($O$5:$O$1517,">"&O34)+COUNTIFS($O$5:$O$1517,O34,$B$5:$B$1517,"<"&B34)+COUNTIFS($O$5:$O$1517,O34,$B$5:$B$1517,B34,$C$5:$C$1517,"<"&C34),"") -> 115 | U34: =IF($K34=1,COUNTIFS($L$5:$L$1517,">="&L34,$K$5:$K$1517,1)/COUNTIF($L$5:$L$1517,">="&L34),0) -> 0 | V34: =IF($K34=1,COUNTIFS($M$5:$M$1517,">="&M34,$K$5:$K$1517,1)/COUNTIF($M$5:$M$1517,">="&M34),0) -> 0 | W34: =IF($K34=1,COUNTIFS($N$5:$N$1517,">="&N34,$K$5:$K$1517,1)/COUNTIF($N$5:$N$1517,">="&N34),0) -> 0 | X34: =IF($K34=1,COUNTIFS($O$5:$O$1517,">="&O34,$K$5:$K$1517,1)/COUNTIF($O$5:$O$1517,">="&O34),0) -> 0 | Y34: =IF($K34=1,COUNTIFS($P$5:$P$1517,">="&P34,$K$5:$K$1517,1)/COUNTIF($P$5:$P$1517,">="&P34),0) -> 0 | Z34: =(L34-$K34)^2 -> 0.16872296 | AA34: =(M34-$K34)^2 -> 0.008475596 | AB34: =(N34-$K34)^2 -> 0.0087149693 | AC34: =(O34-$K34)^2 -> 0.011274829 | AD34: =(P34-$K34)^2 -> 0.0097278769 | AE34: =MIN(INT(ROUND(N34*1000000,0)/100000),9) -> 0 | AF34: =MIN(INT(ROUND(P34*1000000,0)/100000),9) -> 0
A35: 31 | B35: 171 | C35: 0 | D35: 46054 | E35: starter | F35: emea | G35: 2 | H35: 0 | I35: 0 | J35: 114 | K35: 0 | L35: 0.816135 | M35: 0.092063 | N35: 0.136736 | O35: 0.106183 | P35: 0.146619 | Q35: =IF(L35>=Models!$G$5,1+COUNTIF($L$5:$L$1517,">"&L35)+COUNTIFS($L$5:$L$1517,L35,$B$5:$B$1517,"<"&B35)+COUNTIFS($L$5:$L$1517,L35,$B$5:$B$1517,B35,$C$5:$C$1517,"<"&C35),"") | R35: =IF(M35>=Models!$G$6,1+COUNTIF($M$5:$M$1517,">"&M35)+COUNTIFS($M$5:$M$1517,M35,$B$5:$B$1517,"<"&B35)+COUNTIFS($M$5:$M$1517,M35,$B$5:$B$1517,B35,$C$5:$C$1517,"<"&C35),"") | S35: =IF(N35>=Models!$G$7,1+COUNTIF($N$5:$N$1517,">"&N35)+COUNTIFS($N$5:$N$1517,N35,$B$5:$B$1517,"<"&B35)+COUNTIFS($N$5:$N$1517,N35,$B$5:$B$1517,B35,$C$5:$C$1517,"<"&C35),"") | T35: =IF(O35>=Models!$G$8,1+COUNTIF($O$5:$O$1517,">"&O35)+COUNTIFS($O$5:$O$1517,O35,$B$5:$B$1517,"<"&B35)+COUNTIFS($O$5:$O$1517,O35,$B$5:$B$1517,B35,$C$5:$C$1517,"<"&C35),"") -> 119 | U35: =IF($K35=1,COUNTIFS($L$5:$L$1517,">="&L35,$K$5:$K$1517,1)/COUNTIF($L$5:$L$1517,">="&L35),0) -> 0 | V35: =IF($K35=1,COUNTIFS($M$5:$M$1517,">="&M35,$K$5:$K$1517,1)/COUNTIF($M$5:$M$1517,">="&M35),0) -> 0 | W35: =IF($K35=1,COUNTIFS($N$5:$N$1517,">="&N35,$K$5:$K$1517,1)/COUNTIF($N$5:$N$1517,">="&N35),0) -> 0 | X35: =IF($K35=1,COUNTIFS($O$5:$O$1517,">="&O35,$K$5:$K$1517,1)/COUNTIF($O$5:$O$1517,">="&O35),0) -> 0 | Y35: =IF($K35=1,COUNTIFS($P$5:$P$1517,">="&P35,$K$5:$K$1517,1)/COUNTIF($P$5:$P$1517,">="&P35),0) -> 0 | Z35: =(L35-$K35)^2 -> 0.66607634 | AA35: =(M35-$K35)^2 -> 0.008475596 | AB35: =(N35-$K35)^2 -> 0.018696734 | AC35: =(O35-$K35)^2 -> 0.011274829 | AD35: =(P35-$K35)^2 -> 0.021497131 | AE35: =MIN(INT(ROUND(N35*1000000,0)/100000),9) -> 1 | AF35: =MIN(INT(ROUND(P35*1000000,0)/100000),9) -> 1
A36: 32 | B36: 176 | C36: 0 | D36: 46054 | E36: enterprise | F36: amer | G36: 6 | H36: 5 | I36: 1 | K36: 0 | L36: 0.331893 | M36: 0.184211 | N36: 0.089827 | O36: 0.106183 | P36: 0.094751 | Q36: =IF(L36>=Models!$G$5,1+COUNTIF($L$5:$L$1517,">"&L36)+COUNTIFS($L$5:$L$1517,L36,$B$5:$B$1517,"<"&B36)+COUNTIFS($L$5:$L$1517,L36,$B$5:$B$1517,B36,$C$5:$C$1517,"<"&C36),"") | R36: =IF(M36>=Models!$G$6,1+COUNTIF($M$5:$M$1517,">"&M36)+COUNTIFS($M$5:$M$1517,M36,$B$5:$B$1517,"<"&B36)+COUNTIFS($M$5:$M$1517,M36,$B$5:$B$1517,B36,$C$5:$C$1517,"<"&C36),"") -> 14 | S36: =IF(N36>=Models!$G$7,1+COUNTIF($N$5:$N$1517,">"&N36)+COUNTIFS($N$5:$N$1517,N36,$B$5:$B$1517,"<"&B36)+COUNTIFS($N$5:$N$1517,N36,$B$5:$B$1517,B36,$C$5:$C$1517,"<"&C36),"") | T36: =IF(O36>=Models!$G$8,1+COUNTIF($O$5:$O$1517,">"&O36)+COUNTIFS($O$5:$O$1517,O36,$B$5:$B$1517,"<"&B36)+COUNTIFS($O$5:$O$1517,O36,$B$5:$B$1517,B36,$C$5:$C$1517,"<"&C36),"") -> 123 | U36: =IF($K36=1,COUNTIFS($L$5:$L$1517,">="&L36,$K$5:$K$1517,1)/COUNTIF($L$5:$L$1517,">="&L36),0) -> 0 | V36: =IF($K36=1,COUNTIFS($M$5:$M$1517,">="&M36,$K$5:$K$1517,1)/COUNTIF($M$5:$M$1517,">="&M36),0) -> 0 | W36: =IF($K36=1,COUNTIFS($N$5:$N$1517,">="&N36,$K$5:$K$1517,1)/COUNTIF($N$5:$N$1517,">="&N36),0) -> 0 | X36: =IF($K36=1,COUNTIFS($O$5:$O$1517,">="&O36,$K$5:$K$1517,1)/COUNTIF($O$5:$O$1517,">="&O36),0) -> 0 | Y36: =IF($K36=1,COUNTIFS($P$5:$P$1517,">="&P36,$K$5:$K$1517,1)/COUNTIF($P$5:$P$1517,">="&P36),0) -> 0 | Z36: =(L36-$K36)^2 -> 0.11015296 | AA36: =(M36-$K36)^2 -> 0.033933693 | AB36: =(N36-$K36)^2 -> 0.0080688899 | AC36: =(O36-$K36)^2 -> 0.011274829 | AD36: =(P36-$K36)^2 -> 0.008977752 | AE36: =MIN(INT(ROUND(N36*1000000,0)/100000),9) -> 0 | AF36: =MIN(INT(ROUND(P36*1000000,0)/100000),9) -> 0
A37: 33 | B37: 177 | C37: 0 | D37: 46054 | E37: smb | F37: emea | G37: 2 | H37: 22 | I37: 0 | J37: 390 | K37: 0 | L37: 0.117309 | M37: 0.092063 | N37: 0.157306 | O37: 0.106183 | P37: 0.169483 | Q37: =IF(L37>=Models!$G$5,1+COUNTIF($L$5:$L$1517,">"&L37)+COUNTIFS($L$5:$L$1517,L37,$B$5:$B$1517,"<"&B37)+COUNTIFS($L$5:$L$1517,L37,$B$5:$B$1517,B37,$C$5:$C$1517,"<"&C37),"") | R37: =IF(M37>=Models!$G$6,1+COUNTIF($M$5:$M$1517,">"&M37)+COUNTIFS($M$5:$M$1517,M37,$B$5:$B$1517,"<"&B37)+COUNTIFS($M$5:$M$1517,M37,$B$5:$B$1517,B37,$C$5:$C$1517,"<"&C37),"") | S37: =IF(N37>=Models!$G$7,1+COUNTIF($N$5:$N$1517,">"&N37)+COUNTIFS($N$5:$N$1517,N37,$B$5:$B$1517,"<"&B37)+COUNTIFS($N$5:$N$1517,N37,$B$5:$B$1517,B37,$C$5:$C$1517,"<"&C37),"") | T37: =IF(O37>=Models!$G$8,1+COUNTIF($O$5:$O$1517,">"&O37)+COUNTIFS($O$5:$O$1517,O37,$B$5:$B$1517,"<"&B37)+COUNTIFS($O$5:$O$1517,O37,$B$5:$B$1517,B37,$C$5:$C$1517,"<"&C37),"") -> 127 | U37: =IF($K37=1,COUNTIFS($L$5:$L$1517,">="&L37,$K$5:$K$1517,1)/COUNTIF($L$5:$L$1517,">="&L37),0) -> 0 | V37: =IF($K37=1,COUNTIFS($M$5:$M$1517,">="&M37,$K$5:$K$1517,1)/COUNTIF($M$5:$M$1517,">="&M37),0) -> 0 | W37: =IF($K37=1,COUNTIFS($N$5:$N$1517,">="&N37,$K$5:$K$1517,1)/COUNTIF($N$5:$N$1517,">="&N37),0) -> 0 | X37: =IF($K37=1,COUNTIFS($O$5:$O$1517,">="&O37,$K$5:$K$1517,1)/COUNTIF($O$5:$O$1517,">="&O37),0) -> 0 | Y37: =IF($K37=1,COUNTIFS($P$5:$P$1517,">="&P37,$K$5:$K$1517,1)/COUNTIF($P$5:$P$1517,">="&P37),0) -> 0 | Z37: =(L37-$K37)^2 -> 0.013761401 | AA37: =(M37-$K37)^2 -> 0.008475596 | AB37: =(N37-$K37)^2 -> 0.024745178 | AC37: =(O37-$K37)^2 -> 0.011274829 | AD37: =(P37-$K37)^2 -> 0.028724487 | AE37: =MIN(INT(ROUND(N37*1000000,0)/100000),9) -> 1 | AF37: =MIN(INT(ROUND(P37*1000000,0)/100000),9) -> 1
A38: 34 | B38: 183 | C38: 0 | D38: 46054 | E38: smb | F38: amer | G38: 6 | H38: 14 | I38: 0 | J38: 339 | K38: 0 | L38: 0.003458 | M38: 0.092063 | N38: 0.109003 | O38: 0.106183 | P38: 0.115888 | Q38: =IF(L38>=Models!$G$5,1+COUNTIF($L$5:$L$1517,">"&L38)+COUNTIFS($L$5:$L$1517,L38,$B$5:$B$1517,"<"&B38)+COUNTIFS($L$5:$L$1517,L38,$B$5:$B$1517,B38,$C$5:$C$1517,"<"&C38),"") | R38: =IF(M38>=Models!$G$6,1+COUNTIF($M$5:$M$1517,">"&M38)+COUNTIFS($M$5:$M$1517,M38,$B$5:$B$1517,"<"&B38)+COUNTIFS($M$5:$M$1517,M38,$B$5:$B$1517,B38,$C$5:$C$1517,"<"&C38),"") | S38: =IF(N38>=Models!$G$7,1+COUNTIF($N$5:$N$1517,">"&N38)+COUNTIFS($N$5:$N$1517,N38,$B$5:$B$1517,"<"&B38)+COUNTIFS($N$5:$N$1517,N38,$B$5:$B$1517,B38,$C$5:$C$1517,"<"&C38),"") | T38: =IF(O38>=Models!$G$8,1+COUNTIF($O$5:$O$1517,">"&O38)+COUNTIFS($O$5:$O$1517,O38,$B$5:$B$1517,"<"&B38)+COUNTIFS($O$5:$O$1517,O38,$B$5:$B$1517,B38,$C$5:$C$1517,"<"&C38),"") -> 131 | U38: =IF($K38=1,COUNTIFS($L$5:$L$1517,">="&L38,$K$5:$K$1517,1)/COUNTIF($L$5:$L$1517,">="&L38),0) -> 0 | V38: =IF($K38=1,COUNTIFS($M$5:$M$1517,">="&M38,$K$5:$K$1517,1)/COUNTIF($M$5:$M$1517,">="&M38),0) -> 0 | W38: =IF($K38=1,COUNTIFS($N$5:$N$1517,">="&N38,$K$5:$K$1517,1)/COUNTIF($N$5:$N$1517,">="&N38),0) -> 0 | X38: =IF($K38=1,COUNTIFS($O$5:$O$1517,">="&O38,$K$5:$K$1517,1)/COUNTIF($O$5:$O$1517,">="&O38),0) -> 0 | Y38: =IF($K38=1,COUNTIFS($P$5:$P$1517,">="&P38,$K$5:$K$1517,1)/COUNTIF($P$5:$P$1517,">="&P38),0) -> 0 | Z38: =(L38-$K38)^2 -> 1.1957764e-05 | AA38: =(M38-$K38)^2 -> 0.008475596 | AB38: =(N38-$K38)^2 -> 0.011881654 | AC38: =(O38-$K38)^2 -> 0.011274829 | AD38: =(P38-$K38)^2 -> 0.013430029 | AE38: =MIN(INT(ROUND(N38*1000000,0)/100000),9) -> 1 | AF38: =MIN(INT(ROUND(P38*1000000,0)/100000),9) -> 1
A39: 35 | B39: 184 | C39: 0 | D39: 46054 | E39: starter | F39: amer | G39: 1 | H39: 7 | I39: 0 | J39: 102 | K39: 0 | L39: 0.519102 | M39: 0.092063 | N39: 0.15517 | O39: 0.106183 | P39: 0.167107 | Q39: =IF(L39>=Models!$G$5,1+COUNTIF($L$5:$L$1517,">"&L39)+COUNTIFS($L$5:$L$1517,L39,$B$5:$B$1517,"<"&B39)+COUNTIFS($L$5:$L$1517,L39,$B$5:$B$1517,B39,$C$5:$C$1517,"<"&C39),"") | R39: =IF(M39>=Models!$G$6,1+COUNTIF($M$5:$M$1517,">"&M39)+COUNTIFS($M$5:$M$1517,M39,$B$5:$B$1517,"<"&B39)+COUNTIFS($M$5:$M$1517,M39,$B$5:$B$1517,B39,$C$5:$C$1517,"<"&C39),"") | S39: =IF(N39>=Models!$G$7,1+COUNTIF($N$5:$N$1517,">"&N39)+COUNTIFS($N$5:$N$1517,N39,$B$5:$B$1517,"<"&B39)+COUNTIFS($N$5:$N$1517,N39,$B$5:$B$1517,B39,$C$5:$C$1517,"<"&C39),"") | T39: =IF(O39>=Models!$G$8,1+COUNTIF($O$5:$O$1517,">"&O39)+COUNTIFS($O$5:$O$1517,O39,$B$5:$B$1517,"<"&B39)+COUNTIFS($O$5:$O$1517,O39,$B$5:$B$1517,B39,$C$5:$C$1517,"<"&C39),"") -> 135 | U39: =IF($K39=1,COUNTIFS($L$5:$L$1517,">="&L39,$K$5:$K$1517,1)/COUNTIF($L$5:$L$1517,">="&L39),0) -> 0 | V39: =IF($K39=1,COUNTIFS($M$5:$M$1517,">="&M39,$K$5:$K$1517,1)/COUNTIF($M$5:$M$1517,">="&M39),0) -> 0 | W39: =IF($K39=1,COUNTIFS($N$5:$N$1517,">="&N39,$K$5:$K$1517,1)/COUNTIF($N$5:$N$1517,">="&N39),0) -> 0 | X39: =IF($K39=1,COUNTIFS($O$5:$O$1517,">="&O39,$K$5:$K$1517,1)/COUNTIF($O$5:$O$1517,">="&O39),0) -> 0 | Y39: =IF($K39=1,COUNTIFS($P$5:$P$1517,">="&P39,$K$5:$K$1517,1)/COUNTIF($P$5:$P$1517,">="&P39),0) -> 0 | Z39: =(L39-$K39)^2 -> 0.26946689 | AA39: =(M39-$K39)^2 -> 0.008475596 | AB39: =(N39-$K39)^2 -> 0.024077729 | AC39: =(O39-$K39)^2 -> 0.011274829 | AD39: =(P39-$K39)^2 -> 0.027924749 | AE39: =MIN(INT(ROUND(N39*1000000,0)/100000),9) -> 1 | AF39: =MIN(INT(ROUND(P39*1000000,0)/100000),9) -> 1
A40: 36 | B40: 204 | C40: 0 | D40: 46054 | E40: smb | F40: latam | G40: 4 | H40: 2 | I40: 0 | K40: 0 | L40: 0.730973 | M40: 0.092063 | N40: 0.059727 | O40: 0.106183 | P40: 0.061887 | Q40: =IF(L40>=Models!$G$5,1+COUNTIF($L$5:$L$1517,">"&L40)+COUNTIFS($L$5:$L$1517,L40,$B$5:$B$1517,"<"&B40)+COUNTIFS($L$5:$L$1517,L40,$B$5:$B$1517,B40,$C$5:$C$1517,"<"&C40),"") | R40: =IF(M40>=Models!$G$6,1+COUNTIF($M$5:$M$1517,">"&M40)+COUNTIFS($M$5:$M$1517,M40,$B$5:$B$1517,"<"&B40)+COUNTIFS($M$5:$M$1517,M40,$B$5:$B$1517,B40,$C$5:$C$1517,"<"&C40),"") | S40: =IF(N40>=Models!$G$7,1+COUNTIF($N$5:$N$1517,">"&N40)+COUNTIFS($N$5:$N$1517,N40,$B$5:$B$1517,"<"&B40)+COUNTIFS($N$5:$N$1517,N40,$B$5:$B$1517,B40,$C$5:$C$1517,"<"&C40),"") | T40: =IF(O40>=Models!$G$8,1+COUNTIF($O$5:$O$1517,">"&O40)+COUNTIFS($O$5:$O$1517,O40,$B$5:$B$1517,"<"&B40)+COUNTIFS($O$5:$O$1517,O40,$B$5:$B$1517,B40,$C$5:$C$1517,"<"&C40),"") -> 139 | U40: =IF($K40=1,COUNTIFS($L$5:$L$1517,">="&L40,$K$5:$K$1517,1)/COUNTIF($L$5:$L$1517,">="&L40),0) -> 0 | V40: =IF($K40=1,COUNTIFS($M$5:$M$1517,">="&M40,$K$5:$K$1517,1)/COUNTIF($M$5:$M$1517,">="&M40),0) -> 0 | W40: =IF($K40=1,COUNTIFS($N$5:$N$1517,">="&N40,$K$5:$K$1517,1)/COUNTIF($N$5:$N$1517,">="&N40),0) -> 0 | X40: =IF($K40=1,COUNTIFS($O$5:$O$1517,">="&O40,$K$5:$K$1517,1)/COUNTIF($O$5:$O$1517,">="&O40),0) -> 0 | Y40: =IF($K40=1,COUNTIFS($P$5:$P$1517,">="&P40,$K$5:$K$1517,1)/COUNTIF($P$5:$P$1517,">="&P40),0) -> 0 | Z40: =(L40-$K40)^2 -> 0.53432153 | AA40: =(M40-$K40)^2 -> 0.008475596 | AB40: =(N40-$K40)^2 -> 0.0035673145 | AC40: =(O40-$K40)^2 -> 0.011274829 | AD40: =(P40-$K40)^2 -> 0.0038300008 | AE40: =MIN(INT(ROUND(N40*1000000,0)/100000),9) -> 0 | AF40: =MIN(INT(ROUND(P40*1000000,0)/100000),9) -> 0
A41: 37 | B41: 220 | C41: 0 | D41: 46054 | E41: smb | F41: amer | G41: 6 | H41: 5 | I41: 0 | K41: 0 | L41: 0.958257 | M41: 0.092063 | N41: 0.051574 | O41: 0.106183 | P41: 0.053083 | Q41: =IF(L41>=Models!$G$5,1+COUNTIF($L$5:$L$1517,">"&L41)+COUNTIFS($L$5:$L$1517,L41,$B$5:$B$1517,"<"&B41)+COUNTIFS($L$5:$L$1517,L41,$B$5:$B$1517,B41,$C$5:$C$1517,"<"&C41),"") | R41: =IF(M41>=Models!$G$6,1+COUNTIF($M$5:$M$1517,">"&M41)+COUNTIFS($M$5:$M$1517,M41,$B$5:$B$1517,"<"&B41)+COUNTIFS($M$5:$M$1517,M41,$B$5:$B$1517,B41,$C$5:$C$1517,"<"&C41),"") | S41: =IF(N41>=Models!$G$7,1+COUNTIF($N$5:$N$1517,">"&N41)+COUNTIFS($N$5:$N$1517,N41,$B$5:$B$1517,"<"&B41)+COUNTIFS($N$5:$N$1517,N41,$B$5:$B$1517,B41,$C$5:$C$1517,"<"&C41),"") | T41: =IF(O41>=Models!$G$8,1+COUNTIF($O$5:$O$1517,">"&O41)+COUNTIFS($O$5:$O$1517,O41,$B$5:$B$1517,"<"&B41)+COUNTIFS($O$5:$O$1517,O41,$B$5:$B$1517,B41,$C$5:$C$1517,"<"&C41),"") -> 143 | U41: =IF($K41=1,COUNTIFS($L$5:$L$1517,">="&L41,$K$5:$K$1517,1)/COUNTIF($L$5:$L$1517,">="&L41),0) -> 0 | V41: =IF($K41=1,COUNTIFS($M$5:$M$1517,">="&M41,$K$5:$K$1517,1)/COUNTIF($M$5:$M$1517,">="&M41),0) -> 0 | W41: =IF($K41=1,COUNTIFS($N$5:$N$1517,">="&N41,$K$5:$K$1517,1)/COUNTIF($N$5:$N$1517,">="&N41),0) -> 0 | X41: =IF($K41=1,COUNTIFS($O$5:$O$1517,">="&O41,$K$5:$K$1517,1)/COUNTIF($O$5:$O$1517,">="&O41),0) -> 0 | Y41: =IF($K41=1,COUNTIFS($P$5:$P$1517,">="&P41,$K$5:$K$1517,1)/COUNTIF($P$5:$P$1517,">="&P41),0) -> 0 | Z41: =(L41-$K41)^2 -> 0.91825648 | AA41: =(M41-$K41)^2 -> 0.008475596 | AB41: =(N41-$K41)^2 -> 0.0026598775 | AC41: =(O41-$K41)^2 -> 0.011274829 | AD41: =(P41-$K41)^2 -> 0.0028178049 | AE41: =MIN(INT(ROUND(N41*1000000,0)/100000),9) -> 0 | AF41: =MIN(INT(ROUND(P41*1000000,0)/100000),9) -> 0
A42: 38 | B42: 228 | C42: 0 | D42: 46054 | E42: starter | F42: amer | G42: 6 | H42: 0 | I42: 0 | K42: 0 | L42: 0.996429 | M42: 0.092063 | N42: 0.049606 | O42: 0.106183 | P42: 0.050966 | Q42: =IF(L42>=Models!$G$5,1+COUNTIF($L$5:$L$1517,">"&L42)+COUNTIFS($L$5:$L$1517,L42,$B$5:$B$1517,"<"&B42)+COUNTIFS($L$5:$L$1517,L42,$B$5:$B$1517,B42,$C$5:$C$1517,"<"&C42),"") -> 3 | R42: =IF(M42>=Models!$G$6,1+COUNTIF($M$5:$M$1517,">"&M42)+COUNTIFS($M$5:$M$1517,M42,$B$5:$B$1517,"<"&B42)+COUNTIFS($M$5:$M$1517,M42,$B$5:$B$1517,B42,$C$5:$C$1517,"<"&C42),"") | S42: =IF(N42>=Models!$G$7,1+COUNTIF($N$5:$N$1517,">"&N42)+COUNTIFS($N$5:$N$1517,N42,$B$5:$B$1517,"<"&B42)+COUNTIFS($N$5:$N$1517,N42,$B$5:$B$1517,B42,$C$5:$C$1517,"<"&C42),"") | T42: =IF(O42>=Models!$G$8,1+COUNTIF($O$5:$O$1517,">"&O42)+COUNTIFS($O$5:$O$1517,O42,$B$5:$B$1517,"<"&B42)+COUNTIFS($O$5:$O$1517,O42,$B$5:$B$1517,B42,$C$5:$C$1517,"<"&C42),"") -> 147 | U42: =IF($K42=1,COUNTIFS($L$5:$L$1517,">="&L42,$K$5:$K$1517,1)/COUNTIF($L$5:$L$1517,">="&L42),0) -> 0 | V42: =IF($K42=1,COUNTIFS($M$5:$M$1517,">="&M42,$K$5:$K$1517,1)/COUNTIF($M$5:$M$1517,">="&M42),0) -> 0 | W42: =IF($K42=1,COUNTIFS($N$5:$N$1517,">="&N42,$K$5:$K$1517,1)/COUNTIF($N$5:$N$1517,">="&N42),0) -> 0 | X42: =IF($K42=1,COUNTIFS($O$5:$O$1517,">="&O42,$K$5:$K$1517,1)/COUNTIF($O$5:$O$1517,">="&O42),0) -> 0 | Y42: =IF($K42=1,COUNTIFS($P$5:$P$1517,">="&P42,$K$5:$K$1517,1)/COUNTIF($P$5:$P$1517,">="&P42),0) -> 0 | Z42: =(L42-$K42)^2 -> 0.99287075 | AA42: =(M42-$K42)^2 -> 0.008475596 | AB42: =(N42-$K42)^2 -> 0.0024607552 | AC42: =(O42-$K42)^2 -> 0.011274829 | AD42: =(P42-$K42)^2 -> 0.0025975332 | AE42: =MIN(INT(ROUND(N42*1000000,0)/100000),9) -> 0 | AF42: =MIN(INT(ROUND(P42*1000000,0)/100000),9) -> 0
A43: 39 | B43: 229 | C43: 0 | D43: 46054 | E43: starter | F43: amer | G43: 5 | H43: 3 | I43: 0 | K43: 0 | L43: 0.516942 | M43: 0.092063 | N43: 0.055295 | O43: 0.106183 | P43: 0.057095 | Q43: =IF(L43>=Models!$G$5,1+COUNTIF($L$5:$L$1517,">"&L43)+COUNTIFS($L$5:$L$1517,L43,$B$5:$B$1517,"<"&B43)+COUNTIFS($L$5:$L$1517,L43,$B$5:$B$1517,B43,$C$5:$C$1517,"<"&C43),"") | R43: =IF(M43>=Models!$G$6,1+COUNTIF($M$5:$M$1517,">"&M43)+COUNTIFS($M$5:$M$1517,M43,$B$5:$B$1517,"<"&B43)+COUNTIFS($M$5:$M$1517,M43,$B$5:$B$1517,B43,$C$5:$C$1517,"<"&C43),"") | S43: =IF(N43>=Models!$G$7,1+COUNTIF($N$5:$N$1517,">"&N43)+COUNTIFS($N$5:$N$1517,N43,$B$5:$B$1517,"<"&B43)+COUNTIFS($N$5:$N$1517,N43,$B$5:$B$1517,B43,$C$5:$C$1517,"<"&C43),"") | T43: =IF(O43>=Models!$G$8,1+COUNTIF($O$5:$O$1517,">"&O43)+COUNTIFS($O$5:$O$1517,O43,$B$5:$B$1517,"<"&B43)+COUNTIFS($O$5:$O$1517,O43,$B$5:$B$1517,B43,$C$5:$C$1517,"<"&C43),"") -> 151 | U43: =IF($K43=1,COUNTIFS($L$5:$L$1517,">="&L43,$K$5:$K$1517,1)/COUNTIF($L$5:$L$1517,">="&L43),0) -> 0 | V43: =IF($K43=1,COUNTIFS($M$5:$M$1517,">="&M43,$K$5:$K$1517,1)/COUNTIF($M$5:$M$1517,">="&M43),0) -> 0 | W43: =IF($K43=1,COUNTIFS($N$5:$N$1517,">="&N43,$K$5:$K$1517,1)/COUNTIF($N$5:$N$1517,">="&N43),0) -> 0 | X43: =IF($K43=1,COUNTIFS($O$5:$O$1517,">="&O43,$K$5:$K$1517,1)/COUNTIF($O$5:$O$1517,">="&O43),0) -> 0 | Y43: =IF($K43=1,COUNTIFS($P$5:$P$1517,">="&P43,$K$5:$K$1517,1)/COUNTIF($P$5:$P$1517,">="&P43),0) -> 0 | Z43: =(L43-$K43)^2 -> 0.26722903 | AA43: =(M43-$K43)^2 -> 0.008475596 | AB43: =(N43-$K43)^2 -> 0.003057537 | AC43: =(O43-$K43)^2 -> 0.011274829 | AD43: =(P43-$K43)^2 -> 0.003259839 | AE43: =MIN(INT(ROUND(N43*1000000,0)/100000),9) -> 0 | AF43: =MIN(INT(ROUND(P43*1000000,0)/100000),9) -> 0
A44: 40 | B44: 231 | C44: 0 | D44: 46054 | E44: starter | F44: emea | G44: 2 | H44: 19 | I44: 0 | J44: 102 | K44: 1 | L44: 0.086617 | M44: 0.092063 | N44: 0.156267 | O44: 0.106183 | P44: 0.168327 | Q44: =IF(L44>=Models!$G$5,1+COUNTIF($L$5:$L$1517,">"&L44)+COUNTIFS($L$5:$L$1517,L44,$B$5:$B$1517,"<"&B44)+COUNTIFS($L$5:$L$1517,L44,$B$5:$B$1517,B44,$C$5:$C$1517,"<"&C44),"") | R44: =IF(M44>=Models!$G$6,1+COUNTIF($M$5:$M$1517,">"&M44)+COUNTIFS($M$5:$M$1517,M44,$B$5:$B$1517,"<"&B44)+COUNTIFS($M$5:$M$1517,M44,$B$5:$B$1517,B44,$C$5:$C$1517,"<"&C44),"") | S44: =IF(N44>=Models!$G$7,1+COUNTIF($N$5:$N$1517,">"&N44)+COUNTIFS($N$5:$N$1517,N44,$B$5:$B$1517,"<"&B44)+COUNTIFS($N$5:$N$1517,N44,$B$5:$B$1517,B44,$C$5:$C$1517,"<"&C44),"") | T44: =IF(O44>=Models!$G$8,1+COUNTIF($O$5:$O$1517,">"&O44)+COUNTIFS($O$5:$O$1517,O44,$B$5:$B$1517,"<"&B44)+COUNTIFS($O$5:$O$1517,O44,$B$5:$B$1517,B44,$C$5:$C$1517,"<"&C44),"") -> 155 | U44: =IF($K44=1,COUNTIFS($L$5:$L$1517,">="&L44,$K$5:$K$1517,1)/COUNTIF($L$5:$L$1517,">="&L44),0) -> 0.12463768 | V44: =IF($K44=1,COUNTIFS($M$5:$M$1517,">="&M44,$K$5:$K$1517,1)/COUNTIF($M$5:$M$1517,">="&M44),0) -> 0.12491738 | W44: =IF($K44=1,COUNTIFS($N$5:$N$1517,">="&N44,$K$5:$K$1517,1)/COUNTIF($N$5:$N$1517,">="&N44),0) -> 0.30769231 | X44: =IF($K44=1,COUNTIFS($O$5:$O$1517,">="&O44,$K$5:$K$1517,1)/COUNTIF($O$5:$O$1517,">="&O44),0) -> 0.12491738 | Y44: =IF($K44=1,COUNTIFS($P$5:$P$1517,">="&P44,$K$5:$K$1517,1)/COUNTIF($P$5:$P$1517,">="&P44),0) -> 0.30769231 | Z44: =(L44-$K44)^2 -> 0.8342685 | AA44: =(M44-$K44)^2 -> 0.8243496 | AB44: =(N44-$K44)^2 -> 0.71188538 | AC44: =(O44-$K44)^2 -> 0.79890883 | AD44: =(P44-$K44)^2 -> 0.69167998 | AE44: =MIN(INT(ROUND(N44*1000000,0)/100000),9) -> 1 | AF44: =MIN(INT(ROUND(P44*1000000,0)/100000),9) -> 1
A45: 41 | B45: 232 | C45: 0 | D45: 46054 | E45: mid | F45: amer | G45: 5 | H45: 5 | I45: 0 | K45: 0 | L45: 0.039882 | M45: 0.092063 | N45: 0.056157 | O45: 0.106183 | P45: 0.058026 | Q45: =IF(L45>=Models!$G$5,1+COUNTIF($L$5:$L$1517,">"&L45)+COUNTIFS($L$5:$L$1517,L45,$B$5:$B$1517,"<"&B45)+COUNTIFS($L$5:$L$1517,L45,$B$5:$B$1517,B45,$C$5:$C$1517,"<"&C45),"") | R45: =IF(M45>=Models!$G$6,1+COUNTIF($M$5:$M$1517,">"&M45)+COUNTIFS($M$5:$M$1517,M45,$B$5:$B$1517,"<"&B45)+COUNTIFS($M$5:$M$1517,M45,$B$5:$B$1517,B45,$C$5:$C$1517,"<"&C45),"") | S45: =IF(N45>=Models!$G$7,1+COUNTIF($N$5:$N$1517,">"&N45)+COUNTIFS($N$5:$N$1517,N45,$B$5:$B$1517,"<"&B45)+COUNTIFS($N$5:$N$1517,N45,$B$5:$B$1517,B45,$C$5:$C$1517,"<"&C45),"") | T45: =IF(O45>=Models!$G$8,1+COUNTIF($O$5:$O$1517,">"&O45)+COUNTIFS($O$5:$O$1517,O45,$B$5:$B$1517,"<"&B45)+COUNTIFS($O$5:$O$1517,O45,$B$5:$B$1517,B45,$C$5:$C$1517,"<"&C45),"") -> 158 | U45: =IF($K45=1,COUNTIFS($L$5:$L$1517,">="&L45,$K$5:$K$1517,1)/COUNTIF($L$5:$L$1517,">="&L45),0) -> 0 | V45: =IF($K45=1,COUNTIFS($M$5:$M$1517,">="&M45,$K$5:$K$1517,1)/COUNTIF($M$5:$M$1517,">="&M45),0) -> 0 | W45: =IF($K45=1,COUNTIFS($N$5:$N$1517,">="&N45,$K$5:$K$1517,1)/COUNTIF($N$5:$N$1517,">="&N45),0) -> 0 | X45: =IF($K45=1,COUNTIFS($O$5:$O$1517,">="&O45,$K$5:$K$1517,1)/COUNTIF($O$5:$O$1517,">="&O45),0) -> 0 | Y45: =IF($K45=1,COUNTIFS($P$5:$P$1517,">="&P45,$K$5:$K$1517,1)/COUNTIF($P$5:$P$1517,">="&P45),0) -> 0 | Z45: =(L45-$K45)^2 -> 0.0015905739 | AA45: =(M45-$K45)^2 -> 0.008475596 | AB45: =(N45-$K45)^2 -> 0.0031536086 | AC45: =(O45-$K45)^2 -> 0.011274829 | AD45: =(P45-$K45)^2 -> 0.0033670167 | AE45: =MIN(INT(ROUND(N45*1000000,0)/100000),9) -> 0 | AF45: =MIN(INT(ROUND(P45*1000000,0)/100000),9) -> 0
A46: 42 | B46: 236 | C46: 0 | D46: 46054 | E46: enterprise | F46: latam | G46: 10 | H46: 5 | I46: 0 | J46: 8850 | K46: 0 | L46: 0.633489 | M46: 0.092063 | N46: 0.046136 | O46: 0.106183 | P46: 0.047243 | Q46: =IF(L46>=Models!$G$5,1+COUNTIF($L$5:$L$1517,">"&L46)+COUNTIFS($L$5:$L$1517,L46,$B$5:$B$1517,"<"&B46)+COUNTIFS($L$5:$L$1517,L46,$B$5:$B$1517,B46,$C$5:$C$1517,"<"&C46),"") | R46: =IF(M46>=Models!$G$6,1+COUNTIF($M$5:$M$1517,">"&M46)+COUNTIFS($M$5:$M$1517,M46,$B$5:$B$1517,"<"&B46)+COUNTIFS($M$5:$M$1517,M46,$B$5:$B$1517,B46,$C$5:$C$1517,"<"&C46),"") | S46: =IF(N46>=Models!$G$7,1+COUNTIF($N$5:$N$1517,">"&N46)+COUNTIFS($N$5:$N$1517,N46,$B$5:$B$1517,"<"&B46)+COUNTIFS($N$5:$N$1517,N46,$B$5:$B$1517,B46,$C$5:$C$1517,"<"&C46),"") | T46: =IF(O46>=Models!$G$8,1+COUNTIF($O$5:$O$1517,">"&O46)+COUNTIFS($O$5:$O$1517,O46,$B$5:$B$1517,"<"&B46)+COUNTIFS($O$5:$O$1517,O46,$B$5:$B$1517,B46,$C$5:$C$1517,"<"&C46),"") -> 162 | U46: =IF($K46=1,COUNTIFS($L$5:$L$1517,">="&L46,$K$5:$K$1517,1)/COUNTIF($L$5:$L$1517,">="&L46),0) -> 0 | V46: =IF($K46=1,COUNTIFS($M$5:$M$1517,">="&M46,$K$5:$K$1517,1)/COUNTIF($M$5:$M$1517,">="&M46),0) -> 0 | W46: =IF($K46=1,COUNTIFS($N$5:$N$1517,">="&N46,$K$5:$K$1517,1)/COUNTIF($N$5:$N$1517,">="&N46),0) -> 0 | X46: =IF($K46=1,COUNTIFS($O$5:$O$1517,">="&O46,$K$5:$K$1517,1)/COUNTIF($O$5:$O$1517,">="&O46),0) -> 0 | Y46: =IF($K46=1,COUNTIFS($P$5:$P$1517,">="&P46,$K$5:$K$1517,1)/COUNTIF($P$5:$P$1517,">="&P46),0) -> 0 | Z46: =(L46-$K46)^2 -> 0.40130831 | AA46: =(M46-$K46)^2 -> 0.008475596 | AB46: =(N46-$K46)^2 -> 0.0021285305 | AC46: =(O46-$K46)^2 -> 0.011274829 | AD46: =(P46-$K46)^2 -> 0.002231901 | AE46: =MIN(INT(ROUND(N46*1000000,0)/100000),9) -> 0 | AF46: =MIN(INT(ROUND(P46*1000000,0)/100000),9) -> 0
A47: 43 | B47: 237 | C47: 0 | D47: 46054 | E47: mid | F47: amer | G47: 5 | H47: 0 | I47: 1 | K47: 0 | L47: 0.846216 | M47: 0.184211 | N47: 0.093916 | O47: 0.106183 | P47: 0.099248 | Q47: =IF(L47>=Models!$G$5,1+COUNTIF($L$5:$L$1517,">"&L47)+COUNTIFS($L$5:$L$1517,L47,$B$5:$B$1517,"<"&B47)+COUNTIFS($L$5:$L$1517,L47,$B$5:$B$1517,B47,$C$5:$C$1517,"<"&C47),"") | R47: =IF(M47>=Models!$G$6,1+COUNTIF($M$5:$M$1517,">"&M47)+COUNTIFS($M$5:$M$1517,M47,$B$5:$B$1517,"<"&B47)+COUNTIFS($M$5:$M$1517,M47,$B$5:$B$1517,B47,$C$5:$C$1517,"<"&C47),"") -> 18 | S47: =IF(N47>=Models!$G$7,1+COUNTIF($N$5:$N$1517,">"&N47)+COUNTIFS($N$5:$N$1517,N47,$B$5:$B$1517,"<"&B47)+COUNTIFS($N$5:$N$1517,N47,$B$5:$B$1517,B47,$C$5:$C$1517,"<"&C47),"") | T47: =IF(O47>=Models!$G$8,1+COUNTIF($O$5:$O$1517,">"&O47)+COUNTIFS($O$5:$O$1517,O47,$B$5:$B$1517,"<"&B47)+COUNTIFS($O$5:$O$1517,O47,$B$5:$B$1517,B47,$C$5:$C$1517,"<"&C47),"") -> 166 | U47: =IF($K47=1,COUNTIFS($L$5:$L$1517,">="&L47,$K$5:$K$1517,1)/COUNTIF($L$5:$L$1517,">="&L47),0) -> 0 | V47: =IF($K47=1,COUNTIFS($M$5:$M$1517,">="&M47,$K$5:$K$1517,1)/COUNTIF($M$5:$M$1517,">="&M47),0) -> 0 | W47: =IF($K47=1,COUNTIFS($N$5:$N$1517,">="&N47,$K$5:$K$1517,1)/COUNTIF($N$5:$N$1517,">="&N47),0) -> 0 | X47: =IF($K47=1,COUNTIFS($O$5:$O$1517,">="&O47,$K$5:$K$1517,1)/COUNTIF($O$5:$O$1517,">="&O47),0) -> 0 | Y47: =IF($K47=1,COUNTIFS($P$5:$P$1517,">="&P47,$K$5:$K$1517,1)/COUNTIF($P$5:$P$1517,">="&P47),0) -> 0 | Z47: =(L47-$K47)^2 -> 0.71608152 | AA47: =(M47-$K47)^2 -> 0.033933693 | AB47: =(N47-$K47)^2 -> 0.0088202151 | AC47: =(O47-$K47)^2 -> 0.011274829 | AD47: =(P47-$K47)^2 -> 0.0098501655 | AE47: =MIN(INT(ROUND(N47*1000000,0)/100000),9) -> 0 | AF47: =MIN(INT(ROUND(P47*1000000,0)/100000),9) -> 0
A48: 44 | B48: 249 | C48: 0 | D48: 46054 | E48: smb | F48: amer | G48: 4 | H48: 1 | I48: 0 | J48: 315 | K48: 0 | L48: 0.289433 | M48: 0.092063 | N48: 0.116487 | O48: 0.106183 | P48: 0.124166 | Q48: =IF(L48>=Models!$G$5,1+COUNTIF($L$5:$L$1517,">"&L48)+COUNTIFS($L$5:$L$1517,L48,$B$5:$B$1517,"<"&B48)+COUNTIFS($L$5:$L$1517,L48,$B$5:$B$1517,B48,$C$5:$C$1517,"<"&C48),"") | R48: =IF(M48>=Models!$G$6,1+COUNTIF($M$5:$M$1517,">"&M48)+COUNTIFS($M$5:$M$1517,M48,$B$5:$B$1517,"<"&B48)+COUNTIFS($M$5:$M$1517,M48,$B$5:$B$1517,B48,$C$5:$C$1517,"<"&C48),"") | S48: =IF(N48>=Models!$G$7,1+COUNTIF($N$5:$N$1517,">"&N48)+COUNTIFS($N$5:$N$1517,N48,$B$5:$B$1517,"<"&B48)+COUNTIFS($N$5:$N$1517,N48,$B$5:$B$1517,B48,$C$5:$C$1517,"<"&C48),"") | T48: =IF(O48>=Models!$G$8,1+COUNTIF($O$5:$O$1517,">"&O48)+COUNTIFS($O$5:$O$1517,O48,$B$5:$B$1517,"<"&B48)+COUNTIFS($O$5:$O$1517,O48,$B$5:$B$1517,B48,$C$5:$C$1517,"<"&C48),"") -> 170 | U48: =IF($K48=1,COUNTIFS($L$5:$L$1517,">="&L48,$K$5:$K$1517,1)/COUNTIF($L$5:$L$1517,">="&L48),0) -> 0 | V48: =IF($K48=1,COUNTIFS($M$5:$M$1517,">="&M48,$K$5:$K$1517,1)/COUNTIF($M$5:$M$1517,">="&M48),0) -> 0 | W48: =IF($K48=1,COUNTIFS($N$5:$N$1517,">="&N48,$K$5:$K$1517,1)/COUNTIF($N$5:$N$1517,">="&N48),0) -> 0 | X48: =IF($K48=1,COUNTIFS($O$5:$O$1517,">="&O48,$K$5:$K$1517,1)/COUNTIF($O$5:$O$1517,">="&O48),0) -> 0 | Y48: =IF($K48=1,COUNTIFS($P$5:$P$1517,">="&P48,$K$5:$K$1517,1)/COUNTIF($P$5:$P$1517,">="&P48),0) -> 0 | Z48: =(L48-$K48)^2 -> 0.083771461 | AA48: =(M48-$K48)^2 -> 0.008475596 | AB48: =(N48-$K48)^2 -> 0.013569221 | AC48: =(O48-$K48)^2 -> 0.011274829 | AD48: =(P48-$K48)^2 -> 0.015417196 | AE48: =MIN(INT(ROUND(N48*1000000,0)/100000),9) -> 1 | AF48: =MIN(INT(ROUND(P48*1000000,0)/100000),9) -> 1
A49: 45 | B49: 253 | C49: 0 | D49: 46054 | E49: enterprise | F49: amer | G49: 17 | H49: 2 | I49: 1 | K49: 0 | L49: 0.222392 | M49: 0.184211 | N49: 0.034548 | O49: 0.106183 | P49: 0.034901 | Q49: =IF(L49>=Models!$G$5,1+COUNTIF($L$5:$L$1517,">"&L49)+COUNTIFS($L$5:$L$1517,L49,$B$5:$B$1517,"<"&B49)+COUNTIFS($L$5:$L$1517,L49,$B$5:$B$1517,B49,$C$5:$C$1517,"<"&C49),"") | R49: =IF(M49>=Models!$G$6,1+COUNTIF($M$5:$M$1517,">"&M49)+COUNTIFS($M$5:$M$1517,M49,$B$5:$B$1517,"<"&B49)+COUNTIFS($M$5:$M$1517,M49,$B$5:$B$1517,B49,$C$5:$C$1517,"<"&C49),"") -> 19 | S49: =IF(N49>=Models!$G$7,1+COUNTIF($N$5:$N$1517,">"&N49)+COUNTIFS($N$5:$N$1517,N49,$B$5:$B$1517,"<"&B49)+COUNTIFS($N$5:$N$1517,N49,$B$5:$B$1517,B49,$C$5:$C$1517,"<"&C49),"") | T49: =IF(O49>=Models!$G$8,1+COUNTIF($O$5:$O$1517,">"&O49)+COUNTIFS($O$5:$O$1517,O49,$B$5:$B$1517,"<"&B49)+COUNTIFS($O$5:$O$1517,O49,$B$5:$B$1517,B49,$C$5:$C$1517,"<"&C49),"") -> 174 | U49: =IF($K49=1,COUNTIFS($L$5:$L$1517,">="&L49,$K$5:$K$1517,1)/COUNTIF($L$5:$L$1517,">="&L49),0) -> 0 | V49: =IF($K49=1,COUNTIFS($M$5:$M$1517,">="&M49,$K$5:$K$1517,1)/COUNTIF($M$5:$M$1517,">="&M49),0) -> 0 | W49: =IF($K49=1,COUNTIFS($N$5:$N$1517,">="&N49,$K$5:$K$1517,1)/COUNTIF($N$5:$N$1517,">="&N49),0) -> 0 | X49: =IF($K49=1,COUNTIFS($O$5:$O$1517,">="&O49,$K$5:$K$1517,1)/COUNTIF($O$5:$O$1517,">="&O49),0) -> 0 | Y49: =IF($K49=1,COUNTIFS($P$5:$P$1517,">="&P49,$K$5:$K$1517,1)/COUNTIF($P$5:$P$1517,">="&P49),0) -> 0 | Z49: =(L49-$K49)^2 -> 0.049458202 | AA49: =(M49-$K49)^2 -> 0.033933693 | AB49: =(N49-$K49)^2 -> 0.0011935643 | AC49: =(O49-$K49)^2 -> 0.011274829 | AD49: =(P49-$K49)^2 -> 0.0012180798 | AE49: =MIN(INT(ROUND(N49*1000000,0)/100000),9) -> 0 | AF49: =MIN(INT(ROUND(P49*1000000,0)/100000),9) -> 0
A50: 46 | B50: 259 | C50: 0 | D50: 46054 | E50: starter | F50: emea | G50: 1 | H50: 14 | I50: 0 | J50: 69 | K50: 1 | L50: 0.654423 | M50: 0.092063 | N50: 0.163101 | O50: 0.106183 | P50: 0.17593 | Q50: =IF(L50>=Models!$G$5,1+COUNTIF($L$5:$L$1517,">"&L50)+COUNTIFS($L$5:$L$1517,L50,$B$5:$B$1517,"<"&B50)+COUNTIFS($L$5:$L$1517,L50,$B$5:$B$1517,B50,$C$5:$C$1517,"<"&C50),"") | R50: =IF(M50>=Models!$G$6,1+COUNTIF($M$5:$M$1517,">"&M50)+COUNTIFS($M$5:$M$1517,M50,$B$5:$B$1517,"<"&B50)+COUNTIFS($M$5:$M$1517,M50,$B$5:$B$1517,B50,$C$5:$C$1517,"<"&C50),"") | S50: =IF(N50>=Models!$G$7,1+COUNTIF($N$5:$N$1517,">"&N50)+COUNTIFS($N$5:$N$1517,N50,$B$5:$B$1517,"<"&B50)+COUNTIFS($N$5:$N$1517,N50,$B$5:$B$1517,B50,$C$5:$C$1517,"<"&C50),"") | T50: =IF(O50>=Models!$G$8,1+COUNTIF($O$5:$O$1517,">"&O50)+COUNTIFS($O$5:$O$1517,O50,$B$5:$B$1517,"<"&B50)+COUNTIFS($O$5:$O$1517,O50,$B$5:$B$1517,B50,$C$5:$C$1517,"<"&C50),"") -> 178 | U50: =IF($K50=1,COUNTIFS($L$5:$L$1517,">="&L50,$K$5:$K$1517,1)/COUNTIF($L$5:$L$1517,">="&L50),0) -> 0.13085938 | V50: =IF($K50=1,COUNTIFS($M$5:$M$1517,">="&M50,$K$5:$K$1517,1)/COUNTIF($M$5:$M$1517,">="&M50),0) -> 0.12491738 | W50: =IF($K50=1,COUNTIFS($N$5:$N$1517,">="&N50,$K$5:$K$1517,1)/COUNTIF($N$5:$N$1517,">="&N50),0) -> 0.30821918 | X50: =IF($K50=1,COUNTIFS($O$5:$O$1517,">="&O50,$K$5:$K$1517,1)/COUNTIF($O$5:$O$1517,">="&O50),0) -> 0.12491738 | Y50: =IF($K50=1,COUNTIFS($P$5:$P$1517,">="&P50,$K$5:$K$1517,1)/COUNTIF($P$5:$P$1517,">="&P50),0) -> 0.30821918 | Z50: =(L50-$K50)^2 -> 0.11942346 | AA50: =(M50-$K50)^2 -> 0.8243496 | AB50: =(N50-$K50)^2 -> 0.70039994 | AC50: =(O50-$K50)^2 -> 0.79890883 | AD50: =(P50-$K50)^2 -> 0.67909136 | AE50: =MIN(INT(ROUND(N50*1000000,0)/100000),9) -> 1 | AF50: =MIN(INT(ROUND(P50*1000000,0)/100000),9) -> 1
A51: 47 | B51: 265 | C51: 0 | D51: 46054 | E51: smb | F51: amer | G51: 6 | H51: 1 | I51: 0 | J51: 321 | K51: 0 | L51: 0.266913 | M51: 0.092063 | N51: 0.099172 | O51: 0.106183 | P51: 0.105037 | Q51: =IF(L51>=Models!$G$5,1+COUNTIF($L$5:$L$1517,">"&L51)+COUNTIFS($L$5:$L$1517,L51,$B$5:$B$1517,"<"&B51)+COUNTIFS($L$5:$L$1517,L51,$B$5:$B$1517,B51,$C$5:$C$1517,"<"&C51),"") | R51: =IF(M51>=Models!$G$6,1+COUNTIF($M$5:$M$1517,">"&M51)+COUNTIFS($M$5:$M$1517,M51,$B$5:$B$1517,"<"&B51)+COUNTIFS($M$5:$M$1517,M51,$B$5:$B$1517,B51,$C$5:$C$1517,"<"&C51),"") | S51: =IF(N51>=Models!$G$7,1+COUNTIF($N$5:$N$1517,">"&N51)+COUNTIFS($N$5:$N$1517,N51,$B$5:$B$1517,"<"&B51)+COUNTIFS($N$5:$N$1517,N51,$B$5:$B$1517,B51,$C$5:$C$1517,"<"&C51),"") | T51: =IF(O51>=Models!$G$8,1+COUNTIF($O$5:$O$1517,">"&O51)+COUNTIFS($O$5:$O$1517,O51,$B$5:$B$1517,"<"&B51)+COUNTIFS($O$5:$O$1517,O51,$B$5:$B$1517,B51,$C$5:$C$1517,"<"&C51),"") -> 180 | U51: =IF($K51=1,COUNTIFS($L$5:$L$1517,">="&L51,$K$5:$K$1517,1)/COUNTIF($L$5:$L$1517,">="&L51),0) -> 0 | V51: =IF($K51=1,COUNTIFS($M$5:$M$1517,">="&M51,$K$5:$K$1517,1)/COUNTIF($M$5:$M$1517,">="&M51),0) -> 0 | W51: =IF($K51=1,COUNTIFS($N$5:$N$1517,">="&N51,$K$5:$K$1517,1)/COUNTIF($N$5:$N$1517,">="&N51),0) -> 0 | X51: =IF($K51=1,COUNTIFS($O$5:$O$1517,">="&O51,$K$5:$K$1517,1)/COUNTIF($O$5:$O$1517,">="&O51),0) -> 0 | Y51: =IF($K51=1,COUNTIFS($P$5:$P$1517,">="&P51,$K$5:$K$1517,1)/COUNTIF($P$5:$P$1517,">="&P51),0) -> 0 | Z51: =(L51-$K51)^2 -> 0.07124255 | AA51: =(M51-$K51)^2 -> 0.008475596 | AB51: =(N51-$K51)^2 -> 0.0098350856 | AC51: =(O51-$K51)^2 -> 0.011274829 | AD51: =(P51-$K51)^2 -> 0.011032771 | AE51: =MIN(INT(ROUND(N51*1000000,0)/100000),9) -> 0 | AF51: =MIN(INT(ROUND(P51*1000000,0)/100000),9) -> 1
A52: 48 | B52: 266 | C52: 0 | D52: 46054 | E52: smb | F52: emea | G52: 2 | H52: 2 | I52: 0 | J52: 303 | K52: 0 | L52: 0.271739 | M52: 0.092063 | N52: 0.137377 | O52: 0.106183 | P52: 0.147331 | Q52: =IF(L52>=Models!$G$5,1+COUNTIF($L$5:$L$1517,">"&L52)+COUNTIFS($L$5:$L$1517,L52,$B$5:$B$1517,"<"&B52)+COUNTIFS($L$5:$L$1517,L52,$B$5:$B$1517,B52,$C$5:$C$1517,"<"&C52),"") | R52: =IF(M52>=Models!$G$6,1+COUNTIF($M$5:$M$1517,">"&M52)+COUNTIFS($M$5:$M$1517,M52,$B$5:$B$1517,"<"&B52)+COUNTIFS($M$5:$M$1517,M52,$B$5:$B$1517,B52,$C$5:$C$1517,"<"&C52),"") | S52: =IF(N52>=Models!$G$7,1+COUNTIF($N$5:$N$1517,">"&N52)+COUNTIFS($N$5:$N$1517,N52,$B$5:$B$1517,"<"&B52)+COUNTIFS($N$5:$N$1517,N52,$B$5:$B$1517,B52,$C$5:$C$1517,"<"&C52),"") | T52: =IF(O52>=Models!$G$8,1+COUNTIF($O$5:$O$1517,">"&O52)+COUNTIFS($O$5:$O$1517,O52,$B$5:$B$1517,"<"&B52)+COUNTIFS($O$5:$O$1517,O52,$B$5:$B$1517,B52,$C$5:$C$1517,"<"&C52),"") -> 184 | U52: =IF($K52=1,COUNTIFS($L$5:$L$1517,">="&L52,$K$5:$K$1517,1)/COUNTIF($L$5:$L$1517,">="&L52),0) -> 0 | V52: =IF($K52=1,COUNTIFS($M$5:$M$1517,">="&M52,$K$5:$K$1517,1)/COUNTIF($M$5:$M$1517,">="&M52),0) -> 0 | W52: =IF($K52=1,COUNTIFS($N$5:$N$1517,">="&N52,$K$5:$K$1517,1)/COUNTIF($N$5:$N$1517,">="&N52),0) -> 0 | X52: =IF($K52=1,COUNTIFS($O$5:$O$1517,">="&O52,$K$5:$K$1517,1)/COUNTIF($O$5:$O$1517,">="&O52),0) -> 0 | Y52: =IF($K52=1,COUNTIFS($P$5:$P$1517,">="&P52,$K$5:$K$1517,1)/COUNTIF($P$5:$P$1517,">="&P52),0) -> 0 | Z52: =(L52-$K52)^2 -> 0.073842084 | AA52: =(M52-$K52)^2 -> 0.008475596 | AB52: =(N52-$K52)^2 -> 0.01887244 | AC52: =(O52-$K52)^2 -> 0.011274829 | AD52: =(P52-$K52)^2 -> 0.021706424 | AE52: =MIN(INT(ROUND(N52*1000000,0)/100000),9) -> 1 | AF52: =MIN(INT(ROUND(P52*1000000,0)/100000),9) -> 1
A53: 49 | B53: 270 | C53: 0 | D53: 46054 | E53: smb | F53: anz | G53: 7 | H53: 0 | I53: 0 | K53: 0 | L53: 0.972052 | M53: 0.092063 | N53: 0.045531 | O53: 0.106183 | P53: 0.046595 | Q53: =IF(L53>=Models!$G$5,1+COUNTIF($L$5:$L$1517,">"&L53)+COUNTIFS($L$5:$L$1517,L53,$B$5:$B$1517,"<"&B53)+COUNTIFS($L$5:$L$1517,L53,$B$5:$B$1517,B53,$C$5:$C$1517,"<"&C53),"") | R53: =IF(M53>=Models!$G$6,1+COUNTIF($M$5:$M$1517,">"&M53)+COUNTIFS($M$5:$M$1517,M53,$B$5:$B$1517,"<"&B53)+COUNTIFS($M$5:$M$1517,M53,$B$5:$B$1517,B53,$C$5:$C$1517,"<"&C53),"") | S53: =IF(N53>=Models!$G$7,1+COUNTIF($N$5:$N$1517,">"&N53)+COUNTIFS($N$5:$N$1517,N53,$B$5:$B$1517,"<"&B53)+COUNTIFS($N$5:$N$1517,N53,$B$5:$B$1517,B53,$C$5:$C$1517,"<"&C53),"") | T53: =IF(O53>=Models!$G$8,1+COUNTIF($O$5:$O$1517,">"&O53)+COUNTIFS($O$5:$O$1517,O53,$B$5:$B$1517,"<"&B53)+COUNTIFS($O$5:$O$1517,O53,$B$5:$B$1517,B53,$C$5:$C$1517,"<"&C53),"") -> 188 | U53: =IF($K53=1,COUNTIFS($L$5:$L$1517,">="&L53,$K$5:$K$1517,1)/COUNTIF($L$5:$L$1517,">="&L53),0) -> 0 | V53: =IF($K53=1,COUNTIFS($M$5:$M$1517,">="&M53,$K$5:$K$1517,1)/COUNTIF($M$5:$M$1517,">="&M53),0) -> 0 | W53: =IF($K53=1,COUNTIFS($N$5:$N$1517,">="&N53,$K$5:$K$1517,1)/COUNTIF($N$5:$N$1517,">="&N53),0) -> 0 | X53: =IF($K53=1,COUNTIFS($O$5:$O$1517,">="&O53,$K$5:$K$1517,1)/COUNTIF($O$5:$O$1517,">="&O53),0) -> 0 | Y53: =IF($K53=1,COUNTIFS($P$5:$P$1517,">="&P53,$K$5:$K$1517,1)/COUNTIF($P$5:$P$1517,">="&P53),0) -> 0 | Z53: =(L53-$K53)^2 -> 0.94488509 | AA53: =(M53-$K53)^2 -> 0.008475596 | AB53: =(N53-$K53)^2 -> 0.002073072 | AC53: =(O53-$K53)^2 -> 0.011274829 | AD53: =(P53-$K53)^2 -> 0.002171094 | AE53: =MIN(INT(ROUND(N53*1000000,0)/100000),9) -> 0 | AF53: =MIN(INT(ROUND(P53*1000000,0)/100000),9) -> 0
A54: 50 | B54: 271 | C54: 0 | D54: 46054 | E54: mid | F54: amer | G54: 4 | H54: 9 | I54: 1 | K54: 0 | L54: 0.305845 | M54: 0.184211 | N54: 0.108806 | O54: 0.106183 | P54: 0.115671 | Q54: =IF(L54>=Models!$G$5,1+COUNTIF($L$5:$L$1517,">"&L54)+COUNTIFS($L$5:$L$1517,L54,$B$5:$B$1517,"<"&B54)+COUNTIFS($L$5:$L$1517,L54,$B$5:$B$1517,B54,$C$5:$C$1517,"<"&C54),"") | R54: =IF(M54>=Models!$G$6,1+COUNTIF($M$5:$M$1517,">"&M54)+COUNTIFS($M$5:$M$1517,M54,$B$5:$B$1517,"<"&B54)+COUNTIFS($M$5:$M$1517,M54,$B$5:$B$1517,B54,$C$5:$C$1517,"<"&C54),"") -> 23 | S54: =IF(N54>=Models!$G$7,1+COUNTIF($N$5:$N$1517,">"&N54)+COUNTIFS($N$5:$N$1517,N54,$B$5:$B$1517,"<"&B54)+COUNTIFS($N$5:$N$1517,N54,$B$5:$B$1517,B54,$C$5:$C$1517,"<"&C54),"") | T54: =IF(O54>=Models!$G$8,1+COUNTIF($O$5:$O$1517,">"&O54)+COUNTIFS($O$5:$O$1517,O54,$B$5:$B$1517,"<"&B54)+COUNTIFS($O$5:$O$1517,O54,$B$5:$B$1517,B54,$C$5:$C$1517,"<"&C54),"") -> 192 | U54: =IF($K54=1,COUNTIFS($L$5:$L$1517,">="&L54,$K$5:$K$1517,1)/COUNTIF($L$5:$L$1517,">="&L54),0) -> 0 | V54: =IF($K54=1,COUNTIFS($M$5:$M$1517,">="&M54,$K$5:$K$1517,1)/COUNTIF($M$5:$M$1517,">="&M54),0) -> 0 | W54: =IF($K54=1,COUNTIFS($N$5:$N$1517,">="&N54,$K$5:$K$1517,1)/COUNTIF($N$5:$N$1517,">="&N54),0) -> 0 | X54: =IF($K54=1,COUNTIFS($O$5:$O$1517,">="&O54,$K$5:$K$1517,1)/COUNTIF($O$5:$O$1517,">="&O54),0) -> 0 | Y54: =IF($K54=1,COUNTIFS($P$5:$P$1517,">="&P54,$K$5:$K$1517,1)/COUNTIF($P$5:$P$1517,">="&P54),0) -> 0 | Z54: =(L54-$K54)^2 -> 0.093541164 | AA54: =(M54-$K54)^2 -> 0.033933693 | AB54: =(N54-$K54)^2 -> 0.011838746 | AC54: =(O54-$K54)^2 -> 0.011274829 | AD54: =(P54-$K54)^2 -> 0.01337978 | AE54: =MIN(INT(ROUND(N54*1000000,0)/100000),9) -> 1 | AF54: =MIN(INT(ROUND(P54*1000000,0)/100000),9) -> 1
A55: 51 | B55: 277 | C55: 0 | D55: 46054 | E55: smb | F55: latam | G55: 5 | H55: 2 | I55: 0 | J55: 378 | K55: 0 | L55: 0.088891 | M55: 0.092063 | N55: 0.107976 | O55: 0.106183 | P55: 0.114754 | Q55: =IF(L55>=Models!$G$5,1+COUNTIF($L$5:$L$1517,">"&L55)+COUNTIFS($L$5:$L$1517,L55,$B$5:$B$1517,"<"&B55)+COUNTIFS($L$5:$L$1517,L55,$B$5:$B$1517,B55,$C$5:$C$1517,"<"&C55),"") | R55: =IF(M55>=Models!$G$6,1+COUNTIF($M$5:$M$1517,">"&M55)+COUNTIFS($M$5:$M$1517,M55,$B$5:$B$1517,"<"&B55)+COUNTIFS($M$5:$M$1517,M55,$B$5:$B$1517,B55,$C$5:$C$1517,"<"&C55),"") | S55: =IF(N55>=Models!$G$7,1+COUNTIF($N$5:$N$1517,">"&N55)+COUNTIFS($N$5:$N$1517,N55,$B$5:$B$1517,"<"&B55)+COUNTIFS($N$5:$N$1517,N55,$B$5:$B$1517,B55,$C$5:$C$1517,"<"&C55),"") | T55: =IF(O55>=Models!$G$8,1+COUNTIF($O$5:$O$1517,">"&O55)+COUNTIFS($O$5:$O$1517,O55,$B$5:$B$1517,"<"&B55)+COUNTIFS($O$5:$O$1517,O55,$B$5:$B$1517,B55,$C$5:$C$1517,"<"&C55),"") -> 196 | U55: =IF($K55=1,COUNTIFS($L$5:$L$1517,">="&L55,$K$5:$K$1517,1)/COUNTIF($L$5:$L$1517,">="&L55),0) -> 0 | V55: =IF($K55=1,COUNTIFS($M$5:$M$1517,">="&M55,$K$5:$K$1517,1)/COUNTIF($M$5:$M$1517,">="&M55),0) -> 0 | W55: =IF($K55=1,COUNTIFS($N$5:$N$1517,">="&N55,$K$5:$K$1517,1)/COUNTIF($N$5:$N$1517,">="&N55),0) -> 0 | X55: =IF($K55=1,COUNTIFS($O$5:$O$1517,">="&O55,$K$5:$K$1517,1)/COUNTIF($O$5:$O$1517,">="&O55),0) -> 0 | Y55: =IF($K55=1,COUNTIFS($P$5:$P$1517,">="&P55,$K$5:$K$1517,1)/COUNTIF($P$5:$P$1517,">="&P55),0) -> 0 | Z55: =(L55-$K55)^2 -> 0.0079016099 | AA55: =(M55-$K55)^2 -> 0.008475596 | AB55: =(N55-$K55)^2 -> 0.011658817 | AC55: =(O55-$K55)^2 -> 0.011274829 | AD55: =(P55-$K55)^2 -> 0.013168481 | AE55: =MIN(INT(ROUND(N55*1000000,0)/100000),9) -> 1 | AF55: =MIN(INT(ROUND(P55*1000000,0)/100000),9) -> 1
A56: 52 | B56: 283 | C56: 0 | D56: 46054 | E56: smb | F56: apac | G56: 1 | H56: 26 | I56: 1 | J56: 384 | K56: 1 | L56: 0.240925 | M56: 0.184211 | N56: 0.277029 | O56: 0.106183 | P56: 0.302394 | Q56: =IF(L56>=Models!$G$5,1+COUNTIF($L$5:$L$1517,">"&L56)+COUNTIFS($L$5:$L$1517,L56,$B$5:$B$1517,"<"&B56)+COUNTIFS($L$5:$L$1517,L56,$B$5:$B$1517,B56,$C$5:$C$1517,"<"&C56),"") | R56: =IF(M56>=Models!$G$6,1+COUNTIF($M$5:$M$1517,">"&M56)+COUNTIFS($M$5:$M$1517,M56,$B$5:$B$1517,"<"&B56)+COUNTIFS($M$5:$M$1517,M56,$B$5:$B$1517,B56,$C$5:$C$1517,"<"&C56),"") -> 24 | S56: =IF(N56>=Models!$G$7,1+COUNTIF($N$5:$N$1517,">"&N56)+COUNTIFS($N$5:$N$1517,N56,$B$5:$B$1517,"<"&B56)+COUNTIFS($N$5:$N$1517,N56,$B$5:$B$1517,B56,$C$5:$C$1517,"<"&C56),"") -> 10 | T56: =IF(O56>=Models!$G$8,1+COUNTIF($O$5:$O$1517,">"&O56)+COUNTIFS($O$5:$O$1517,O56,$B$5:$B$1517,"<"&B56)+COUNTIFS($O$5:$O$1517,O56,$B$5:$B$1517,B56,$C$5:$C$1517,"<"&C56),"") -> 200 | U56: =IF($K56=1,COUNTIFS($L$5:$L$1517,">="&L56,$K$5:$K$1517,1)/COUNTIF($L$5:$L$1517,">="&L56),0) -> 0.13062665 | V56: =IF($K56=1,COUNTIFS($M$5:$M$1517,">="&M56,$K$5:$K$1517,1)/COUNTIF($M$5:$M$1517,">="&M56),0) -> 0.1865285 | W56: =IF($K56=1,COUNTIFS($N$5:$N$1517,">="&N56,$K$5:$K$1517,1)/COUNTIF($N$5:$N$1517,">="&N56),0) -> 0.2 | X56: =IF($K56=1,COUNTIFS($O$5:$O$1517,">="&O56,$K$5:$K$1517,1)/COUNTIF($O$5:$O$1517,">="&O56),0) -> 0.12491738 | Y56: =IF($K56=1,COUNTIFS($P$5:$P$1517,">="&P56,$K$5:$K$1517,1)/COUNTIF($P$5:$P$1517,">="&P56),0) -> 0.2 | Z56: =(L56-$K56)^2 -> 0.57619486 | AA56: =(M56-$K56)^2 -> 0.66551169 | AB56: =(N56-$K56)^2 -> 0.52268707 | AC56: =(O56-$K56)^2 -> 0.79890883 | AD56: =(P56-$K56)^2 -> 0.48665413 | AE56: =MIN(INT(ROUND(N56*1000000,0)/100000),9) -> 2 | AF56: =MIN(INT(ROUND(P56*1000000,0)/100000),9) -> 3
A57: 53 | B57: 289 | C57: 0 | D57: 46054 | E57: enterprise | F57: apac | G57: 11 | H57: 0 | I57: 0 | K57: 0 | L57: 0.665651 | M57: 0.092063 | N57: 0.03221 | O57: 0.106183 | P57: 0.032432 | Q57: =IF(L57>=Models!$G$5,1+COUNTIF($L$5:$L$1517,">"&L57)+COUNTIFS($L$5:$L$1517,L57,$B$5:$B$1517,"<"&B57)+COUNTIFS($L$5:$L$1517,L57,$B$5:$B$1517,B57,$C$5:$C$1517,"<"&C57),"") | R57: =IF(M57>=Models!$G$6,1+COUNTIF($M$5:$M$1517,">"&M57)+COUNTIFS($M$5:$M$1517,M57,$B$5:$B$1517,"<"&B57)+COUNTIFS($M$5:$M$1517,M57,$B$5:$B$1517,B57,$C$5:$C$1517,"<"&C57),"") | S57: =IF(N57>=Models!$G$7,1+COUNTIF($N$5:$N$1517,">"&N57)+COUNTIFS($N$5:$N$1517,N57,$B$5:$B$1517,"<"&B57)+COUNTIFS($N$5:$N$1517,N57,$B$5:$B$1517,B57,$C$5:$C$1517,"<"&C57),"") | T57: =IF(O57>=Models!$G$8,1+COUNTIF($O$5:$O$1517,">"&O57)+COUNTIFS($O$5:$O$1517,O57,$B$5:$B$1517,"<"&B57)+COUNTIFS($O$5:$O$1517,O57,$B$5:$B$1517,B57,$C$5:$C$1517,"<"&C57),"") -> 202 | U57: =IF($K57=1,COUNTIFS($L$5:$L$1517,">="&L57,$K$5:$K$1517,1)/COUNTIF($L$5:$L$1517,">="&L57),0) -> 0 | V57: =IF($K57=1,COUNTIFS($M$5:$M$1517,">="&M57,$K$5:$K$1517,1)/COUNTIF($M$5:$M$1517,">="&M57),0) -> 0 | W57: =IF($K57=1,COUNTIFS($N$5:$N$1517,">="&N57,$K$5:$K$1517,1)/COUNTIF($N$5:$N$1517,">="&N57),0) -> 0 | X57: =IF($K57=1,COUNTIFS($O$5:$O$1517,">="&O57,$K$5:$K$1517,1)/COUNTIF($O$5:$O$1517,">="&O57),0) -> 0 | Y57: =IF($K57=1,COUNTIFS($P$5:$P$1517,">="&P57,$K$5:$K$1517,1)/COUNTIF($P$5:$P$1517,">="&P57),0) -> 0 | Z57: =(L57-$K57)^2 -> 0.44309125 | AA57: =(M57-$K57)^2 -> 0.008475596 | AB57: =(N57-$K57)^2 -> 0.0010374841 | AC57: =(O57-$K57)^2 -> 0.011274829 | AD57: =(P57-$K57)^2 -> 0.0010518346 | AE57: =MIN(INT(ROUND(N57*1000000,0)/100000),9) -> 0 | AF57: =MIN(INT(ROUND(P57*1000000,0)/100000),9) -> 0
A58: 54 | B58: 293 | C58: 0 | D58: 46054 | E58: starter | F58: apac | G58: 0 | H58: 35 | I58: 0 | J58: 99 | K58: 0 | L58: 0.965906 | M58: 0.184211 | N58: 0.201814 | O58: 0.106183 | P58: 0.21901 | Q58: =IF(L58>=Models!$G$5,1+COUNTIF($L$5:$L$1517,">"&L58)+COUNTIFS($L$5:$L$1517,L58,$B$5:$B$1517,"<"&B58)+COUNTIFS($L$5:$L$1517,L58,$B$5:$B$1517,B58,$C$5:$C$1517,"<"&C58),"") | R58: =IF(M58>=Models!$G$6,1+COUNTIF($M$5:$M$1517,">"&M58)+COUNTIFS($M$5:$M$1517,M58,$B$5:$B$1517,"<"&B58)+COUNTIFS($M$5:$M$1517,M58,$B$5:$B$1517,B58,$C$5:$C$1517,"<"&C58),"") -> 25 | S58: =IF(N58>=Models!$G$7,1+COUNTIF($N$5:$N$1517,">"&N58)+COUNTIFS($N$5:$N$1517,N58,$B$5:$B$1517,"<"&B58)+COUNTIFS($N$5:$N$1517,N58,$B$5:$B$1517,B58,$C$5:$C$1517,"<"&C58),"") | T58: =IF(O58>=Models!$G$8,1+COUNTIF($O$5:$O$1517,">"&O58)+COUNTIFS($O$5:$O$1517,O58,$B$5:$B$1517,"<"&B58)+COUNTIFS($O$5:$O$1517,O58,$B$5:$B$1517,B58,$C$5:$C$1517,"<"&C58),"") -> 206 | U58: =IF($K58=1,COUNTIFS($L$5:$L$1517,">="&L58,$K$5:$K$1517,1)/COUNTIF($L$5:$L$1517,">="&L58),0) -> 0 | V58: =IF($K58=1,COUNTIFS($M$5:$M$1517,">="&M58,$K$5:$K$1517,1)/COUNTIF($M$5:$M$1517,">="&M58),0) -> 0 | W58: =IF($K58=1,COUNTIFS($N$5:$N$1517,">="&N58,$K$5:$K$1517,1)/COUNTIF($N$5:$N$1517,">="&N58),0) -> 0 | X58: =IF($K58=1,COUNTIFS($O$5:$O$1517,">="&O58,$K$5:$K$1517,1)/COUNTIF($O$5:$O$1517,">="&O58),0) -> 0 | Y58: =IF($K58=1,COUNTIFS($P$5:$P$1517,">="&P58,$K$5:$K$1517,1)/COUNTIF($P$5:$P$1517,">="&P58),0) -> 0 | Z58: =(L58-$K58)^2 -> 0.9329744 | AA58: =(M58-$K58)^2 -> 0.033933693 | AB58: =(N58-$K58)^2 -> 0.040728891 | AC58: =(O58-$K58)^2 -> 0.011274829 | AD58: =(P58-$K58)^2 -> 0.04796538 | AE58: =MIN(INT(ROUND(N58*1000000,0)/100000),9) -> 2 | AF58: =MIN(INT(ROUND(P58*1000000,0)/100000),9) -> 2
A59: 55 | B59: 304 | C59: 0 | D59: 46054 | E59: starter | F59: amer | G59: 7 | H59: 1 | I59: 0 | J59: 69 | K59: 0 | L59: 0.908094 | M59: 0.092063 | N59: 0.09264 | O59: 0.106183 | P59: 0.097844 | Q59: =IF(L59>=Models!$G$5,1+COUNTIF($L$5:$L$1517,">"&L59)+COUNTIFS($L$5:$L$1517,L59,$B$5:$B$1517,"<"&B59)+COUNTIFS($L$5:$L$1517,L59,$B$5:$B$1517,B59,$C$5:$C$1517,"<"&C59),"") | R59: =IF(M59>=Models!$G$6,1+COUNTIF($M$5:$M$1517,">"&M59)+COUNTIFS($M$5:$M$1517,M59,$B$5:$B$1517,"<"&B59)+COUNTIFS($M$5:$M$1517,M59,$B$5:$B$1517,B59,$C$5:$C$1517,"<"&C59),"") | S59: =IF(N59>=Models!$G$7,1+COUNTIF($N$5:$N$1517,">"&N59)+COUNTIFS($N$5:$N$1517,N59,$B$5:$B$1517,"<"&B59)+COUNTIFS($N$5:$N$1517,N59,$B$5:$B$1517,B59,$C$5:$C$1517,"<"&C59),"") | T59: =IF(O59>=Models!$G$8,1+COUNTIF($O$5:$O$1517,">"&O59)+COUNTIFS($O$5:$O$1517,O59,$B$5:$B$1517,"<"&B59)+COUNTIFS($O$5:$O$1517,O59,$B$5:$B$1517,B59,$C$5:$C$1517,"<"&C59),"") -> 210 | U59: =IF($K59=1,COUNTIFS($L$5:$L$1517,">="&L59,$K$5:$K$1517,1)/COUNTIF($L$5:$L$1517,">="&L59),0) -> 0 | V59: =IF($K59=1,COUNTIFS($M$5:$M$1517,">="&M59,$K$5:$K$1517,1)/COUNTIF($M$5:$M$1517,">="&M59),0) -> 0 | W59: =IF($K59=1,COUNTIFS($N$5:$N$1517,">="&N59,$K$5:$K$1517,1)/COUNTIF($N$5:$N$1517,">="&N59),0) -> 0 | X59: =IF($K59=1,COUNTIFS($O$5:$O$1517,">="&O59,$K$5:$K$1517,1)/COUNTIF($O$5:$O$1517,">="&O59),0) -> 0 | Y59: =IF($K59=1,COUNTIFS($P$5:$P$1517,">="&P59,$K$5:$K$1517,1)/COUNTIF($P$5:$P$1517,">="&P59),0) -> 0 | Z59: =(L59-$K59)^2 -> 0.82463471 | AA59: =(M59-$K59)^2 -> 0.008475596 | AB59: =(N59-$K59)^2 -> 0.0085821696 | AC59: =(O59-$K59)^2 -> 0.011274829 | AD59: =(P59-$K59)^2 -> 0.0095734483 | AE59: =MIN(INT(ROUND(N59*1000000,0)/100000),9) -> 0 | AF59: =MIN(INT(ROUND(P59*1000000,0)/100000),9) -> 0
A60: 56 | B60: 317 | C60: 0 | D60: 46054 | E60: starter | F60: amer | G60: 7 | H60: 2 | I60: 0 | J60: 78 | K60: 0 | L60: 0.754174 | M60: 0.092063 | N60: 0.093287 | O60: 0.106183 | P60: 0.098556 | Q60: =IF(L60>=Models!$G$5,1+COUNTIF($L$5:$L$1517,">"&L60)+COUNTIFS($L$5:$L$1517,L60,$B$5:$B$1517,"<"&B60)+COUNTIFS($L$5:$L$1517,L60,$B$5:$B$1517,B60,$C$5:$C$1517,"<"&C60),"") | R60: =IF(M60>=Models!$G$6,1+COUNTIF($M$5:$M$1517,">"&M60)+COUNTIFS($M$5:$M$1517,M60,$B$5:$B$1517,"<"&B60)+COUNTIFS($M$5:$M$1517,M60,$B$5:$B$1517,B60,$C$5:$C$1517,"<"&C60),"") | S60: =IF(N60>=Models!$G$7,1+COUNTIF($N$5:$N$1517,">"&N60)+COUNTIFS($N$5:$N$1517,N60,$B$5:$B$1517,"<"&B60)+COUNTIFS($N$5:$N$1517,N60,$B$5:$B$1517,B60,$C$5:$C$1517,"<"&C60),"") | T60: =IF(O60>=Models!$G$8,1+COUNTIF($O$5:$O$1517,">"&O60)+COUNTIFS($O$5:$O$1517,O60,$B$5:$B$1517,"<"&B60)+COUNTIFS($O$5:$O$1517,O60,$B$5:$B$1517,B60,$C$5:$C$1517,"<"&C60),"") -> 214 | U60: =IF($K60=1,COUNTIFS($L$5:$L$1517,">="&L60,$K$5:$K$1517,1)/COUNTIF($L$5:$L$1517,">="&L60),0) -> 0 | V60: =IF($K60=1,COUNTIFS($M$5:$M$1517,">="&M60,$K$5:$K$1517,1)/COUNTIF($M$5:$M$1517,">="&M60),0) -> 0 | W60: =IF($K60=1,COUNTIFS($N$5:$N$1517,">="&N60,$K$5:$K$1517,1)/COUNTIF($N$5:$N$1517,">="&N60),0) -> 0 | X60: =IF($K60=1,COUNTIFS($O$5:$O$1517,">="&O60,$K$5:$K$1517,1)/COUNTIF($O$5:$O$1517,">="&O60),0) -> 0 | Y60: =IF($K60=1,COUNTIFS($P$5:$P$1517,">="&P60,$K$5:$K$1517,1)/COUNTIF($P$5:$P$1517,">="&P60),0) -> 0 | Z60: =(L60-$K60)^2 -> 0.56877842 | AA60: =(M60-$K60)^2 -> 0.008475596 | AB60: =(N60-$K60)^2 -> 0.0087024644 | AC60: =(O60-$K60)^2 -> 0.011274829 | AD60: =(P60-$K60)^2 -> 0.0097132851 | AE60: =MIN(INT(ROUND(N60*1000000,0)/100000),9) -> 0 | AF60: =MIN(INT(ROUND(P60*1000000,0)/100000),9) -> 0
A61: 57 | B61: 318 | C61: 0 | D61: 46054 | E61: mid | F61: amer | G61: 10 | H61: 1 | I61: 0 | J61: 1026 | K61: 1 | L61: 0.547033 | M61: 0.092063 | N61: 0.068666 | O61: 0.106183 | P61: 0.071595 | Q61: =IF(L61>=Models!$G$5,1+COUNTIF($L$5:$L$1517,">"&L61)+COUNTIFS($L$5:$L$1517,L61,$B$5:$B$1517,"<"&B61)+COUNTIFS($L$5:$L$1517,L61,$B$5:$B$1517,B61,$C$5:$C$1517,"<"&C61),"") | R61: =IF(M61>=Models!$G$6,1+COUNTIF($M$5:$M$1517,">"&M61)+COUNTIFS($M$5:$M$1517,M61,$B$5:$B$1517,"<"&B61)+COUNTIFS($M$5:$M$1517,M61,$B$5:$B$1517,B61,$C$5:$C$1517,"<"&C61),"") | S61: =IF(N61>=Models!$G$7,1+COUNTIF($N$5:$N$1517,">"&N61)+COUNTIFS($N$5:$N$1517,N61,$B$5:$B$1517,"<"&B61)+COUNTIFS($N$5:$N$1517,N61,$B$5:$B$1517,B61,$C$5:$C$1517,"<"&C61),"") | T61: =IF(O61>=Models!$G$8,1+COUNTIF($O$5:$O$1517,">"&O61)+COUNTIFS($O$5:$O$1517,O61,$B$5:$B$1517,"<"&B61)+COUNTIFS($O$5:$O$1517,O61,$B$5:$B$1517,B61,$C$5:$C$1517,"<"&C61),"") -> 218 | U61: =IF($K61=1,COUNTIFS($L$5:$L$1517,">="&L61,$K$5:$K$1517,1)/COUNTIF($L$5:$L$1517,">="&L61),0) -> 0.11982249 | V61: =IF($K61=1,COUNTIFS($M$5:$M$1517,">="&M61,$K$5:$K$1517,1)/COUNTIF($M$5:$M$1517,">="&M61),0) -> 0.12491738 | W61: =IF($K61=1,COUNTIFS($N$5:$N$1517,">="&N61,$K$5:$K$1517,1)/COUNTIF($N$5:$N$1517,">="&N61),0) -> 0.16343207 | X61: =IF($K61=1,COUNTIFS($O$5:$O$1517,">="&O61,$K$5:$K$1517,1)/COUNTIF($O$5:$O$1517,">="&O61),0) -> 0.12491738 | Y61: =IF($K61=1,COUNTIFS($P$5:$P$1517,">="&P61,$K$5:$K$1517,1)/COUNTIF($P$5:$P$1517,">="&P61),0) -> 0.16343207 | Z61: =(L61-$K61)^2 -> 0.2051791 | AA61: =(M61-$K61)^2 -> 0.8243496 | AB61: =(N61-$K61)^2 -> 0.86738302 | AC61: =(O61-$K61)^2 -> 0.79890883 | AD61: =(P61-$K61)^2 -> 0.86193584 | AE61: =MIN(INT(ROUND(N61*1000000,0)/100000),9) -> 0 | AF61: =MIN(INT(ROUND(P61*1000000,0)/100000),9) -> 0
A62: 58 | B62: 319 | C62: 0 | D62: 46054 | E62: smb | F62: latam | G62: 7 | H62: 1 | I62: 0 | J62: 321 | K62: 0 | L62: 0.56357 | M62: 0.092063 | N62: 0.091418 | O62: 0.106183 | P62: 0.0965 | Q62: =IF(L62>=Models!$G$5,1+COUNTIF($L$5:$L$1517,">"&L62)+COUNTIFS($L$5:$L$1517,L62,$B$5:$B$1517,"<"&B62)+COUNTIFS($L$5:$L$1517,L62,$B$5:$B$1517,B62,$C$5:$C$1517,"<"&C62),"") | R62: =IF(M62>=Models!$G$6,1+COUNTIF($M$5:$M$1517,">"&M62)+COUNTIFS($M$5:$M$1517,M62,$B$5:$B$1517,"<"&B62)+COUNTIFS($M$5:$M$1517,M62,$B$5:$B$1517,B62,$C$5:$C$1517,"<"&C62),"") | S62: =IF(N62>=Models!$G$7,1+COUNTIF($N$5:$N$1517,">"&N62)+COUNTIFS($N$5:$N$1517,N62,$B$5:$B$1517,"<"&B62)+COUNTIFS($N$5:$N$1517,N62,$B$5:$B$1517,B62,$C$5:$C$1517,"<"&C62),"") | T62: =IF(O62>=Models!$G$8,1+COUNTIF($O$5:$O$1517,">"&O62)+COUNTIFS($O$5:$O$1517,O62,$B$5:$B$1517,"<"&B62)+COUNTIFS($O$5:$O$1517,O62,$B$5:$B$1517,B62,$C$5:$C$1517,"<"&C62),"") -> 220 | U62: =IF($K62=1,COUNTIFS($L$5:$L$1517,">="&L62,$K$5:$K$1517,1)/COUNTIF($L$5:$L$1517,">="&L62),0) -> 0 | V62: =IF($K62=1,COUNTIFS($M$5:$M$1517,">="&M62,$K$5:$K$1517,1)/COUNTIF($M$5:$M$1517,">="&M62),0) -> 0 | W62: =IF($K62=1,COUNTIFS($N$5:$N$1517,">="&N62,$K$5:$K$1517,1)/COUNTIF($N$5:$N$1517,">="&N62),0) -> 0 | X62: =IF($K62=1,COUNTIFS($O$5:$O$1517,">="&O62,$K$5:$K$1517,1)/COUNTIF($O$5:$O$1517,">="&O62),0) -> 0 | Y62: =IF($K62=1,COUNTIFS($P$5:$P$1517,">="&P62,$K$5:$K$1517,1)/COUNTIF($P$5:$P$1517,">="&P62),0) -> 0 | Z62: =(L62-$K62)^2 -> 0.31761114 | AA62: =(M62-$K62)^2 -> 0.008475596 | AB62: =(N62-$K62)^2 -> 0.0083572507 | AC62: =(O62-$K62)^2 -> 0.011274829 | AD62: =(P62-$K62)^2 -> 0.00931225 | AE62: =MIN(INT(ROUND(N62*1000000,0)/100000),9) -> 0 | AF62: =MIN(INT(ROUND(P62*1000000,0)/100000),9) -> 0
A63: 59 | B63: 324 | C63: 0 | D63: 46054 | E63: mid | F63: anz | G63: 6 | H63: 0 | I63: 0 | K63: 0 | L63: 0.247213 | M63: 0.092063 | N63: 0.049606 | O63: 0.106183 | P63: 0.050966 | Q63: =IF(L63>=Models!$G$5,1+COUNTIF($L$5:$L$1517,">"&L63)+COUNTIFS($L$5:$L$1517,L63,$B$5:$B$1517,"<"&B63)+COUNTIFS($L$5:$L$1517,L63,$B$5:$B$1517,B63,$C$5:$C$1517,"<"&C63),"") | R63: =IF(M63>=Models!$G$6,1+COUNTIF($M$5:$M$1517,">"&M63)+COUNTIFS($M$5:$M$1517,M63,$B$5:$B$1517,"<"&B63)+COUNTIFS($M$5:$M$1517,M63,$B$5:$B$1517,B63,$C$5:$C$1517,"<"&C63),"") | S63: =IF(N63>=Models!$G$7,1+COUNTIF($N$5:$N$1517,">"&N63)+COUNTIFS($N$5:$N$1517,N63,$B$5:$B$1517,"<"&B63)+COUNTIFS($N$5:$N$1517,N63,$B$5:$B$1517,B63,$C$5:$C$1517,"<"&C63),"") | T63: =IF(O63>=Models!$G$8,1+COUNTIF($O$5:$O$1517,">"&O63)+COUNTIFS($O$5:$O$1517,O63,$B$5:$B$1517,"<"&B63)+COUNTIFS($O$5:$O$1517,O63,$B$5:$B$1517,B63,$C$5:$C$1517,"<"&C63),"") -> 224 | U63: =IF($K63=1,COUNTIFS($L$5:$L$1517,">="&L63,$K$5:$K$1517,1)/COUNTIF($L$5:$L$1517,">="&L63),0) -> 0 | V63: =IF($K63=1,COUNTIFS($M$5:$M$1517,">="&M63,$K$5:$K$1517,1)/COUNTIF($M$5:$M$1517,">="&M63),0) -> 0 | W63: =IF($K63=1,COUNTIFS($N$5:$N$1517,">="&N63,$K$5:$K$1517,1)/COUNTIF($N$5:$N$1517,">="&N63),0) -> 0 | X63: =IF($K63=1,COUNTIFS($O$5:$O$1517,">="&O63,$K$5:$K$1517,1)/COUNTIF($O$5:$O$1517,">="&O63),0) -> 0 | Y63: =IF($K63=1,COUNTIFS($P$5:$P$1517,">="&P63,$K$5:$K$1517,1)/COUNTIF($P$5:$P$1517,">="&P63),0) -> 0 | Z63: =(L63-$K63)^2 -> 0.061114267 | AA63: =(M63-$K63)^2 -> 0.008475596 | AB63: =(N63-$K63)^2 -> 0.0024607552 | AC63: =(O63-$K63)^2 -> 0.011274829 | AD63: =(P63-$K63)^2 -> 0.0025975332 | AE63: =MIN(INT(ROUND(N63*1000000,0)/100000),9) -> 0 | AF63: =MIN(INT(ROUND(P63*1000000,0)/100000),9) -> 0
A64: 60 | B64: 325 | C64: 0 | D64: 46054 | E64: mid | F64: latam | G64: 7 | H64: 8 | I64: 0 | K64: 0 | L64: 0.025817 | M64: 0.092063 | N64: 0.048466 | O64: 0.106183 | P64: 0.049742 | Q64: =IF(L64>=Models!$G$5,1+COUNTIF($L$5:$L$1517,">"&L64)+COUNTIFS($L$5:$L$1517,L64,$B$5:$B$1517,"<"&B64)+COUNTIFS($L$5:$L$1517,L64,$B$5:$B$1517,B64,$C$5:$C$1517,"<"&C64),"") | R64: =IF(M64>=Models!$G$6,1+COUNTIF($M$5:$M$1517,">"&M64)+COUNTIFS($M$5:$M$1517,M64,$B$5:$B$1517,"<"&B64)+COUNTIFS($M$5:$M$1517,M64,$B$5:$B$1517,B64,$C$5:$C$1517,"<"&C64),"") | S64: =IF(N64>=Models!$G$7,1+COUNTIF($N$5:$N$1517,">"&N64)+COUNTIFS($N$5:$N$1517,N64,$B$5:$B$1517,"<"&B64)+COUNTIFS($N$5:$N$1517,N64,$B$5:$B$1517,B64,$C$5:$C$1517,"<"&C64),"") | T64: =IF(O64>=Models!$G$8,1+COUNTIF($O$5:$O$1517,">"&O64)+COUNTIFS($O$5:$O$1517,O64,$B$5:$B$1517,"<"&B64)+COUNTIFS($O$5:$O$1517,O64,$B$5:$B$1517,B64,$C$5:$C$1517,"<"&C64),"") -> 228 | U64: =IF($K64=1,COUNTIFS($L$5:$L$1517,">="&L64,$K$5:$K$1517,1)/COUNTIF($L$5:$L$1517,">="&L64),0) -> 0 | V64: =IF($K64=1,COUNTIFS($M$5:$M$1517,">="&M64,$K$5:$K$1517,1)/COUNTIF($M$5:$M$1517,">="&M64),0) -> 0 | W64: =IF($K64=1,COUNTIFS($N$5:$N$1517,">="&N64,$K$5:$K$1517,1)/COUNTIF($N$5:$N$1517,">="&N64),0) -> 0 | X64: =IF($K64=1,COUNTIFS($O$5:$O$1517,">="&O64,$K$5:$K$1517,1)/COUNTIF($O$5:$O$1517,">="&O64),0) -> 0 | Y64: =IF($K64=1,COUNTIFS($P$5:$P$1517,">="&P64,$K$5:$K$1517,1)/COUNTIF($P$5:$P$1517,">="&P64),0) -> 0 | Z64: =(L64-$K64)^2 -> 0.00066651749 | AA64: =(M64-$K64)^2 -> 0.008475596 | AB64: =(N64-$K64)^2 -> 0.0023489532 | AC64: =(O64-$K64)^2 -> 0.011274829 | AD64: =(P64-$K64)^2 -> 0.0024742666 | AE64: =MIN(INT(ROUND(N64*1000000,0)/100000),9) -> 0 | AF64: =MIN(INT(ROUND(P64*1000000,0)/100000),9) -> 0
A65: 61 | B65: 335 | C65: 0 | D65: 46054 | E65: smb | F65: amer | G65: 3 | H65: 18 | I65: 0 | J65: 423 | K65: 0 | L65: 0.671145 | M65: 0.092063 | N65: 0.141474 | O65: 0.106183 | P65: 0.151882 | Q65: =IF(L65>=Models!$G$5,1+COUNTIF($L$5:$L$1517,">"&L65)+COUNTIFS($L$5:$L$1517,L65,$B$5:$B$1517,"<"&B65)+COUNTIFS($L$5:$L$1517,L65,$B$5:$B$1517,B65,$C$5:$C$1517,"<"&C65),"") | R65: =IF(M65>=Models!$G$6,1+COUNTIF($M$5:$M$1517,">"&M65)+COUNTIFS($M$5:$M$1517,M65,$B$5:$B$1517,"<"&B65)+COUNTIFS($M$5:$M$1517,M65,$B$5:$B$1517,B65,$C$5:$C$1517,"<"&C65),"") | S65: =IF(N65>=Models!$G$7,1+COUNTIF($N$5:$N$1517,">"&N65)+COUNTIFS($N$5:$N$1517,N65,$B$5:$B$1517,"<"&B65)+COUNTIFS($N$5:$N$1517,N65,$B$5:$B$1517,B65,$C$5:$C$1517,"<"&C65),"") | T65: =IF(O65>=Models!$G$8,1+COUNTIF($O$5:$O$1517,">"&O65)+COUNTIFS($O$5:$O$1517,O65,$B$5:$B$1517,"<"&B65)+COUNTIFS($O$5:$O$1517,O65,$B$5:$B$1517,B65,$C$5:$C$1517,"<"&C65),"") -> 232 | U65: =IF($K65=1,COUNTIFS($L$5:$L$1517,">="&L65,$K$5:$K$1517,1)/COUNTIF($L$5:$L$1517,">="&L65),0) -> 0 | V65: =IF($K65=1,COUNTIFS($M$5:$M$1517,">="&M65,$K$5:$K$1517,1)/COUNTIF($M$5:$M$1517,">="&M65),0) -> 0 | W65: =IF($K65=1,COUNTIFS($N$5:$N$1517,">="&N65,$K$5:$K$1517,1)/COUNTIF($N$5:$N$1517,">="&N65),0) -> 0 | X65: =IF($K65=1,COUNTIFS($O$5:$O$1517,">="&O65,$K$5:$K$1517,1)/COUNTIF($O$5:$O$1517,">="&O65),0) -> 0 | Y65: =IF($K65=1,COUNTIFS($P$5:$P$1517,">="&P65,$K$5:$K$1517,1)/COUNTIF($P$5:$P$1517,">="&P65),0) -> 0 | Z65: =(L65-$K65)^2 -> 0.45043561 | AA65: =(M65-$K65)^2 -> 0.008475596 | AB65: =(N65-$K65)^2 -> 0.020014893 | AC65: =(O65-$K65)^2 -> 0.011274829 | AD65: =(P65-$K65)^2 -> 0.023068142 | AE65: =MIN(INT(ROUND(N65*1000000,0)/100000),9) -> 1 | AF65: =MIN(INT(ROUND(P65*1000000,0)/100000),9) -> 1
A66: 62 | B66: 336 | C66: 0 | D66: 46054 | E66: mid | F66: amer | G66: 5 | H66: 4 | I66: 0 | J66: 1176 | K66: 0 | L66: 0.916604 | M66: 0.092063 | N66: 0.105125 | O66: 0.106183 | P66: 0.111605 | Q66: =IF(L66>=Models!$G$5,1+COUNTIF($L$5:$L$1517,">"&L66)+COUNTIFS($L$5:$L$1517,L66,$B$5:$B$1517,"<"&B66)+COUNTIFS($L$5:$L$1517,L66,$B$5:$B$1517,B66,$C$5:$C$1517,"<"&C66),"") | R66: =IF(M66>=Models!$G$6,1+COUNTIF($M$5:$M$1517,">"&M66)+COUNTIFS($M$5:$M$1517,M66,$B$5:$B$1517,"<"&B66)+COUNTIFS($M$5:$M$1517,M66,$B$5:$B$1517,B66,$C$5:$C$1517,"<"&C66),"") | S66: =IF(N66>=Models!$G$7,1+COUNTIF($N$5:$N$1517,">"&N66)+COUNTIFS($N$5:$N$1517,N66,$B$5:$B$1517,"<"&B66)+COUNTIFS($N$5:$N$1517,N66,$B$5:$B$1517,B66,$C$5:$C$1517,"<"&C66),"") | T66: =IF(O66>=Models!$G$8,1+COUNTIF($O$5:$O$1517,">"&O66)+COUNTIFS($O$5:$O$1517,O66,$B$5:$B$1517,"<"&B66)+COUNTIFS($O$5:$O$1517,O66,$B$5:$B$1517,B66,$C$5:$C$1517,"<"&C66),"") -> 236 | U66: =IF($K66=1,COUNTIFS($L$5:$L$1517,">="&L66,$K$5:$K$1517,1)/COUNTIF($L$5:$L$1517,">="&L66),0) -> 0 | V66: =IF($K66=1,COUNTIFS($M$5:$M$1517,">="&M66,$K$5:$K$1517,1)/COUNTIF($M$5:$M$1517,">="&M66),0) -> 0 | W66: =IF($K66=1,COUNTIFS($N$5:$N$1517,">="&N66,$K$5:$K$1517,1)/COUNTIF($N$5:$N$1517,">="&N66),0) -> 0 | X66: =IF($K66=1,COUNTIFS($O$5:$O$1517,">="&O66,$K$5:$K$1517,1)/COUNTIF($O$5:$O$1517,">="&O66),0) -> 0 | Y66: =IF($K66=1,COUNTIFS($P$5:$P$1517,">="&P66,$K$5:$K$1517,1)/COUNTIF($P$5:$P$1517,">="&P66),0) -> 0 | Z66: =(L66-$K66)^2 -> 0.84016289 | AA66: =(M66-$K66)^2 -> 0.008475596 | AB66: =(N66-$K66)^2 -> 0.011051266 | AC66: =(O66-$K66)^2 -> 0.011274829 | AD66: =(P66-$K66)^2 -> 0.012455676 | AE66: =MIN(INT(ROUND(N66*1000000,0)/100000),9) -> 1 | AF66: =MIN(INT(ROUND(P66*1000000,0)/100000),9) -> 1
A67: 63 | B67: 345 | C67: 0 | D67: 46054 | E67: smb | F67: anz | G67: 5 | H67: 3 | I67: 0 | J67: 264 | K67: 0 | L67: 0.470653 | M67: 0.092063 | N67: 0.109412 | O67: 0.106183 | P67: 0.11634 | Q67: =IF(L67>=Models!$G$5,1+COUNTIF($L$5:$L$1517,">"&L67)+COUNTIFS($L$5:$L$1517,L67,$B$5:$B$1517,"<"&B67)+COUNTIFS($L$5:$L$1517,L67,$B$5:$B$1517,B67,$C$5:$C$1517,"<"&C67),"") | R67: =IF(M67>=Models!$G$6,1+COUNTIF($M$5:$M$1517,">"&M67)+COUNTIFS($M$5:$M$1517,M67,$B$5:$B$1517,"<"&B67)+COUNTIFS($M$5:$M$1517,M67,$B$5:$B$1517,B67,$C$5:$C$1517,"<"&C67),"") | S67: =IF(N67>=Models!$G$7,1+COUNTIF($N$5:$N$1517,">"&N67)+COUNTIFS($N$5:$N$1517,N67,$B$5:$B$1517,"<"&B67)+COUNTIFS($N$5:$N$1517,N67,$B$5:$B$1517,B67,$C$5:$C$1517,"<"&C67),"") | T67: =IF(O67>=Models!$G$8,1+COUNTIF($O$5:$O$1517,">"&O67)+COUNTIFS($O$5:$O$1517,O67,$B$5:$B$1517,"<"&B67)+COUNTIFS($O$5:$O$1517,O67,$B$5:$B$1517,B67,$C$5:$C$1517,"<"&C67),"") -> 240 | U67: =IF($K67=1,COUNTIFS($L$5:$L$1517,">="&L67,$K$5:$K$1517,1)/COUNTIF($L$5:$L$1517,">="&L67),0) -> 0 | V67: =IF($K67=1,COUNTIFS($M$5:$M$1517,">="&M67,$K$5:$K$1517,1)/COUNTIF($M$5:$M$1517,">="&M67),0) -> 0 | W67: =IF($K67=1,COUNTIFS($N$5:$N$1517,">="&N67,$K$5:$K$1517,1)/COUNTIF($N$5:$N$1517,">="&N67),0) -> 0 | X67: =IF($K67=1,COUNTIFS($O$5:$O$1517,">="&O67,$K$5:$K$1517,1)/COUNTIF($O$5:$O$1517,">="&O67),0) -> 0 | Y67: =IF($K67=1,COUNTIFS($P$5:$P$1517,">="&P67,$K$5:$K$1517,1)/COUNTIF($P$5:$P$1517,">="&P67),0) -> 0 | Z67: =(L67-$K67)^2 -> 0.22151425 | AA67: =(M67-$K67)^2 -> 0.008475596 | AB67: =(N67-$K67)^2 -> 0.011970986 | AC67: =(O67-$K67)^2 -> 0.011274829 | AD67: =(P67-$K67)^2 -> 0.013534996 | AE67: =MIN(INT(ROUND(N67*1000000,0)/100000),9) -> 1 | AF67: =MIN(INT(ROUND(P67*1000000,0)/100000),9) -> 1
A68: 64 | B68: 353 | C68: 0 | D68: 46054 | E68: enterprise | F68: latam | G68: 11 | H68: 5 | I68: 0 | K68: 0 | L68: 0.502158 | M68: 0.092063 | N68: 0.033512 | O68: 0.106183 | P68: 0.033806 | Q68: =IF(L68>=Models!$G$5,1+COUNTIF($L$5:$L$1517,">"&L68)+COUNTIFS($L$5:$L$1517,L68,$B$5:$B$1517,"<"&B68)+COUNTIFS($L$5:$L$1517,L68,$B$5:$B$1517,B68,$C$5:$C$1517,"<"&C68),"") | R68: =IF(M68>=Models!$G$6,1+COUNTIF($M$5:$M$1517,">"&M68)+COUNTIFS($M$5:$M$1517,M68,$B$5:$B$1517,"<"&B68)+COUNTIFS($M$5:$M$1517,M68,$B$5:$B$1517,B68,$C$5:$C$1517,"<"&C68),"") | S68: =IF(N68>=Models!$G$7,1+COUNTIF($N$5:$N$1517,">"&N68)+COUNTIFS($N$5:$N$1517,N68,$B$5:$B$1517,"<"&B68)+COUNTIFS($N$5:$N$1517,N68,$B$5:$B$1517,B68,$C$5:$C$1517,"<"&C68),"") | T68: =IF(O68>=Models!$G$8,1+COUNTIF($O$5:$O$1517,">"&O68)+COUNTIFS($O$5:$O$1517,O68,$B$5:$B$1517,"<"&B68)+COUNTIFS($O$5:$O$1517,O68,$B$5:$B$1517,B68,$C$5:$C$1517,"<"&C68),"") -> 244 | U68: =IF($K68=1,COUNTIFS($L$5:$L$1517,">="&L68,$K$5:$K$1517,1)/COUNTIF($L$5:$L$1517,">="&L68),0) -> 0 | V68: =IF($K68=1,COUNTIFS($M$5:$M$1517,">="&M68,$K$5:$K$1517,1)/COUNTIF($M$5:$M$1517,">="&M68),0) -> 0 | W68: =IF($K68=1,COUNTIFS($N$5:$N$1517,">="&N68,$K$5:$K$1517,1)/COUNTIF($N$5:$N$1517,">="&N68),0) -> 0 | X68: =IF($K68=1,COUNTIFS($O$5:$O$1517,">="&O68,$K$5:$K$1517,1)/COUNTIF($O$5:$O$1517,">="&O68),0) -> 0 | Y68: =IF($K68=1,COUNTIFS($P$5:$P$1517,">="&P68,$K$5:$K$1517,1)/COUNTIF($P$5:$P$1517,">="&P68),0) -> 0 | Z68: =(L68-$K68)^2 -> 0.25216266 | AA68: =(M68-$K68)^2 -> 0.008475596 | AB68: =(N68-$K68)^2 -> 0.0011230541 | AC68: =(O68-$K68)^2 -> 0.011274829 | AD68: =(P68-$K68)^2 -> 0.0011428456 | AE68: =MIN(INT(ROUND(N68*1000000,0)/100000),9) -> 0 | AF68: =MIN(INT(ROUND(P68*1000000,0)/100000),9) -> 0
A69: 65 | B69: 361 | C69: 0 | D69: 46054 | E69: mid | F69: emea | G69: 9 | H69: 1 | I69: 0 | J69: 1563 | K69: 0 | L69: 0.220946 | M69: 0.092063 | N69: 0.072523 | O69: 0.106183 | P69: 0.075799 | Q69: =IF(L69>=Models!$G$5,1+COUNTIF($L$5:$L$1517,">"&L69)+COUNTIFS($L$5:$L$1517,L69,$B$5:$B$1517,"<"&B69)+COUNTIFS($L$5:$L$1517,L69,$B$5:$B$1517,B69,$C$5:$C$1517,"<"&C69),"") | R69: =IF(M69>=Models!$G$6,1+COUNTIF($M$5:$M$1517,">"&M69)+COUNTIFS($M$5:$M$1517,M69,$B$5:$B$1517,"<"&B69)+COUNTIFS($M$5:$M$1517,M69,$B$5:$B$1517,B69,$C$5:$C$1517,"<"&C69),"") | S69: =IF(N69>=Models!$G$7,1+COUNTIF($N$5:$N$1517,">"&N69)+COUNTIFS($N$5:$N$1517,N69,$B$5:$B$1517,"<"&B69)+COUNTIFS($N$5:$N$1517,N69,$B$5:$B$1517,B69,$C$5:$C$1517,"<"&C69),"") | T69: =IF(O69>=Models!$G$8,1+COUNTIF($O$5:$O$1517,">"&O69)+COUNTIFS($O$5:$O$1517,O69,$B$5:$B$1517,"<"&B69)+COUNTIFS($O$5:$O$1517,O69,$B$5:$B$1517,B69,$C$5:$C$1517,"<"&C69),"") -> 248 | U69: =IF($K69=1,COUNTIFS($L$5:$L$1517,">="&L69,$K$5:$K$1517,1)/COUNTIF($L$5:$L$1517,">="&L69),0) -> 0 | V69: =IF($K69=1,COUNTIFS($M$5:$M$1517,">="&M69,$K$5:$K$1517,1)/COUNTIF($M$5:$M$1517,">="&M69),0) -> 0 | W69: =IF($K69=1,COUNTIFS($N$5:$N$1517,">="&N69,$K$5:$K$1517,1)/COUNTIF($N$5:$N$1517,">="&N69),0) -> 0 | X69: =IF($K69=1,COUNTIFS($O$5:$O$1517,">="&O69,$K$5:$K$1517,1)/COUNTIF($O$5:$O$1517,">="&O69),0) -> 0 | Y69: =IF($K69=1,COUNTIFS($P$5:$P$1517,">="&P69,$K$5:$K$1517,1)/COUNTIF($P$5:$P$1517,">="&P69),0) -> 0 | Z69: =(L69-$K69)^2 -> 0.048817135 | AA69: =(M69-$K69)^2 -> 0.008475596 | AB69: =(N69-$K69)^2 -> 0.0052595855 | AC69: =(O69-$K69)^2 -> 0.011274829 | AD69: =(P69-$K69)^2 -> 0.0057454884 | AE69: =MIN(INT(ROUND(N69*1000000,0)/100000),9) -> 0 | AF69: =MIN(INT(ROUND(P69*1000000,0)/100000),9) -> 0
A70: 66 | B70: 364 | C70: 0 | D70: 46054 | E70: smb | F70: amer | G70: 5 | H70: 11 | I70: 0 | J70: 432 | K70: 1 | L70: 0.295968 | M70: 0.092063 | N70: 0.114969 | O70: 0.106183 | P70: 0.122486 | Q70: =IF(L70>=Models!$G$5,1+COUNTIF($L$5:$L$1517,">"&L70)+COUNTIFS($L$5:$L$1517,L70,$B$5:$B$1517,"<"&B70)+COUNTIFS($L$5:$L$1517,L70,$B$5:$B$1517,B70,$C$5:$C$1517,"<"&C70),"") | R70: =IF(M70>=Models!$G$6,1+COUNTIF($M$5:$M$1517,">"&M70)+COUNTIFS($M$5:$M$1517,M70,$B$5:$B$1517,"<"&B70)+COUNTIFS($M$5:$M$1517,M70,$B$5:$B$1517,B70,$C$5:$C$1517,"<"&C70),"") | S70: =IF(N70>=Models!$G$7,1+COUNTIF($N$5:$N$1517,">"&N70)+COUNTIFS($N$5:$N$1517,N70,$B$5:$B$1517,"<"&B70)+COUNTIFS($N$5:$N$1517,N70,$B$5:$B$1517,B70,$C$5:$C$1517,"<"&C70),"") | T70: =IF(O70>=Models!$G$8,1+COUNTIF($O$5:$O$1517,">"&O70)+COUNTIFS($O$5:$O$1517,O70,$B$5:$B$1517,"<"&B70)+COUNTIFS($O$5:$O$1517,O70,$B$5:$B$1517,B70,$C$5:$C$1517,"<"&C70),"") -> 252 | U70: =IF($K70=1,COUNTIFS($L$5:$L$1517,">="&L70,$K$5:$K$1517,1)/COUNTIF($L$5:$L$1517,">="&L70),0) -> 0.12952381 | V70: =IF($K70=1,COUNTIFS($M$5:$M$1517,">="&M70,$K$5:$K$1517,1)/COUNTIF($M$5:$M$1517,">="&M70),0) -> 0.12491738 | W70: =IF($K70=1,COUNTIFS($N$5:$N$1517,">="&N70,$K$5:$K$1517,1)/COUNTIF($N$5:$N$1517,">="&N70),0) -> 0.21388368 | X70: =IF($K70=1,COUNTIFS($O$5:$O$1517,">="&O70,$K$5:$K$1517,1)/COUNTIF($O$5:$O$1517,">="&O70),0) -> 0.12491738 | Y70: =IF($K70=1,COUNTIFS($P$5:$P$1517,">="&P70,$K$5:$K$1517,1)/COUNTIF($P$5:$P$1517,">="&P70),0) -> 0.21388368 | Z70: =(L70-$K70)^2 -> 0.49566106 | AA70: =(M70-$K70)^2 -> 0.8243496 | AB70: =(N70-$K70)^2 -> 0.78327987 | AC70: =(O70-$K70)^2 -> 0.79890883 | AD70: =(P70-$K70)^2 -> 0.77003082 | AE70: =MIN(INT(ROUND(N70*1000000,0)/100000),9) -> 1 | AF70: =MIN(INT(ROUND(P70*1000000,0)/100000),9) -> 1
A71: 67 | B71: 381 | C71: 0 | D71: 46054 | E71: mid | F71: latam | G71: 2 | H71: 4 | I71: 0 | K71: 0 | L71: 0.593601 | M71: 0.092063 | N71: 0.071756 | O71: 0.106183 | P71: 0.074962 | Q71: =IF(L71>=Models!$G$5,1+COUNTIF($L$5:$L$1517,">"&L71)+COUNTIFS($L$5:$L$1517,L71,$B$5:$B$1517,"<"&B71)+COUNTIFS($L$5:$L$1517,L71,$B$5:$B$1517,B71,$C$5:$C$1517,"<"&C71),"") | R71: =IF(M71>=Models!$G$6,1+COUNTIF($M$5:$M$1517,">"&M71)+COUNTIFS($M$5:$M$1517,M71,$B$5:$B$1517,"<"&B71)+COUNTIFS($M$5:$M$1517,M71,$B$5:$B$1517,B71,$C$5:$C$1517,"<"&C71),"") | S71: =IF(N71>=Models!$G$7,1+COUNTIF($N$5:$N$1517,">"&N71)+COUNTIFS($N$5:$N$1517,N71,$B$5:$B$1517,"<"&B71)+COUNTIFS($N$5:$N$1517,N71,$B$5:$B$1517,B71,$C$5:$C$1517,"<"&C71),"") | T71: =IF(O71>=Models!$G$8,1+COUNTIF($O$5:$O$1517,">"&O71)+COUNTIFS($O$5:$O$1517,O71,$B$5:$B$1517,"<"&B71)+COUNTIFS($O$5:$O$1517,O71,$B$5:$B$1517,B71,$C$5:$C$1517,"<"&C71),"") -> 254 | U71: =IF($K71=1,COUNTIFS($L$5:$L$1517,">="&L71,$K$5:$K$1517,1)/COUNTIF($L$5:$L$1517,">="&L71),0) -> 0 | V71: =IF($K71=1,COUNTIFS($M$5:$M$1517,">="&M71,$K$5:$K$1517,1)/COUNTIF($M$5:$M$1517,">="&M71),0) -> 0 | W71: =IF($K71=1,COUNTIFS($N$5:$N$1517,">="&N71,$K$5:$K$1517,1)/COUNTIF($N$5:$N$1517,">="&N71),0) -> 0 | X71: =IF($K71=1,COUNTIFS($O$5:$O$1517,">="&O71,$K$5:$K$1517,1)/COUNTIF($O$5:$O$1517,">="&O71),0) -> 0 | Y71: =IF($K71=1,COUNTIFS($P$5:$P$1517,">="&P71,$K$5:$K$1517,1)/COUNTIF($P$5:$P$1517,">="&P71),0) -> 0 | Z71: =(L71-$K71)^2 -> 0.35236215 | AA71: =(M71-$K71)^2 -> 0.008475596 | AB71: =(N71-$K71)^2 -> 0.0051489235 | AC71: =(O71-$K71)^2 -> 0.011274829 | AD71: =(P71-$K71)^2 -> 0.0056193014 | AE71: =MIN(INT(ROUND(N71*1000000,0)/100000),9) -> 0 | AF71: =MIN(INT(ROUND(P71*1000000,0)/100000),9) -> 0
A72: 68 | B72: 383 | C72: 0 | D72: 46054 | E72: smb | F72: emea | G72: 4 | H72: 13 | I72: 1 | K72: 0 | L72: 0.413546 | M72: 0.184211 | N72: 0.112026 | O72: 0.106183 | P72: 0.11923 | Q72: =IF(L72>=Models!$G$5,1+COUNTIF($L$5:$L$1517,">"&L72)+COUNTIFS($L$5:$L$1517,L72,$B$5:$B$1517,"<"&B72)+COUNTIFS($L$5:$L$1517,L72,$B$5:$B$1517,B72,$C$5:$C$1517,"<"&C72),"") | R72: =IF(M72>=Models!$G$6,1+COUNTIF($M$5:$M$1517,">"&M72)+COUNTIFS($M$5:$M$1517,M72,$B$5:$B$1517,"<"&B72)+COUNTIFS($M$5:$M$1517,M72,$B$5:$B$1517,B72,$C$5:$C$1517,"<"&C72),"") -> 26 | S72: =IF(N72>=Models!$G$7,1+COUNTIF($N$5:$N$1517,">"&N72)+COUNTIFS($N$5:$N$1517,N72,$B$5:$B$1517,"<"&B72)+COUNTIFS($N$5:$N$1517,N72,$B$5:$B$1517,B72,$C$5:$C$1517,"<"&C72),"") | T72: =IF(O72>=Models!$G$8,1+COUNTIF($O$5:$O$1517,">"&O72)+COUNTIFS($O$5:$O$1517,O72,$B$5:$B$1517,"<"&B72)+COUNTIFS($O$5:$O$1517,O72,$B$5:$B$1517,B72,$C$5:$C$1517,"<"&C72),"") -> 258 | U72: =IF($K72=1,COUNTIFS($L$5:$L$1517,">="&L72,$K$5:$K$1517,1)/COUNTIF($L$5:$L$1517,">="&L72),0) -> 0 | V72: =IF($K72=1,COUNTIFS($M$5:$M$1517,">="&M72,$K$5:$K$1517,1)/COUNTIF($M$5:$M$1517,">="&M72),0) -> 0 | W72: =IF($K72=1,COUNTIFS($N$5:$N$1517,">="&N72,$K$5:$K$1517,1)/COUNTIF($N$5:$N$1517,">="&N72),0) -> 0 | X72: =IF($K72=1,COUNTIFS($O$5:$O$1517,">="&O72,$K$5:$K$1517,1)/COUNTIF($O$5:$O$1517,">="&O72),0) -> 0 | Y72: =IF($K72=1,COUNTIFS($P$5:$P$1517,">="&P72,$K$5:$K$1517,1)/COUNTIF($P$5:$P$1517,">="&P72),0) -> 0 | Z72: =(L72-$K72)^2 -> 0.17102029 | AA72: =(M72-$K72)^2 -> 0.033933693 | AB72: =(N72-$K72)^2 -> 0.012549825 | AC72: =(O72-$K72)^2 -> 0.011274829 | AD72: =(P72-$K72)^2 -> 0.014215793 | AE72: =MIN(INT(ROUND(N72*1000000,0)/100000),9) -> 1 | AF72: =MIN(INT(ROUND(P72*1000000,0)/100000),9) -> 1
A73: 69 | B73: 385 | C73: 0 | D73: 46054 | E73: smb | F73: anz | G73: 4 | H73: 4 | I73: 1 | J73: 261 | K73: 0 | L73: 0.962736 | M73: 0.184211 | N73: 0.19744 | O73: 0.106183 | P73: 0.214144 | Q73: =IF(L73>=Models!$G$5,1+COUNTIF($L$5:$L$1517,">"&L73)+COUNTIFS($L$5:$L$1517,L73,$B$5:$B$1517,"<"&B73)+COUNTIFS($L$5:$L$1517,L73,$B$5:$B$1517,B73,$C$5:$C$1517,"<"&C73),"") | R73: =IF(M73>=Models!$G$6,1+COUNTIF($M$5:$M$1517,">"&M73)+COUNTIFS($M$5:$M$1517,M73,$B$5:$B$1517,"<"&B73)+COUNTIFS($M$5:$M$1517,M73,$B$5:$B$1517,B73,$C$5:$C$1517,"<"&C73),"") -> 27 | S73: =IF(N73>=Models!$G$7,1+COUNTIF($N$5:$N$1517,">"&N73)+COUNTIFS($N$5:$N$1517,N73,$B$5:$B$1517,"<"&B73)+COUNTIFS($N$5:$N$1517,N73,$B$5:$B$1517,B73,$C$5:$C$1517,"<"&C73),"") | T73: =IF(O73>=Models!$G$8,1+COUNTIF($O$5:$O$1517,">"&O73)+COUNTIFS($O$5:$O$1517,O73,$B$5:$B$1517,"<"&B73)+COUNTIFS($O$5:$O$1517,O73,$B$5:$B$1517,B73,$C$5:$C$1517,"<"&C73),"") -> 262 | U73: =IF($K73=1,COUNTIFS($L$5:$L$1517,">="&L73,$K$5:$K$1517,1)/COUNTIF($L$5:$L$1517,">="&L73),0) -> 0 | V73: =IF($K73=1,COUNTIFS($M$5:$M$1517,">="&M73,$K$5:$K$1517,1)/COUNTIF($M$5:$M$1517,">="&M73),0) -> 0 | W73: =IF($K73=1,COUNTIFS($N$5:$N$1517,">="&N73,$K$5:$K$1517,1)/COUNTIF($N$5:$N$1517,">="&N73),0) -> 0 | X73: =IF($K73=1,COUNTIFS($O$5:$O$1517,">="&O73,$K$5:$K$1517,1)/COUNTIF($O$5:$O$1517,">="&O73),0) -> 0 | Y73: =IF($K73=1,COUNTIFS($P$5:$P$1517,">="&P73,$K$5:$K$1517,1)/COUNTIF($P$5:$P$1517,">="&P73),0) -> 0 | Z73: =(L73-$K73)^2 -> 0.92686061 | AA73: =(M73-$K73)^2 -> 0.033933693 | AB73: =(N73-$K73)^2 -> 0.038982554 | AC73: =(O73-$K73)^2 -> 0.011274829 | AD73: =(P73-$K73)^2 -> 0.045857653 | AE73: =MIN(INT(ROUND(N73*1000000,0)/100000),9) -> 1 | AF73: =MIN(INT(ROUND(P73*1000000,0)/100000),9) -> 2
A74: 70 | B74: 401 | C74: 0 | D74: 46054 | E74: mid | F74: amer | G74: 17 | H74: 0 | I74: 0 | J74: 1500 | K74: 0 | L74: 0.637143 | M74: 0.092063 | N74: 0.036508 | O74: 0.106183 | P74: 0.036977 | Q74: =IF(L74>=Models!$G$5,1+COUNTIF($L$5:$L$1517,">"&L74)+COUNTIFS($L$5:$L$1517,L74,$B$5:$B$1517,"<"&B74)+COUNTIFS($L$5:$L$1517,L74,$B$5:$B$1517,B74,$C$5:$C$1517,"<"&C74),"") | R74: =IF(M74>=Models!$G$6,1+COUNTIF($M$5:$M$1517,">"&M74)+COUNTIFS($M$5:$M$1517,M74,$B$5:$B$1517,"<"&B74)+COUNTIFS($M$5:$M$1517,M74,$B$5:$B$1517,B74,$C$5:$C$1517,"<"&C74),"") | S74: =IF(N74>=Models!$G$7,1+COUNTIF($N$5:$N$1517,">"&N74)+COUNTIFS($N$5:$N$1517,N74,$B$5:$B$1517,"<"&B74)+COUNTIFS($N$5:$N$1517,N74,$B$5:$B$1517,B74,$C$5:$C$1517,"<"&C74),"") | T74: =IF(O74>=Models!$G$8,1+COUNTIF($O$5:$O$1517,">"&O74)+COUNTIFS($O$5:$O$1517,O74,$B$5:$B$1517,"<"&B74)+COUNTIFS($O$5:$O$1517,O74,$B$5:$B$1517,B74,$C$5:$C$1517,"<"&C74),"") -> 266 | U74: =IF($K74=1,COUNTIFS($L$5:$L$1517,">="&L74,$K$5:$K$1517,1)/COUNTIF($L$5:$L$1517,">="&L74),0) -> 0 | V74: =IF($K74=1,COUNTIFS($M$5:$M$1517,">="&M74,$K$5:$K$1517,1)/COUNTIF($M$5:$M$1517,">="&M74),0) -> 0 | W74: =IF($K74=1,COUNTIFS($N$5:$N$1517,">="&N74,$K$5:$K$1517,1)/COUNTIF($N$5:$N$1517,">="&N74),0) -> 0 | X74: =IF($K74=1,COUNTIFS($O$5:$O$1517,">="&O74,$K$5:$K$1517,1)/COUNTIF($O$5:$O$1517,">="&O74),0) -> 0 | Y74: =IF($K74=1,COUNTIFS($P$5:$P$1517,">="&P74,$K$5:$K$1517,1)/COUNTIF($P$5:$P$1517,">="&P74),0) -> 0 | Z74: =(L74-$K74)^2 -> 0.4059512 | AA74: =(M74-$K74)^2 -> 0.008475596 | AB74: =(N74-$K74)^2 -> 0.0013328341 | AC74: =(O74-$K74)^2 -> 0.011274829 | AD74: =(P74-$K74)^2 -> 0.0013672985 | AE74: =MIN(INT(ROUND(N74*1000000,0)/100000),9) -> 0 | AF74: =MIN(INT(ROUND(P74*1000000,0)/100000),9) -> 0
A75: 71 | B75: 402 | C75: 0 | D75: 46054 | E75: enterprise | F75: amer | G75: 19 | H75: 0 | I75: 0 | K75: 0 | L75: 0.774622 | M75: 0.092063 | N75: 0.015943 | O75: 0.106183 | P75: 0.015522 | Q75: =IF(L75>=Models!$G$5,1+COUNTIF($L$5:$L$1517,">"&L75)+COUNTIFS($L$5:$L$1517,L75,$B$5:$B$1517,"<"&B75)+COUNTIFS($L$5:$L$1517,L75,$B$5:$B$1517,B75,$C$5:$C$1517,"<"&C75),"") | R75: =IF(M75>=Models!$G$6,1+COUNTIF($M$5:$M$1517,">"&M75)+COUNTIFS($M$5:$M$1517,M75,$B$5:$B$1517,"<"&B75)+COUNTIFS($M$5:$M$1517,M75,$B$5:$B$1517,B75,$C$5:$C$1517,"<"&C75),"") | S75: =IF(N75>=Models!$G$7,1+COUNTIF($N$5:$N$1517,">"&N75)+COUNTIFS($N$5:$N$1517,N75,$B$5:$B$1517,"<"&B75)+COUNTIFS($N$5:$N$1517,N75,$B$5:$B$1517,B75,$C$5:$C$1517,"<"&C75),"") | T75: =IF(O75>=Models!$G$8,1+COUNTIF($O$5:$O$1517,">"&O75)+COUNTIFS($O$5:$O$1517,O75,$B$5:$B$1517,"<"&B75)+COUNTIFS($O$5:$O$1517,O75,$B$5:$B$1517,B75,$C$5:$C$1517,"<"&C75),"") -> 270 | U75: =IF($K75=1,COUNTIFS($L$5:$L$1517,">="&L75,$K$5:$K$1517,1)/COUNTIF($L$5:$L$1517,">="&L75),0) -> 0 | V75: =IF($K75=1,COUNTIFS($M$5:$M$1517,">="&M75,$K$5:$K$1517,1)/COUNTIF($M$5:$M$1517,">="&M75),0) -> 0 | W75: =IF($K75=1,COUNTIFS($N$5:$N$1517,">="&N75,$K$5:$K$1517,1)/COUNTIF($N$5:$N$1517,">="&N75),0) -> 0 | X75: =IF($K75=1,COUNTIFS($O$5:$O$1517,">="&O75,$K$5:$K$1517,1)/COUNTIF($O$5:$O$1517,">="&O75),0) -> 0 | Y75: =IF($K75=1,COUNTIFS($P$5:$P$1517,">="&P75,$K$5:$K$1517,1)/COUNTIF($P$5:$P$1517,">="&P75),0) -> 0 | Z75: =(L75-$K75)^2 -> 0.60003924 | AA75: =(M75-$K75)^2 -> 0.008475596 | AB75: =(N75-$K75)^2 -> 0.00025417925 | AC75: =(O75-$K75)^2 -> 0.011274829 | AD75: =(P75-$K75)^2 -> 0.00024093248 | AE75: =MIN(INT(ROUND(N75*1000000,0)/100000),9) -> 0 | AF75: =MIN(INT(ROUND(P75*1000000,0)/100000),9) -> 0
A76: 72 | B76: 403 | C76: 0 | D76: 46054 | E76: mid | F76: apac | G76: 10 | H76: 1 | I76: 0 | K76: 0 | L76: 0.429392 | M76: 0.092063 | N76: 0.035415 | O76: 0.106183 | P76: 0.035819 | Q76: =IF(L76>=Models!$G$5,1+COUNTIF($L$5:$L$1517,">"&L76)+COUNTIFS($L$5:$L$1517,L76,$B$5:$B$1517,"<"&B76)+COUNTIFS($L$5:$L$1517,L76,$B$5:$B$1517,B76,$C$5:$C$1517,"<"&C76),"") | R76: =IF(M76>=Models!$G$6,1+COUNTIF($M$5:$M$1517,">"&M76)+COUNTIFS($M$5:$M$1517,M76,$B$5:$B$1517,"<"&B76)+COUNTIFS($M$5:$M$1517,M76,$B$5:$B$1517,B76,$C$5:$C$1517,"<"&C76),"") | S76: =IF(N76>=Models!$G$7,1+COUNTIF($N$5:$N$1517,">"&N76)+COUNTIFS($N$5:$N$1517,N76,$B$5:$B$1517,"<"&B76)+COUNTIFS($N$5:$N$1517,N76,$B$5:$B$1517,B76,$C$5:$C$1517,"<"&C76),"") | T76: =IF(O76>=Models!$G$8,1+COUNTIF($O$5:$O$1517,">"&O76)+COUNTIFS($O$5:$O$1517,O76,$B$5:$B$1517,"<"&B76)+COUNTIFS($O$5:$O$1517,O76,$B$5:$B$1517,B76,$C$5:$C$1517,"<"&C76),"") -> 274 | U76: =IF($K76=1,COUNTIFS($L$5:$L$1517,">="&L76,$K$5:$K$1517,1)/COUNTIF($L$5:$L$1517,">="&L76),0) -> 0 | V76: =IF($K76=1,COUNTIFS($M$5:$M$1517,">="&M76,$K$5:$K$1517,1)/COUNTIF($M$5:$M$1517,">="&M76),0) -> 0 | W76: =IF($K76=1,COUNTIFS($N$5:$N$1517,">="&N76,$K$5:$K$1517,1)/COUNTIF($N$5:$N$1517,">="&N76),0) -> 0 | X76: =IF($K76=1,COUNTIFS($O$5:$O$1517,">="&O76,$K$5:$K$1517,1)/COUNTIF($O$5:$O$1517,">="&O76),0) -> 0 | Y76: =IF($K76=1,COUNTIFS($P$5:$P$1517,">="&P76,$K$5:$K$1517,1)/COUNTIF($P$5:$P$1517,">="&P76),0) -> 0 | Z76: =(L76-$K76)^2 -> 0.18437749 | AA76: =(M76-$K76)^2 -> 0.008475596 | AB76: =(N76-$K76)^2 -> 0.0012542222 | AC76: =(O76-$K76)^2 -> 0.011274829 | AD76: =(P76-$K76)^2 -> 0.0012830008 | AE76: =MIN(INT(ROUND(N76*1000000,0)/100000),9) -> 0 | AF76: =MIN(INT(ROUND(P76*1000000,0)/100000),9) -> 0
