Workbook

Sheet Read me
A1: ProductSignal analyst workbook (P06-ART-05)
A2: SYNTHETIC DATA: every account, user and event is generated (seed 20261026); nothing describes a real product, customer or measurement.
A4: What it is | B4: A formula-driven workbook over the published synthetic snapshot of ProductSignal (600 accounts, 554 experiment assignments in two versions of one onboarding experiment). It recomputes the experiment read of any of the five logged analysis runs with live formulas: conversions, absolute and relative lift, Wilson and Newcombe intervals, the chi-square sample-ratio statistic, exposure, the guardrail, revenue per assigned account and the conclusive rule.
A5: The decision it supports | B5: Should an onboarding change ship, stop, or receive more investigation? Metrics shows, for the selected run, what the evidence was at that cutoff, and the check column compares every figure with the Python domain's value for the same run.
A6: How to read it without installing anything | B6: Open the .xlsx in any spreadsheet application, or read docs/workbook.md (it lists every sheet and the checked values). The delivered file already carries values calculated by LibreOffice for run an-004 (the final run of v1).
A7: How to use the switch | B7: Cutoff!B3 takes an-001, an-002, an-003, an-004 or an-005 (a list): the four v1 runs (an-001, an-002, an-003 are interim, an-004 is the final run at planned_end) and v2's one run (an-005). Every figure on Metrics follows it, including which assignments existed (the cutoff rule D-08).
A8: The sample ratio comes first | B8: When the sample-ratio verdict is MISMATCH (v2, an-005) every outcome row of Metrics shows the word withheld, as the site does: no lift of v2 is shown or decided on. The domain's figures are not pasted for those rows.
A9: Observed, constructed, hypothetical | B9: Everything here is OBSERVED in one draw of a synthetic world. The generator built the treatment effect (a designed +8.00 percentage points), a designed sample-ratio mismatch in v2 and an injected instrumentation gap (INJ-10) that reaches the published v1 lift: published +9.50, drawn +11.50, +9.96 excluding the 11 gap accounts. Four generator choices were made after looking at earlier drafts (docs/executive-memo.md). Nothing is a benefit to a real product. The v1 result is conclusive by a hair: the lower bound of the Newcombe interval is +0.000812.
A10: Inputs (blue) and formulas (black) | B10: Blue cells are typed inputs: the accounts, the assignments with their signup, activation, error and exposure instants (epoch seconds), the subscriptions, the runs and the plans. Black cells are formulas.
A11: What the formulas do NOT do | B11: They do not canonicalise the event log (received by the cutoff, deduplicated, identity forward only, bots and internal accounts excluded) or take the plan's sha256: the instants of the first signup, the activation and the first error inside the guardrail window are typed from the independent Python side. A signup whose earliest event arrives late while a later one arrives earlier would be read differently; none exists in this snapshot at the five runs (limit W-02, checked at build time).
A12: Provenance | B12: Dataset hash 12672f9c39402517083bbbbe9164cbefe3435361dff086eb0d9e16e60f9b66f8 (generator, seed 20261026, dataset ps-20261026-20261026), contract v1, code revision fdf911a. Built by artifacts/build_workbook.py with openpyxl 3.1.5.
A13: Recalculation status | B13: openpyxl wrote formulas only; LibreOffice (headless) recalculated the delivered file. Microsoft Excel was NOT run: nothing here was opened or recalculated by Excel (docs/workbook.md).

Sheet Cutoff
A1: The cutoff switch
A2: Type an-001 .. an-005 in B3 (a list). Every figure on Metrics and every flag column of Assignments follows it.
A3: selected run | B3: an-004
A10: selected cutoff (epoch seconds, UTC) | B10: =INDEX(Runs!$D$5:$D$9,B11) -> 1785628800
A11: selected position in Runs | B11: =MATCH($B$3,Runs!$A$5:$A$9,0) -> 4
A12: selected experiment version | B12: =INDEX(Runs!$B$5:$B$9,B11) -> xv-001
A13: selected planned_end (epoch) | B13: =INDEX(Plans!$B$5:$B$6,MATCH($B$12,Plans!$A$5:$A$6,0)) -> 1785628800 | C13: as-of epoch (2026-10-05T00:00:00Z), used by Accounts | D13: 1791158400
A14: selected run is interim (cutoff before planned_end) | B14: =B10<B13 -> FALSE
A16: activation window (seconds) | B16: =INDEX(Plans!$K$5:$K$6,MATCH($B$12,Plans!$A$5:$A$6,0))*86400 -> 604800
A17: guardrail window (seconds) | B17: =INDEX(Plans!$L$5:$L$6,MATCH($B$12,Plans!$A$5:$A$6,0))*86400 -> 604800
A18: z of the plan | B18: =INDEX(Plans!$G$5:$G$6,MATCH($B$12,Plans!$A$5:$A$6,0)) -> 1.959964
A19: alpha (1 - confidence) | B19: =1-INDEX(Plans!$H$5:$H$6,MATCH($B$12,Plans!$A$5:$A$6,0)) -> 0.05
A20: allocation control | B20: =INDEX(Plans!$E$5:$E$6,MATCH($B$12,Plans!$A$5:$A$6,0)) -> 0.5
A21: allocation treatment | B21: =INDEX(Plans!$F$5:$F$6,MATCH($B$12,Plans!$A$5:$A$6,0)) -> 0.5
A22: SRM p threshold | B22: =INDEX(Plans!$I$5:$I$6,MATCH($B$12,Plans!$A$5:$A$6,0)) -> 0.001
A23: SRM minimum expected cell | B23: =INDEX(Plans!$J$5:$J$6,MATCH($B$12,Plans!$A$5:$A$6,0)) -> 5
A24: revenue window from (epoch) | B24: =INDEX(Plans!$M$5:$M$6,MATCH($B$12,Plans!$A$5:$A$6,0)) -> 1775433600
A25: revenue window to (epoch) | B25: =INDEX(Plans!$N$5:$N$6,MATCH($B$12,Plans!$A$5:$A$6,0)) -> 1785628800
A26: plan frozen before the first logged run | B26: =INDEX(Plans!$C$5:$C$6,MATCH($B$12,Plans!$A$5:$A$6,0))<=INDEX(Plans!$D$5:$D$6,MATCH($B$12,Plans!$A$5:$A$6,0)) -> TRUE
A27: plan hash valid (typed) | B27: =INDEX(Plans!$P$5:$P$6,MATCH($B$12,Plans!$A$5:$A$6,0)) -> TRUE

Sheet Metrics
A1: Experiment read for the selected run (live formulas)
A2: Run: Cutoff!B3. Control, treatment and a combined/difference column. 'check' is TRUE when every figure of the row equals the Python domain's value for the same run within the tolerance (pasted on 'Domain reference'; for a sample-ratio MISMATCH the reference is the word withheld).
A3: selected run | B3: =Cutoff!B3 -> an-004 | D3: all checks TRUE | E3: =AND(I6:I44) -> TRUE
A4: outcomes withheld (sample ratio is a MISMATCH) | B4: =F12="MISMATCH" -> FALSE
A5: metric id | B5: metric | C5: unit | D5: control | E5: treatment | F5: combined / difference | G5: definition | H5: tolerance | I5: check
A6: assigned_accounts | B6: assigned accounts | C6: accounts | D6: =SUMIFS(Assignments!$L$2:$L$555,Assignments!$D$2:$D$555,"control") -> 200 | E6: =SUMIFS(Assignments!$L$2:$L$555,Assignments!$D$2:$D$555,"treatment") -> 200 | F6: =$D$6+$E$6 -> 400 | G6: Assignments of the selected version with assigned_at <= the cutoff (D-08): the first assignment of each account is its assignment. | H6: 0 | I6: =AND(IF(ISNUMBER(INDEX('Domain reference'!$B$5:$P$5,MATCH(Cutoff!$B$3&"|control",'Domain reference'!$B$4:$P$4,0))),IF(ISNUMBER(D6),ABS(D6-INDEX('Domain reference'!$B$5:$P$5,MATCH(Cutoff!$B$3&"|control",'Domain reference'!$B$4:$P$4,0)))<=$H6+0.0000000001,FALSE()),IF(ISBLANK(INDEX('Domain reference'!$B$5:$P$5,MATCH(Cutoff!$B$3&"|control",'Domain reference'!$B$4:$P$4,0))),D6="",D6=INDEX('Domain reference'!$B$5:$P$5,MATCH(Cutoff!$B$3&"|control",'Domain reference'!$B$4:$P$4,0)))),IF(ISNUMBER(INDEX('Domain reference'!$B$5:$P$5,MATCH(Cutoff!$B$3&"|treatment",'Domain reference'!$B$4:$P$4,0))),IF(ISNUMBER(E6),ABS(E6-INDEX('Domain reference'!$B$5:$P$5,MATCH(Cutoff!$B$3&"|treatment",'Domain reference'!$B$4:$P$4,0)))<=$H6+0.0000000001,FALSE()),IF(ISBLANK(INDEX('Domain reference'!$B$5:$P$5,MATCH(Cutoff!$B$3&"|treatment",'Domain reference'!$B$4:$P$4,0))),E6="",E6=INDEX('Domain reference'!$B$5:$P$5,MATCH(Cutoff!$B$3&"|treatment",'Domain reference'!$B$4:$P$4,0)))),IF(ISNUMBER(INDEX('Domain reference'!$B$5:$P$5,MATCH(Cutoff!$B$3&"|combined",'Domain reference'!$B$4:$P$4,0))),IF(ISNUMBER(F6),ABS(F6-INDEX('Domain reference'!$B$5:$P$5,MATCH(Cutoff!$B$3&"|combined",'Domain reference'!$B$4:$P$4,0)))<=$H6+0.0000000001,FALSE()),IF(ISBLANK(INDEX('Domain reference'!$B$5:$P$5,MATCH(Cutoff!$B$3&"|combined",'Domain reference'!$B$4:$P$4,0))),F6="",F6=INDEX('Domain reference'!$B$5:$P$5,MATCH(Cutoff!$B$3&"|combined",'Domain reference'!$B$4:$P$4,0))))) -> TRUE
A7: mature_accounts | B7: mature assigned accounts | C7: accounts | D7: =COUNTIFS(Assignments!$D$2:$D$555,"control",Assignments!$N$2:$N$555,1) -> 200 | E7: =COUNTIFS(Assignments!$D$2:$D$555,"treatment",Assignments!$N$2:$N$555,1) -> 200 | F7: =$D$7+$E$7 -> 400 | G7: Assigned accounts whose signup (the earliest signup event received by the cutoff) + 7 x 24 h <= the cutoff. | H7: 0 | I7: =AND(IF(ISNUMBER(INDEX('Domain reference'!$B$6:$P$6,MATCH(Cutoff!$B$3&"|control",'Domain reference'!$B$4:$P$4,0))),IF(ISNUMBER(D7),ABS(D7-INDEX('Domain reference'!$B$6:$P$6,MATCH(Cutoff!$B$3&"|control",'Domain reference'!$B$4:$P$4,0)))<=$H7+0.0000000001,FALSE()),IF(ISBLANK(INDEX('Domain reference'!$B$6:$P$6,MATCH(Cutoff!$B$3&"|control",'Domain reference'!$B$4:$P$4,0))),D7="",D7=INDEX('Domain reference'!$B$6:$P$6,MATCH(Cutoff!$B$3&"|control",'Domain reference'!$B$4:$P$4,0)))),IF(ISNUMBER(INDEX('Domain reference'!$B$6:$P$6,MATCH(Cutoff!$B$3&"|treatment",'Domain reference'!$B$4:$P$4,0))),IF(ISNUMBER(E7),ABS(E7-INDEX('Domain reference'!$B$6:$P$6,MATCH(Cutoff!$B$3&"|treatment",'Domain reference'!$B$4:$P$4,0)))<=$H7+0.0000000001,FALSE()),IF(ISBLANK(INDEX('Domain reference'!$B$6:$P$6,MATCH(Cutoff!$B$3&"|treatment",'Domain reference'!$B$4:$P$4,0))),E7="",E7=INDEX('Domain reference'!$B$6:$P$6,MATCH(Cutoff!$B$3&"|treatment",'Domain reference'!$B$4:$P$4,0)))),IF(ISNUMBER(INDEX('Domain reference'!$B$6:$P$6,MATCH(Cutoff!$B$3&"|combined",'Domain reference'!$B$4:$P$4,0))),IF(ISNUMBER(F7),ABS(F7-INDEX('Domain reference'!$B$6:$P$6,MATCH(Cutoff!$B$3&"|combined",'Domain reference'!$B$4:$P$4,0)))<=$H7+0.0000000001,FALSE()),IF(ISBLANK(INDEX('Domain reference'!$B$6:$P$6,MATCH(Cutoff!$B$3&"|combined",'Domain reference'!$B$4:$P$4,0))),F7="",F7=INDEX('Domain reference'!$B$6:$P$6,MATCH(Cutoff!$B$3&"|combined",'Domain reference'!$B$4:$P$4,0))))) -> TRUE
A8: immature_or_unobserved | B8: assigned, not yet mature | C8: accounts | D8: =$D$6-$D$7 -> 0 | E8: =$E$6-$E$7 -> 0 | F8: =$F$6-$F$7 -> 0 | G8: Assigned minus mature: counted apart and in no rate. | H8: 0 | I8: =AND(IF(ISNUMBER(INDEX('Domain reference'!$B$7:$P$7,MATCH(Cutoff!$B$3&"|control",'Domain reference'!$B$4:$P$4,0))),IF(ISNUMBER(D8),ABS(D8-INDEX('Domain reference'!$B$7:$P$7,MATCH(Cutoff!$B$3&"|control",'Domain reference'!$B$4:$P$4,0)))<=$H8+0.0000000001,FALSE()),IF(ISBLANK(INDEX('Domain reference'!$B$7:$P$7,MATCH(Cutoff!$B$3&"|control",'Domain reference'!$B$4:$P$4,0))),D8="",D8=INDEX('Domain reference'!$B$7:$P$7,MATCH(Cutoff!$B$3&"|control",'Domain reference'!$B$4:$P$4,0)))),IF(ISNUMBER(INDEX('Domain reference'!$B$7:$P$7,MATCH(Cutoff!$B$3&"|treatment",'Domain reference'!$B$4:$P$4,0))),IF(ISNUMBER(E8),ABS(E8-INDEX('Domain reference'!$B$7:$P$7,MATCH(Cutoff!$B$3&"|treatment",'Domain reference'!$B$4:$P$4,0)))<=$H8+0.0000000001,FALSE()),IF(ISBLANK(INDEX('Domain reference'!$B$7:$P$7,MATCH(Cutoff!$B$3&"|treatment",'Domain reference'!$B$4:$P$4,0))),E8="",E8=INDEX('Domain reference'!$B$7:$P$7,MATCH(Cutoff!$B$3&"|treatment",'Domain reference'!$B$4:$P$4,0)))),IF(ISNUMBER(INDEX('Domain reference'!$B$7:$P$7,MATCH(Cutoff!$B$3&"|combined",'Domain reference'!$B$4:$P$4,0))),IF(ISNUMBER(F8),ABS(F8-INDEX('Domain reference'!$B$7:$P$7,MATCH(Cutoff!$B$3&"|combined",'Domain reference'!$B$4:$P$4,0)))<=$H8+0.0000000001,FALSE()),IF(ISBLANK(INDEX('Domain reference'!$B$7:$P$7,MATCH(Cutoff!$B$3&"|combined",'Domain reference'!$B$4:$P$4,0))),F8="",F8=INDEX('Domain reference'!$B$7:$P$7,MATCH(Cutoff!$B$3&"|combined",'Domain reference'!$B$4:$P$4,0))))) -> TRUE
A9: srm_expected | B9: expected assignments under the allocation | C9: accounts | D9: =$F$6*Cutoff!$B$20 -> 200 | E9: =$F$6*Cutoff!$B$21 -> 200 | G9: Total assigned x the plan's allocation of the arm. | H9: 5e-07 | I9: =AND(IF(ISNUMBER(INDEX('Domain reference'!$B$8:$P$8,MATCH(Cutoff!$B$3&"|control",'Domain reference'!$B$4:$P$4,0))),IF(ISNUMBER(D9),ABS(D9-INDEX('Domain reference'!$B$8:$P$8,MATCH(Cutoff!$B$3&"|control",'Domain reference'!$B$4:$P$4,0)))<=$H9+0.0000000001,FALSE()),IF(ISBLANK(INDEX('Domain reference'!$B$8:$P$8,MATCH(Cutoff!$B$3&"|control",'Domain reference'!$B$4:$P$4,0))),D9="",D9=INDEX('Domain reference'!$B$8:$P$8,MATCH(Cutoff!$B$3&"|control",'Domain reference'!$B$4:$P$4,0)))),IF(ISNUMBER(INDEX('Domain reference'!$B$8:$P$8,MATCH(Cutoff!$B$3&"|treatment",'Domain reference'!$B$4:$P$4,0))),IF(ISNUMBER(E9),ABS(E9-INDEX('Domain reference'!$B$8:$P$8,MATCH(Cutoff!$B$3&"|treatment",'Domain reference'!$B$4:$P$4,0)))<=$H9+0.0000000001,FALSE()),IF(ISBLANK(INDEX('Domain reference'!$B$8:$P$8,MATCH(Cutoff!$B$3&"|treatment",'Domain reference'!$B$4:$P$4,0))),E9="",E9=INDEX('Domain reference'!$B$8:$P$8,MATCH(Cutoff!$B$3&"|treatment",'Domain reference'!$B$4:$P$4,0))))) -> TRUE
A10: srm_statistic | B10: sample-ratio chi-square statistic | C10: chi-square, df 1 | F10: =IF($F$6=0,"",($D$6-$D$9)^2/$D$9+($E$6-$E$9)^2/$E$9) -> 0 | G10: Sum of (observed - expected)^2 / expected over the two arms. | H10: 5e-07 | I10: =AND(IF(ISNUMBER(INDEX('Domain reference'!$B$9:$P$9,MATCH(Cutoff!$B$3&"|combined",'Domain reference'!$B$4:$P$4,0))),IF(ISNUMBER(F10),ABS(F10-INDEX('Domain reference'!$B$9:$P$9,MATCH(Cutoff!$B$3&"|combined",'Domain reference'!$B$4:$P$4,0)))<=$H10+0.0000000001,FALSE()),IF(ISBLANK(INDEX('Domain reference'!$B$9:$P$9,MATCH(Cutoff!$B$3&"|combined",'Domain reference'!$B$4:$P$4,0))),F10="",F10=INDEX('Domain reference'!$B$9:$P$9,MATCH(Cutoff!$B$3&"|combined",'Domain reference'!$B$4:$P$4,0))))) -> TRUE
A11: srm_p_value | B11: sample-ratio p-value | C11: probability | F11: =IF($F$10="","",CHIDIST($F$10,1)) -> 1 | G11: CHIDIST(statistic, 1); the domain publishes it to six decimals. | H11: 5e-07 | I11: =AND(IF(ISNUMBER(INDEX('Domain reference'!$B$10:$P$10,MATCH(Cutoff!$B$3&"|combined",'Domain reference'!$B$4:$P$4,0))),IF(ISNUMBER(F11),ABS(F11-INDEX('Domain reference'!$B$10:$P$10,MATCH(Cutoff!$B$3&"|combined",'Domain reference'!$B$4:$P$4,0)))<=$H11+0.0000000001,FALSE()),IF(ISBLANK(INDEX('Domain reference'!$B$10:$P$10,MATCH(Cutoff!$B$3&"|combined",'Domain reference'!$B$4:$P$4,0))),F11="",F11=INDEX('Domain reference'!$B$10:$P$10,MATCH(Cutoff!$B$3&"|combined",'Domain reference'!$B$4:$P$4,0))))) -> TRUE
A12: srm_verdict | B12: sample-ratio verdict | C12: text | F12: =IF($F$6=0,"INSUFFICIENT",IF(MIN($D$9,$E$9)<Cutoff!$B$23,"INSUFFICIENT",IF($F$11<Cutoff!$B$22,"MISMATCH","OK"))) -> OK | G12: INSUFFICIENT when an expected cell is below the plan's minimum, MISMATCH when p is below the plan's threshold, else OK. | H12: 0 | I12: =AND(IF(ISNUMBER(INDEX('Domain reference'!$B$11:$P$11,MATCH(Cutoff!$B$3&"|combined",'Domain reference'!$B$4:$P$4,0))),IF(ISNUMBER(F12),ABS(F12-INDEX('Domain reference'!$B$11:$P$11,MATCH(Cutoff!$B$3&"|combined",'Domain reference'!$B$4:$P$4,0)))<=$H12+0.0000000001,FALSE()),IF(ISBLANK(INDEX('Domain reference'!$B$11:$P$11,MATCH(Cutoff!$B$3&"|combined",'Domain reference'!$B$4:$P$4,0))),F12="",F12=INDEX('Domain reference'!$B$11:$P$11,MATCH(Cutoff!$B$3&"|combined",'Domain reference'!$B$4:$P$4,0))))) -> TRUE
A13: exposure_rate | B13: exposure rate | C13: share | D13: =IF($D$7=0,"",COUNTIFS(Assignments!$D$2:$D$555,"control",Assignments!$N$2:$N$555,1,Assignments!$P$2:$P$555,1)/$D$7) -> 0.875 | E13: =IF($E$7=0,"",COUNTIFS(Assignments!$D$2:$D$555,"treatment",Assignments!$N$2:$N$555,1,Assignments!$P$2:$P$555,1)/$E$7) -> 0.87 | G13: Mature assigned accounts with an exposure by the cutoff / mature assigned accounts (reported beside intention to treat, never a denominator). | H13: 5e-07 | I13: =AND(IF(ISNUMBER(INDEX('Domain reference'!$B$12:$P$12,MATCH(Cutoff!$B$3&"|control",'Domain reference'!$B$4:$P$4,0))),IF(ISNUMBER(D13),ABS(D13-INDEX('Domain reference'!$B$12:$P$12,MATCH(Cutoff!$B$3&"|control",'Domain reference'!$B$4:$P$4,0)))<=$H13+0.0000000001,FALSE()),IF(ISBLANK(INDEX('Domain reference'!$B$12:$P$12,MATCH(Cutoff!$B$3&"|control",'Domain reference'!$B$4:$P$4,0))),D13="",D13=INDEX('Domain reference'!$B$12:$P$12,MATCH(Cutoff!$B$3&"|control",'Domain reference'!$B$4:$P$4,0)))),IF(ISNUMBER(INDEX('Domain reference'!$B$12:$P$12,MATCH(Cutoff!$B$3&"|treatment",'Domain reference'!$B$4:$P$4,0))),IF(ISNUMBER(E13),ABS(E13-INDEX('Domain reference'!$B$12:$P$12,MATCH(Cutoff!$B$3&"|treatment",'Domain reference'!$B$4:$P$4,0)))<=$H13+0.0000000001,FALSE()),IF(ISBLANK(INDEX('Domain reference'!$B$12:$P$12,MATCH(Cutoff!$B$3&"|treatment",'Domain reference'!$B$4:$P$4,0))),E13="",E13=INDEX('Domain reference'!$B$12:$P$12,MATCH(Cutoff!$B$3&"|treatment",'Domain reference'!$B$4:$P$4,0))))) -> TRUE
A14: activated_accounts | B14: activated within 7 days | C14: accounts | D14: =IF($B$4,"withheld",COUNTIFS(Assignments!$D$2:$D$555,"control",Assignments!$O$2:$O$555,1)) -> 63 | E14: =IF($B$4,"withheld",COUNTIFS(Assignments!$D$2:$D$555,"treatment",Assignments!$O$2:$O$555,1)) -> 82 | G14: Mature accounts with an activation at or after max(signup, assigned_at) and before signup + 7 x 24 h, received by the cutoff (D-10). | H14: 0 | I14: =AND(IF(ISNUMBER(INDEX('Domain reference'!$B$13:$P$13,MATCH(Cutoff!$B$3&"|control",'Domain reference'!$B$4:$P$4,0))),IF(ISNUMBER(D14),ABS(D14-INDEX('Domain reference'!$B$13:$P$13,MATCH(Cutoff!$B$3&"|control",'Domain reference'!$B$4:$P$4,0)))<=$H14+0.0000000001,FALSE()),IF(ISBLANK(INDEX('Domain reference'!$B$13:$P$13,MATCH(Cutoff!$B$3&"|control",'Domain reference'!$B$4:$P$4,0))),D14="",D14=INDEX('Domain reference'!$B$13:$P$13,MATCH(Cutoff!$B$3&"|control",'Domain reference'!$B$4:$P$4,0)))),IF(ISNUMBER(INDEX('Domain reference'!$B$13:$P$13,MATCH(Cutoff!$B$3&"|treatment",'Domain reference'!$B$4:$P$4,0))),IF(ISNUMBER(E14),ABS(E14-INDEX('Domain reference'!$B$13:$P$13,MATCH(Cutoff!$B$3&"|treatment",'Domain reference'!$B$4:$P$4,0)))<=$H14+0.0000000001,FALSE()),IF(ISBLANK(INDEX('Domain reference'!$B$13:$P$13,MATCH(Cutoff!$B$3&"|treatment",'Domain reference'!$B$4:$P$4,0))),E14="",E14=INDEX('Domain reference'!$B$13:$P$13,MATCH(Cutoff!$B$3&"|treatment",'Domain reference'!$B$4:$P$4,0))))) -> TRUE
A15: conversion_rate | B15: activation conversion (intention to treat) | C15: share | D15: =IF($B$4,"withheld",IF($D$7=0,"",$D$14/$D$7)) -> 0.315 | E15: =IF($B$4,"withheld",IF($E$7=0,"",$E$14/$E$7)) -> 0.41 | G15: Activated / mature assigned accounts, six decimals in the domain. | H15: 5e-07 | I15: =AND(IF(ISNUMBER(INDEX('Domain reference'!$B$14:$P$14,MATCH(Cutoff!$B$3&"|control",'Domain reference'!$B$4:$P$4,0))),IF(ISNUMBER(D15),ABS(D15-INDEX('Domain reference'!$B$14:$P$14,MATCH(Cutoff!$B$3&"|control",'Domain reference'!$B$4:$P$4,0)))<=$H15+0.0000000001,FALSE()),IF(ISBLANK(INDEX('Domain reference'!$B$14:$P$14,MATCH(Cutoff!$B$3&"|control",'Domain reference'!$B$4:$P$4,0))),D15="",D15=INDEX('Domain reference'!$B$14:$P$14,MATCH(Cutoff!$B$3&"|control",'Domain reference'!$B$4:$P$4,0)))),IF(ISNUMBER(INDEX('Domain reference'!$B$14:$P$14,MATCH(Cutoff!$B$3&"|treatment",'Domain reference'!$B$4:$P$4,0))),IF(ISNUMBER(E15),ABS(E15-INDEX('Domain reference'!$B$14:$P$14,MATCH(Cutoff!$B$3&"|treatment",'Domain reference'!$B$4:$P$4,0)))<=$H15+0.0000000001,FALSE()),IF(ISBLANK(INDEX('Domain reference'!$B$14:$P$14,MATCH(Cutoff!$B$3&"|treatment",'Domain reference'!$B$4:$P$4,0))),E15="",E15=INDEX('Domain reference'!$B$14:$P$14,MATCH(Cutoff!$B$3&"|treatment",'Domain reference'!$B$4:$P$4,0))))) -> TRUE
A16: wilson_low | B16: Wilson 95% low | C16: share | D16: =IF($B$4,"withheld",IF($D$7=0,"",(($D$14/$D$7)+Cutoff!$B$18^2/(2*$D$7)-Cutoff!$B$18*SQRT(($D$14/$D$7)*(1-($D$14/$D$7))/$D$7+Cutoff!$B$18^2/(4*$D$7^2)))/(1+Cutoff!$B$18^2/$D$7))) -> 0.25462321 | E16: =IF($B$4,"withheld",IF($E$7=0,"",(($E$14/$E$7)+Cutoff!$B$18^2/(2*$E$7)-Cutoff!$B$18*SQRT(($E$14/$E$7)*(1-($E$14/$E$7))/$E$7+Cutoff!$B$18^2/(4*$E$7^2)))/(1+Cutoff!$B$18^2/$E$7))) -> 0.34415675 | G16: Wilson score interval of the arm's conversion at the plan's z. | H16: 5e-07 | I16: =AND(IF(ISNUMBER(INDEX('Domain reference'!$B$15:$P$15,MATCH(Cutoff!$B$3&"|control",'Domain reference'!$B$4:$P$4,0))),IF(ISNUMBER(D16),ABS(D16-INDEX('Domain reference'!$B$15:$P$15,MATCH(Cutoff!$B$3&"|control",'Domain reference'!$B$4:$P$4,0)))<=$H16+0.0000000001,FALSE()),IF(ISBLANK(INDEX('Domain reference'!$B$15:$P$15,MATCH(Cutoff!$B$3&"|control",'Domain reference'!$B$4:$P$4,0))),D16="",D16=INDEX('Domain reference'!$B$15:$P$15,MATCH(Cutoff!$B$3&"|control",'Domain reference'!$B$4:$P$4,0)))),IF(ISNUMBER(INDEX('Domain reference'!$B$15:$P$15,MATCH(Cutoff!$B$3&"|treatment",'Domain reference'!$B$4:$P$4,0))),IF(ISNUMBER(E16),ABS(E16-INDEX('Domain reference'!$B$15:$P$15,MATCH(Cutoff!$B$3&"|treatment",'Domain reference'!$B$4:$P$4,0)))<=$H16+0.0000000001,FALSE()),IF(ISBLANK(INDEX('Domain reference'!$B$15:$P$15,MATCH(Cutoff!$B$3&"|treatment",'Domain reference'!$B$4:$P$4,0))),E16="",E16=INDEX('Domain reference'!$B$15:$P$15,MATCH(Cutoff!$B$3&"|treatment",'Domain reference'!$B$4:$P$4,0))))) -> TRUE
A17: wilson_high | B17: Wilson 95% high | C17: share | D17: =IF($B$4,"withheld",IF($D$7=0,"",(($D$14/$D$7)+Cutoff!$B$18^2/(2*$D$7)+Cutoff!$B$18*SQRT(($D$14/$D$7)*(1-($D$14/$D$7))/$D$7+Cutoff!$B$18^2/(4*$D$7^2)))/(1+Cutoff!$B$18^2/$D$7))) -> 0.38234956 | E17: =IF($B$4,"withheld",IF($E$7=0,"",(($E$14/$E$7)+Cutoff!$B$18^2/(2*$E$7)+Cutoff!$B$18*SQRT(($E$14/$E$7)*(1-($E$14/$E$7))/$E$7+Cutoff!$B$18^2/(4*$E$7^2)))/(1+Cutoff!$B$18^2/$E$7))) -> 0.47923541 | G17: As above. | H17: 5e-07 | I17: =AND(IF(ISNUMBER(INDEX('Domain reference'!$B$16:$P$16,MATCH(Cutoff!$B$3&"|control",'Domain reference'!$B$4:$P$4,0))),IF(ISNUMBER(D17),ABS(D17-INDEX('Domain reference'!$B$16:$P$16,MATCH(Cutoff!$B$3&"|control",'Domain reference'!$B$4:$P$4,0)))<=$H17+0.0000000001,FALSE()),IF(ISBLANK(INDEX('Domain reference'!$B$16:$P$16,MATCH(Cutoff!$B$3&"|control",'Domain reference'!$B$4:$P$4,0))),D17="",D17=INDEX('Domain reference'!$B$16:$P$16,MATCH(Cutoff!$B$3&"|control",'Domain reference'!$B$4:$P$4,0)))),IF(ISNUMBER(INDEX('Domain reference'!$B$16:$P$16,MATCH(Cutoff!$B$3&"|treatment",'Domain reference'!$B$4:$P$4,0))),IF(ISNUMBER(E17),ABS(E17-INDEX('Domain reference'!$B$16:$P$16,MATCH(Cutoff!$B$3&"|treatment",'Domain reference'!$B$4:$P$4,0)))<=$H17+0.0000000001,FALSE()),IF(ISBLANK(INDEX('Domain reference'!$B$16:$P$16,MATCH(Cutoff!$B$3&"|treatment",'Domain reference'!$B$4:$P$4,0))),E17="",E17=INDEX('Domain reference'!$B$16:$P$16,MATCH(Cutoff!$B$3&"|treatment",'Domain reference'!$B$4:$P$4,0))))) -> TRUE
A18: absolute_lift_pp | B18: absolute lift (treatment - control) | C18: percentage points | F18: =IF($B$4,"withheld",IF(OR($D$7=0,$E$7=0),"",($E$15-$D$15)*100)) -> 9.5 | G18: (treatment conversion - control conversion) x 100. | H18: 0.005 | I18: =AND(IF(ISNUMBER(INDEX('Domain reference'!$B$17:$P$17,MATCH(Cutoff!$B$3&"|combined",'Domain reference'!$B$4:$P$4,0))),IF(ISNUMBER(F18),ABS(F18-INDEX('Domain reference'!$B$17:$P$17,MATCH(Cutoff!$B$3&"|combined",'Domain reference'!$B$4:$P$4,0)))<=$H18+0.0000000001,FALSE()),IF(ISBLANK(INDEX('Domain reference'!$B$17:$P$17,MATCH(Cutoff!$B$3&"|combined",'Domain reference'!$B$4:$P$4,0))),F18="",F18=INDEX('Domain reference'!$B$17:$P$17,MATCH(Cutoff!$B$3&"|combined",'Domain reference'!$B$4:$P$4,0))))) -> TRUE
A19: relative_lift | B19: relative lift | C19: ratio | F19: =IF($B$4,"withheld",IF(OR($D$7=0,$E$7=0),"",IF($D$15=0,"",($E$15-$D$15)/$D$15))) -> 0.3015873 | G19: Absolute lift / control conversion; blank when the control conversion is 0. | H19: 5e-07 | I19: =AND(IF(ISNUMBER(INDEX('Domain reference'!$B$18:$P$18,MATCH(Cutoff!$B$3&"|combined",'Domain reference'!$B$4:$P$4,0))),IF(ISNUMBER(F19),ABS(F19-INDEX('Domain reference'!$B$18:$P$18,MATCH(Cutoff!$B$3&"|combined",'Domain reference'!$B$4:$P$4,0)))<=$H19+0.0000000001,FALSE()),IF(ISBLANK(INDEX('Domain reference'!$B$18:$P$18,MATCH(Cutoff!$B$3&"|combined",'Domain reference'!$B$4:$P$4,0))),F19="",F19=INDEX('Domain reference'!$B$18:$P$18,MATCH(Cutoff!$B$3&"|combined",'Domain reference'!$B$4:$P$4,0))))) -> TRUE
A20: newcombe_low | B20: Newcombe 95% low (difference) | C20: share difference | F20: =IF($B$4,"withheld",IF(OR($D$7=0,$E$7=0),"",($E$15-$D$15)-SQRT(($E$15-$E$16)^2+($D$17-$D$15)^2))) -> 0.00081243618 | G20: Newcombe hybrid score interval of treatment minus control from the two Wilson intervals. | H20: 5e-07 | I20: =AND(IF(ISNUMBER(INDEX('Domain reference'!$B$19:$P$19,MATCH(Cutoff!$B$3&"|combined",'Domain reference'!$B$4:$P$4,0))),IF(ISNUMBER(F20),ABS(F20-INDEX('Domain reference'!$B$19:$P$19,MATCH(Cutoff!$B$3&"|combined",'Domain reference'!$B$4:$P$4,0)))<=$H20+0.0000000001,FALSE()),IF(ISBLANK(INDEX('Domain reference'!$B$19:$P$19,MATCH(Cutoff!$B$3&"|combined",'Domain reference'!$B$4:$P$4,0))),F20="",F20=INDEX('Domain reference'!$B$19:$P$19,MATCH(Cutoff!$B$3&"|combined",'Domain reference'!$B$4:$P$4,0))))) -> TRUE
A21: newcombe_high | B21: Newcombe 95% high (difference) | C21: share difference | F21: =IF($B$4,"withheld",IF(OR($D$7=0,$E$7=0),"",($E$15-$D$15)+SQRT(($E$17-$E$15)^2+($D$15-$D$16)^2))) -> 0.18686348 | G21: As above. | H21: 5e-07 | I21: =AND(IF(ISNUMBER(INDEX('Domain reference'!$B$20:$P$20,MATCH(Cutoff!$B$3&"|combined",'Domain reference'!$B$4:$P$4,0))),IF(ISNUMBER(F21),ABS(F21-INDEX('Domain reference'!$B$20:$P$20,MATCH(Cutoff!$B$3&"|combined",'Domain reference'!$B$4:$P$4,0)))<=$H21+0.0000000001,FALSE()),IF(ISBLANK(INDEX('Domain reference'!$B$20:$P$20,MATCH(Cutoff!$B$3&"|combined",'Domain reference'!$B$4:$P$4,0))),F21="",F21=INDEX('Domain reference'!$B$20:$P$20,MATCH(Cutoff!$B$3&"|combined",'Domain reference'!$B$4:$P$4,0))))) -> TRUE
A22: interval_includes_zero | B22: interval includes 0 | C22: TRUE/FALSE | F22: =IF($B$4,"withheld",IF($F$20="",TRUE(),AND($F$20<=0,$F$21>=0))) -> FALSE | G22: low <= 0 <= high. | H22: 0 | I22: =AND(IF(ISNUMBER(INDEX('Domain reference'!$B$21:$P$21,MATCH(Cutoff!$B$3&"|combined",'Domain reference'!$B$4:$P$4,0))),IF(ISNUMBER(F22),ABS(F22-INDEX('Domain reference'!$B$21:$P$21,MATCH(Cutoff!$B$3&"|combined",'Domain reference'!$B$4:$P$4,0)))<=$H22+0.0000000001,FALSE()),IF(ISBLANK(INDEX('Domain reference'!$B$21:$P$21,MATCH(Cutoff!$B$3&"|combined",'Domain reference'!$B$4:$P$4,0))),F22="",F22=INDEX('Domain reference'!$B$21:$P$21,MATCH(Cutoff!$B$3&"|combined",'Domain reference'!$B$4:$P$4,0))))) -> TRUE
A23: interim | B23: interim run (cutoff before planned_end) | C23: TRUE/FALSE | F23: =Cutoff!$B$14 -> FALSE | G23: The cutoff is before the plan's planned_end; an interim run cannot support a ship decision. | H23: 0 | I23: =AND(IF(ISNUMBER(INDEX('Domain reference'!$B$22:$P$22,MATCH(Cutoff!$B$3&"|combined",'Domain reference'!$B$4:$P$4,0))),IF(ISNUMBER(F23),ABS(F23-INDEX('Domain reference'!$B$22:$P$22,MATCH(Cutoff!$B$3&"|combined",'Domain reference'!$B$4:$P$4,0)))<=$H23+0.0000000001,FALSE()),IF(ISBLANK(INDEX('Domain reference'!$B$22:$P$22,MATCH(Cutoff!$B$3&"|combined",'Domain reference'!$B$4:$P$4,0))),F23="",F23=INDEX('Domain reference'!$B$22:$P$22,MATCH(Cutoff!$B$3&"|combined",'Domain reference'!$B$4:$P$4,0))))) -> TRUE
A24: plan_frozen | B24: plan frozen before the first run | C24: TRUE/FALSE | F24: =Cutoff!$B$26 -> TRUE | G24: The plan's frozen_at is at or before the creation of the version's first logged run (typed from the plan and the run log). | H24: 0 | I24: =AND(IF(ISNUMBER(INDEX('Domain reference'!$B$23:$P$23,MATCH(Cutoff!$B$3&"|combined",'Domain reference'!$B$4:$P$4,0))),IF(ISNUMBER(F24),ABS(F24-INDEX('Domain reference'!$B$23:$P$23,MATCH(Cutoff!$B$3&"|combined",'Domain reference'!$B$4:$P$4,0)))<=$H24+0.0000000001,FALSE()),IF(ISBLANK(INDEX('Domain reference'!$B$23:$P$23,MATCH(Cutoff!$B$3&"|combined",'Domain reference'!$B$4:$P$4,0))),F24="",F24=INDEX('Domain reference'!$B$23:$P$23,MATCH(Cutoff!$B$3&"|combined",'Domain reference'!$B$4:$P$4,0))))) -> TRUE
A25: plan_hash_valid | B25: plan hash valid | C25: TRUE/FALSE | F25: =Cutoff!$B$27 -> TRUE | G25: config_hash is the sha256 of the key-sorted compact plan (typed: a spreadsheet cannot take a sha256; the domain and SQL do). | H25: 0 | I25: =AND(IF(ISNUMBER(INDEX('Domain reference'!$B$24:$P$24,MATCH(Cutoff!$B$3&"|combined",'Domain reference'!$B$4:$P$4,0))),IF(ISNUMBER(F25),ABS(F25-INDEX('Domain reference'!$B$24:$P$24,MATCH(Cutoff!$B$3&"|combined",'Domain reference'!$B$4:$P$4,0)))<=$H25+0.0000000001,FALSE()),IF(ISBLANK(INDEX('Domain reference'!$B$24:$P$24,MATCH(Cutoff!$B$3&"|combined",'Domain reference'!$B$4:$P$4,0))),F25="",F25=INDEX('Domain reference'!$B$24:$P$24,MATCH(Cutoff!$B$3&"|combined",'Domain reference'!$B$4:$P$4,0))))) -> TRUE
A26: conclusive | B26: conclusive (D-10) | C26: TRUE/FALSE | F26: =IF($B$4,"withheld",AND(NOT($F$22),NOT($F$23),$F$25,$F$24,$F$12="OK")) -> TRUE | G26: The interval excludes 0 AND a final run AND a valid plan hash AND a plan frozen before the first run AND a sample-ratio verdict of OK. | H26: 0 | I26: =AND(IF(ISNUMBER(INDEX('Domain reference'!$B$25:$P$25,MATCH(Cutoff!$B$3&"|combined",'Domain reference'!$B$4:$P$4,0))),IF(ISNUMBER(F26),ABS(F26-INDEX('Domain reference'!$B$25:$P$25,MATCH(Cutoff!$B$3&"|combined",'Domain reference'!$B$4:$P$4,0)))<=$H26+0.0000000001,FALSE()),IF(ISBLANK(INDEX('Domain reference'!$B$25:$P$25,MATCH(Cutoff!$B$3&"|combined",'Domain reference'!$B$4:$P$4,0))),F26="",F26=INDEX('Domain reference'!$B$25:$P$25,MATCH(Cutoff!$B$3&"|combined",'Domain reference'!$B$4:$P$4,0))))) -> TRUE
A27: guardrail_eligible | B27: guardrail: eligible accounts | C27: accounts | D27: =IF($B$4,"withheld",COUNTIFS(Assignments!$D$2:$D$555,"control",Assignments!$Q$2:$Q$555,1)) -> 200 | E27: =IF($B$4,"withheld",COUNTIFS(Assignments!$D$2:$D$555,"treatment",Assignments!$Q$2:$Q$555,1)) -> 200 | G27: Mature accounts whose 7 x 24 h guardrail window is complete at the cutoff (D-10). | H27: 0 | I27: =AND(IF(ISNUMBER(INDEX('Domain reference'!$B$26:$P$26,MATCH(Cutoff!$B$3&"|control",'Domain reference'!$B$4:$P$4,0))),IF(ISNUMBER(D27),ABS(D27-INDEX('Domain reference'!$B$26:$P$26,MATCH(Cutoff!$B$3&"|control",'Domain reference'!$B$4:$P$4,0)))<=$H27+0.0000000001,FALSE()),IF(ISBLANK(INDEX('Domain reference'!$B$26:$P$26,MATCH(Cutoff!$B$3&"|control",'Domain reference'!$B$4:$P$4,0))),D27="",D27=INDEX('Domain reference'!$B$26:$P$26,MATCH(Cutoff!$B$3&"|control",'Domain reference'!$B$4:$P$4,0)))),IF(ISNUMBER(INDEX('Domain reference'!$B$26:$P$26,MATCH(Cutoff!$B$3&"|treatment",'Domain reference'!$B$4:$P$4,0))),IF(ISNUMBER(E27),ABS(E27-INDEX('Domain reference'!$B$26:$P$26,MATCH(Cutoff!$B$3&"|treatment",'Domain reference'!$B$4:$P$4,0)))<=$H27+0.0000000001,FALSE()),IF(ISBLANK(INDEX('Domain reference'!$B$26:$P$26,MATCH(Cutoff!$B$3&"|treatment",'Domain reference'!$B$4:$P$4,0))),E27="",E27=INDEX('Domain reference'!$B$26:$P$26,MATCH(Cutoff!$B$3&"|treatment",'Domain reference'!$B$4:$P$4,0))))) -> TRUE
A28: guardrail_errors | B28: guardrail: accounts with a product_error | C28: accounts | D28: =IF($B$4,"withheld",COUNTIFS(Assignments!$D$2:$D$555,"control",Assignments!$R$2:$R$555,1)) -> 31 | E28: =IF($B$4,"withheld",COUNTIFS(Assignments!$D$2:$D$555,"treatment",Assignments!$R$2:$R$555,1)) -> 30 | G28: An analysed product_error in [assigned_at, assigned_at + 7 x 24 h), received by the cutoff. | H28: 0 | I28: =AND(IF(ISNUMBER(INDEX('Domain reference'!$B$27:$P$27,MATCH(Cutoff!$B$3&"|control",'Domain reference'!$B$4:$P$4,0))),IF(ISNUMBER(D28),ABS(D28-INDEX('Domain reference'!$B$27:$P$27,MATCH(Cutoff!$B$3&"|control",'Domain reference'!$B$4:$P$4,0)))<=$H28+0.0000000001,FALSE()),IF(ISBLANK(INDEX('Domain reference'!$B$27:$P$27,MATCH(Cutoff!$B$3&"|control",'Domain reference'!$B$4:$P$4,0))),D28="",D28=INDEX('Domain reference'!$B$27:$P$27,MATCH(Cutoff!$B$3&"|control",'Domain reference'!$B$4:$P$4,0)))),IF(ISNUMBER(INDEX('Domain reference'!$B$27:$P$27,MATCH(Cutoff!$B$3&"|treatment",'Domain reference'!$B$4:$P$4,0))),IF(ISNUMBER(E28),ABS(E28-INDEX('Domain reference'!$B$27:$P$27,MATCH(Cutoff!$B$3&"|treatment",'Domain reference'!$B$4:$P$4,0)))<=$H28+0.0000000001,FALSE()),IF(ISBLANK(INDEX('Domain reference'!$B$27:$P$27,MATCH(Cutoff!$B$3&"|treatment",'Domain reference'!$B$4:$P$4,0))),E28="",E28=INDEX('Domain reference'!$B$27:$P$27,MATCH(Cutoff!$B$3&"|treatment",'Domain reference'!$B$4:$P$4,0))))) -> TRUE
A29: guardrail_error_rate | B29: guardrail: error rate | C29: share | D29: =IF($B$4,"withheld",IF($D$27=0,"",$D$28/$D$27)) -> 0.155 | E29: =IF($B$4,"withheld",IF($E$27=0,"",$E$28/$E$27)) -> 0.15 | G29: Errors / eligible. | H29: 5e-07 | I29: =AND(IF(ISNUMBER(INDEX('Domain reference'!$B$28:$P$28,MATCH(Cutoff!$B$3&"|control",'Domain reference'!$B$4:$P$4,0))),IF(ISNUMBER(D29),ABS(D29-INDEX('Domain reference'!$B$28:$P$28,MATCH(Cutoff!$B$3&"|control",'Domain reference'!$B$4:$P$4,0)))<=$H29+0.0000000001,FALSE()),IF(ISBLANK(INDEX('Domain reference'!$B$28:$P$28,MATCH(Cutoff!$B$3&"|control",'Domain reference'!$B$4:$P$4,0))),D29="",D29=INDEX('Domain reference'!$B$28:$P$28,MATCH(Cutoff!$B$3&"|control",'Domain reference'!$B$4:$P$4,0)))),IF(ISNUMBER(INDEX('Domain reference'!$B$28:$P$28,MATCH(Cutoff!$B$3&"|treatment",'Domain reference'!$B$4:$P$4,0))),IF(ISNUMBER(E29),ABS(E29-INDEX('Domain reference'!$B$28:$P$28,MATCH(Cutoff!$B$3&"|treatment",'Domain reference'!$B$4:$P$4,0)))<=$H29+0.0000000001,FALSE()),IF(ISBLANK(INDEX('Domain reference'!$B$28:$P$28,MATCH(Cutoff!$B$3&"|treatment",'Domain reference'!$B$4:$P$4,0))),E29="",E29=INDEX('Domain reference'!$B$28:$P$28,MATCH(Cutoff!$B$3&"|treatment",'Domain reference'!$B$4:$P$4,0))))) -> TRUE
A30: guardrail_wilson_low | B30: guardrail: Wilson 95% low | C30: share | D30: =IF($B$4,"withheld",IF($D$27=0,"",(($D$28/$D$27)+Cutoff!$B$18^2/(2*$D$27)-Cutoff!$B$18*SQRT(($D$28/$D$27)*(1-($D$28/$D$27))/$D$27+Cutoff!$B$18^2/(4*$D$27^2)))/(1+Cutoff!$B$18^2/$D$27))) -> 0.11139637 | E30: =IF($B$4,"withheld",IF($E$27=0,"",(($E$28/$E$27)+Cutoff!$B$18^2/(2*$E$27)-Cutoff!$B$18*SQRT(($E$28/$E$27)*(1-($E$28/$E$27))/$E$27+Cutoff!$B$18^2/(4*$E$27^2)))/(1+Cutoff!$B$18^2/$E$27))) -> 0.10713594 | G30: Wilson interval of the error rate (intermediate for the Newcombe interval). | H30: 5e-07 | I30: =AND(IF(ISNUMBER(INDEX('Domain reference'!$B$29:$P$29,MATCH(Cutoff!$B$3&"|control",'Domain reference'!$B$4:$P$4,0))),IF(ISNUMBER(D30),ABS(D30-INDEX('Domain reference'!$B$29:$P$29,MATCH(Cutoff!$B$3&"|control",'Domain reference'!$B$4:$P$4,0)))<=$H30+0.0000000001,FALSE()),IF(ISBLANK(INDEX('Domain reference'!$B$29:$P$29,MATCH(Cutoff!$B$3&"|control",'Domain reference'!$B$4:$P$4,0))),D30="",D30=INDEX('Domain reference'!$B$29:$P$29,MATCH(Cutoff!$B$3&"|control",'Domain reference'!$B$4:$P$4,0)))),IF(ISNUMBER(INDEX('Domain reference'!$B$29:$P$29,MATCH(Cutoff!$B$3&"|treatment",'Domain reference'!$B$4:$P$4,0))),IF(ISNUMBER(E30),ABS(E30-INDEX('Domain reference'!$B$29:$P$29,MATCH(Cutoff!$B$3&"|treatment",'Domain reference'!$B$4:$P$4,0)))<=$H30+0.0000000001,FALSE()),IF(ISBLANK(INDEX('Domain reference'!$B$29:$P$29,MATCH(Cutoff!$B$3&"|treatment",'Domain reference'!$B$4:$P$4,0))),E30="",E30=INDEX('Domain reference'!$B$29:$P$29,MATCH(Cutoff!$B$3&"|treatment",'Domain reference'!$B$4:$P$4,0))))) -> TRUE
A31: guardrail_wilson_high | B31: guardrail: Wilson 95% high | C31: share | D31: =IF($B$4,"withheld",IF($D$27=0,"",(($D$28/$D$27)+Cutoff!$B$18^2/(2*$D$27)+Cutoff!$B$18*SQRT(($D$28/$D$27)*(1-($D$28/$D$27))/$D$27+Cutoff!$B$18^2/(4*$D$27^2)))/(1+Cutoff!$B$18^2/$D$27))) -> 0.21160691 | E31: =IF($B$4,"withheld",IF($E$27=0,"",(($E$28/$E$27)+Cutoff!$B$18^2/(2*$E$27)+Cutoff!$B$18*SQRT(($E$28/$E$27)*(1-($E$28/$E$27))/$E$27+Cutoff!$B$18^2/(4*$E$27^2)))/(1+Cutoff!$B$18^2/$E$27))) -> 0.20605579 | G31: As above. | H31: 5e-07 | I31: =AND(IF(ISNUMBER(INDEX('Domain reference'!$B$30:$P$30,MATCH(Cutoff!$B$3&"|control",'Domain reference'!$B$4:$P$4,0))),IF(ISNUMBER(D31),ABS(D31-INDEX('Domain reference'!$B$30:$P$30,MATCH(Cutoff!$B$3&"|control",'Domain reference'!$B$4:$P$4,0)))<=$H31+0.0000000001,FALSE()),IF(ISBLANK(INDEX('Domain reference'!$B$30:$P$30,MATCH(Cutoff!$B$3&"|control",'Domain reference'!$B$4:$P$4,0))),D31="",D31=INDEX('Domain reference'!$B$30:$P$30,MATCH(Cutoff!$B$3&"|control",'Domain reference'!$B$4:$P$4,0)))),IF(ISNUMBER(INDEX('Domain reference'!$B$30:$P$30,MATCH(Cutoff!$B$3&"|treatment",'Domain reference'!$B$4:$P$4,0))),IF(ISNUMBER(E31),ABS(E31-INDEX('Domain reference'!$B$30:$P$30,MATCH(Cutoff!$B$3&"|treatment",'Domain reference'!$B$4:$P$4,0)))<=$H31+0.0000000001,FALSE()),IF(ISBLANK(INDEX('Domain reference'!$B$30:$P$30,MATCH(Cutoff!$B$3&"|treatment",'Domain reference'!$B$4:$P$4,0))),E31="",E31=INDEX('Domain reference'!$B$30:$P$30,MATCH(Cutoff!$B$3&"|treatment",'Domain reference'!$B$4:$P$4,0))))) -> TRUE
A32: guardrail_difference_pp | B32: guardrail: error-rate difference (treatment - control) | C32: percentage points | F32: =IF($B$4,"withheld",IF(OR($D$27=0,$E$27=0),"",($E$29-$D$29)*100)) -> -0.5 | G32: (treatment rate - control rate) x 100. | H32: 0.005 | I32: =AND(IF(ISNUMBER(INDEX('Domain reference'!$B$31:$P$31,MATCH(Cutoff!$B$3&"|combined",'Domain reference'!$B$4:$P$4,0))),IF(ISNUMBER(F32),ABS(F32-INDEX('Domain reference'!$B$31:$P$31,MATCH(Cutoff!$B$3&"|combined",'Domain reference'!$B$4:$P$4,0)))<=$H32+0.0000000001,FALSE()),IF(ISBLANK(INDEX('Domain reference'!$B$31:$P$31,MATCH(Cutoff!$B$3&"|combined",'Domain reference'!$B$4:$P$4,0))),F32="",F32=INDEX('Domain reference'!$B$31:$P$31,MATCH(Cutoff!$B$3&"|combined",'Domain reference'!$B$4:$P$4,0))))) -> TRUE
A33: guardrail_newcombe_low | B33: guardrail: Newcombe 95% low | C33: share difference | F33: =IF($B$4,"withheld",IF(OR($D$27=0,$E$27=0),"",($E$29-$D$29)-SQRT(($E$29-$E$30)^2+($D$31-$D$29)^2))) -> -0.076004717 | G33: Newcombe interval of the error-rate difference. | H33: 5e-07 | I33: =AND(IF(ISNUMBER(INDEX('Domain reference'!$B$32:$P$32,MATCH(Cutoff!$B$3&"|combined",'Domain reference'!$B$4:$P$4,0))),IF(ISNUMBER(F33),ABS(F33-INDEX('Domain reference'!$B$32:$P$32,MATCH(Cutoff!$B$3&"|combined",'Domain reference'!$B$4:$P$4,0)))<=$H33+0.0000000001,FALSE()),IF(ISBLANK(INDEX('Domain reference'!$B$32:$P$32,MATCH(Cutoff!$B$3&"|combined",'Domain reference'!$B$4:$P$4,0))),F33="",F33=INDEX('Domain reference'!$B$32:$P$32,MATCH(Cutoff!$B$3&"|combined",'Domain reference'!$B$4:$P$4,0))))) -> TRUE
A34: guardrail_newcombe_high | B34: guardrail: Newcombe 95% high | C34: share difference | F34: =IF($B$4,"withheld",IF(OR($D$27=0,$E$27=0),"",($E$29-$D$29)+SQRT(($E$31-$E$29)^2+($D$29-$D$30)^2))) -> 0.066017805 | G34: As above. | H34: 5e-07 | I34: =AND(IF(ISNUMBER(INDEX('Domain reference'!$B$33:$P$33,MATCH(Cutoff!$B$3&"|combined",'Domain reference'!$B$4:$P$4,0))),IF(ISNUMBER(F34),ABS(F34-INDEX('Domain reference'!$B$33:$P$33,MATCH(Cutoff!$B$3&"|combined",'Domain reference'!$B$4:$P$4,0)))<=$H34+0.0000000001,FALSE()),IF(ISBLANK(INDEX('Domain reference'!$B$33:$P$33,MATCH(Cutoff!$B$3&"|combined",'Domain reference'!$B$4:$P$4,0))),F34="",F34=INDEX('Domain reference'!$B$33:$P$33,MATCH(Cutoff!$B$3&"|combined",'Domain reference'!$B$4:$P$4,0))))) -> TRUE
A35: guardrail_verdict | B35: guardrail verdict (C09) | C35: text | F35: =IF($B$4,"withheld",IF(OR($D$27=0,$E$27=0),"INSUFFICIENT",IF($F$33>0,"HARMFUL","OK"))) -> OK | G35: HARMFUL when the whole interval is above 0, INSUFFICIENT when an arm has no eligible account, else OK. | H35: 0 | I35: =AND(IF(ISNUMBER(INDEX('Domain reference'!$B$34:$P$34,MATCH(Cutoff!$B$3&"|combined",'Domain reference'!$B$4:$P$4,0))),IF(ISNUMBER(F35),ABS(F35-INDEX('Domain reference'!$B$34:$P$34,MATCH(Cutoff!$B$3&"|combined",'Domain reference'!$B$4:$P$4,0)))<=$H35+0.0000000001,FALSE()),IF(ISBLANK(INDEX('Domain reference'!$B$34:$P$34,MATCH(Cutoff!$B$3&"|combined",'Domain reference'!$B$4:$P$4,0))),F35="",F35=INDEX('Domain reference'!$B$34:$P$34,MATCH(Cutoff!$B$3&"|combined",'Domain reference'!$B$4:$P$4,0))))) -> TRUE
A36: revenue_total | B36: revenue (USD) | C36: USD | D36: =IF($B$4,"withheld",SUMIFS(Assignments!$S$2:$S$555,Assignments!$D$2:$D$555,"control")) -> 19566 | E36: =IF($B$4,"withheld",SUMIFS(Assignments!$S$2:$S$555,Assignments!$D$2:$D$555,"treatment")) -> 26190 | G36: Subscriptions active or ended, starts_at inside the plan's revenue window and <= the cutoff, of the mature assigned accounts. | H36: 0.005 | I36: =AND(IF(ISNUMBER(INDEX('Domain reference'!$B$35:$P$35,MATCH(Cutoff!$B$3&"|control",'Domain reference'!$B$4:$P$4,0))),IF(ISNUMBER(D36),ABS(D36-INDEX('Domain reference'!$B$35:$P$35,MATCH(Cutoff!$B$3&"|control",'Domain reference'!$B$4:$P$4,0)))<=$H36+0.0000000001,FALSE()),IF(ISBLANK(INDEX('Domain reference'!$B$35:$P$35,MATCH(Cutoff!$B$3&"|control",'Domain reference'!$B$4:$P$4,0))),D36="",D36=INDEX('Domain reference'!$B$35:$P$35,MATCH(Cutoff!$B$3&"|control",'Domain reference'!$B$4:$P$4,0)))),IF(ISNUMBER(INDEX('Domain reference'!$B$35:$P$35,MATCH(Cutoff!$B$3&"|treatment",'Domain reference'!$B$4:$P$4,0))),IF(ISNUMBER(E36),ABS(E36-INDEX('Domain reference'!$B$35:$P$35,MATCH(Cutoff!$B$3&"|treatment",'Domain reference'!$B$4:$P$4,0)))<=$H36+0.0000000001,FALSE()),IF(ISBLANK(INDEX('Domain reference'!$B$35:$P$35,MATCH(Cutoff!$B$3&"|treatment",'Domain reference'!$B$4:$P$4,0))),E36="",E36=INDEX('Domain reference'!$B$35:$P$35,MATCH(Cutoff!$B$3&"|treatment",'Domain reference'!$B$4:$P$4,0))))) -> TRUE
A37: revenue_per_assigned_account | B37: revenue per assigned account (USD) | C37: USD per account | D37: =IF($B$4,"withheld",IF($D$7=0,"",$D$36/$D$7)) -> 97.83 | E37: =IF($B$4,"withheld",IF($E$7=0,"",$E$36/$E$7)) -> 130.95 | G37: Revenue / mature assigned accounts, zeros included. | H37: 0.005 | I37: =AND(IF(ISNUMBER(INDEX('Domain reference'!$B$36:$P$36,MATCH(Cutoff!$B$3&"|control",'Domain reference'!$B$4:$P$4,0))),IF(ISNUMBER(D37),ABS(D37-INDEX('Domain reference'!$B$36:$P$36,MATCH(Cutoff!$B$3&"|control",'Domain reference'!$B$4:$P$4,0)))<=$H37+0.0000000001,FALSE()),IF(ISBLANK(INDEX('Domain reference'!$B$36:$P$36,MATCH(Cutoff!$B$3&"|control",'Domain reference'!$B$4:$P$4,0))),D37="",D37=INDEX('Domain reference'!$B$36:$P$36,MATCH(Cutoff!$B$3&"|control",'Domain reference'!$B$4:$P$4,0)))),IF(ISNUMBER(INDEX('Domain reference'!$B$36:$P$36,MATCH(Cutoff!$B$3&"|treatment",'Domain reference'!$B$4:$P$4,0))),IF(ISNUMBER(E37),ABS(E37-INDEX('Domain reference'!$B$36:$P$36,MATCH(Cutoff!$B$3&"|treatment",'Domain reference'!$B$4:$P$4,0)))<=$H37+0.0000000001,FALSE()),IF(ISBLANK(INDEX('Domain reference'!$B$36:$P$36,MATCH(Cutoff!$B$3&"|treatment",'Domain reference'!$B$4:$P$4,0))),E37="",E37=INDEX('Domain reference'!$B$36:$P$36,MATCH(Cutoff!$B$3&"|treatment",'Domain reference'!$B$4:$P$4,0))))) -> TRUE
A38: revenue_variance | B38: revenue: sample variance | C38: USD squared | D38: =IF($B$4,"withheld",IF($D$7<2,"",SUMPRODUCT((Assignments!$D$2:$D$555="control")*(Assignments!$N$2:$N$555=1)*(Assignments!$S$2:$S$555-$D$37)^2)/($D$7-1))) -> 77628.916 | E38: =IF($B$4,"withheld",IF($E$7<2,"",SUMPRODUCT((Assignments!$D$2:$D$555="treatment")*(Assignments!$N$2:$N$555=1)*(Assignments!$S$2:$S$555-$E$37)^2)/($E$7-1))) -> 100694.06 | G38: Sum of squared deviations of the account-level revenue / (n - 1). | H38: 0.005 | I38: =AND(IF(ISNUMBER(INDEX('Domain reference'!$B$37:$P$37,MATCH(Cutoff!$B$3&"|control",'Domain reference'!$B$4:$P$4,0))),IF(ISNUMBER(D38),ABS(D38-INDEX('Domain reference'!$B$37:$P$37,MATCH(Cutoff!$B$3&"|control",'Domain reference'!$B$4:$P$4,0)))<=$H38+0.0000000001,FALSE()),IF(ISBLANK(INDEX('Domain reference'!$B$37:$P$37,MATCH(Cutoff!$B$3&"|control",'Domain reference'!$B$4:$P$4,0))),D38="",D38=INDEX('Domain reference'!$B$37:$P$37,MATCH(Cutoff!$B$3&"|control",'Domain reference'!$B$4:$P$4,0)))),IF(ISNUMBER(INDEX('Domain reference'!$B$37:$P$37,MATCH(Cutoff!$B$3&"|treatment",'Domain reference'!$B$4:$P$4,0))),IF(ISNUMBER(E38),ABS(E38-INDEX('Domain reference'!$B$37:$P$37,MATCH(Cutoff!$B$3&"|treatment",'Domain reference'!$B$4:$P$4,0)))<=$H38+0.0000000001,FALSE()),IF(ISBLANK(INDEX('Domain reference'!$B$37:$P$37,MATCH(Cutoff!$B$3&"|treatment",'Domain reference'!$B$4:$P$4,0))),E38="",E38=INDEX('Domain reference'!$B$37:$P$37,MATCH(Cutoff!$B$3&"|treatment",'Domain reference'!$B$4:$P$4,0))))) -> TRUE
A39: revenue_t_low | B39: revenue: t interval low | C39: USD | D39: =IF($B$4,"withheld",IF($D$7<2,"",$D$37-TINV(Cutoff!$B$19,$D$7-1)*SQRT($D$38/$D$7))) -> 58.979725 | E39: =IF($B$4,"withheld",IF($E$7<2,"",$E$37-TINV(Cutoff!$B$19,$E$7-1)*SQRT($E$38/$E$7))) -> 86.702956 | G39: mean - t(0.975, n - 1) x sqrt(variance / n). | H39: 0.005 | I39: =AND(IF(ISNUMBER(INDEX('Domain reference'!$B$38:$P$38,MATCH(Cutoff!$B$3&"|control",'Domain reference'!$B$4:$P$4,0))),IF(ISNUMBER(D39),ABS(D39-INDEX('Domain reference'!$B$38:$P$38,MATCH(Cutoff!$B$3&"|control",'Domain reference'!$B$4:$P$4,0)))<=$H39+0.0000000001,FALSE()),IF(ISBLANK(INDEX('Domain reference'!$B$38:$P$38,MATCH(Cutoff!$B$3&"|control",'Domain reference'!$B$4:$P$4,0))),D39="",D39=INDEX('Domain reference'!$B$38:$P$38,MATCH(Cutoff!$B$3&"|control",'Domain reference'!$B$4:$P$4,0)))),IF(ISNUMBER(INDEX('Domain reference'!$B$38:$P$38,MATCH(Cutoff!$B$3&"|treatment",'Domain reference'!$B$4:$P$4,0))),IF(ISNUMBER(E39),ABS(E39-INDEX('Domain reference'!$B$38:$P$38,MATCH(Cutoff!$B$3&"|treatment",'Domain reference'!$B$4:$P$4,0)))<=$H39+0.0000000001,FALSE()),IF(ISBLANK(INDEX('Domain reference'!$B$38:$P$38,MATCH(Cutoff!$B$3&"|treatment",'Domain reference'!$B$4:$P$4,0))),E39="",E39=INDEX('Domain reference'!$B$38:$P$38,MATCH(Cutoff!$B$3&"|treatment",'Domain reference'!$B$4:$P$4,0))))) -> TRUE
A40: revenue_t_high | B40: revenue: t interval high | C40: USD | D40: =IF($B$4,"withheld",IF($D$7<2,"",$D$37+TINV(Cutoff!$B$19,$D$7-1)*SQRT($D$38/$D$7))) -> 136.68028 | E40: =IF($B$4,"withheld",IF($E$7<2,"",$E$37+TINV(Cutoff!$B$19,$E$7-1)*SQRT($E$38/$E$7))) -> 175.19704 | G40: mean + t(0.975, n - 1) x sqrt(variance / n). | H40: 0.005 | I40: =AND(IF(ISNUMBER(INDEX('Domain reference'!$B$39:$P$39,MATCH(Cutoff!$B$3&"|control",'Domain reference'!$B$4:$P$4,0))),IF(ISNUMBER(D40),ABS(D40-INDEX('Domain reference'!$B$39:$P$39,MATCH(Cutoff!$B$3&"|control",'Domain reference'!$B$4:$P$4,0)))<=$H40+0.0000000001,FALSE()),IF(ISBLANK(INDEX('Domain reference'!$B$39:$P$39,MATCH(Cutoff!$B$3&"|control",'Domain reference'!$B$4:$P$4,0))),D40="",D40=INDEX('Domain reference'!$B$39:$P$39,MATCH(Cutoff!$B$3&"|control",'Domain reference'!$B$4:$P$4,0)))),IF(ISNUMBER(INDEX('Domain reference'!$B$39:$P$39,MATCH(Cutoff!$B$3&"|treatment",'Domain reference'!$B$4:$P$4,0))),IF(ISNUMBER(E40),ABS(E40-INDEX('Domain reference'!$B$39:$P$39,MATCH(Cutoff!$B$3&"|treatment",'Domain reference'!$B$4:$P$4,0)))<=$H40+0.0000000001,FALSE()),IF(ISBLANK(INDEX('Domain reference'!$B$39:$P$39,MATCH(Cutoff!$B$3&"|treatment",'Domain reference'!$B$4:$P$4,0))),E40="",E40=INDEX('Domain reference'!$B$39:$P$39,MATCH(Cutoff!$B$3&"|treatment",'Domain reference'!$B$4:$P$4,0))))) -> TRUE
A41: revenue_difference | B41: revenue difference of means (treatment - control) | C41: USD | F41: =IF($B$4,"withheld",IF(OR($D$7<2,$E$7<2),"",$E$37-$D$37)) -> 33.12 | G41: Treatment mean - control mean. | H41: 0.005 | I41: =AND(IF(ISNUMBER(INDEX('Domain reference'!$B$40:$P$40,MATCH(Cutoff!$B$3&"|combined",'Domain reference'!$B$4:$P$4,0))),IF(ISNUMBER(F41),ABS(F41-INDEX('Domain reference'!$B$40:$P$40,MATCH(Cutoff!$B$3&"|combined",'Domain reference'!$B$4:$P$4,0)))<=$H41+0.0000000001,FALSE()),IF(ISBLANK(INDEX('Domain reference'!$B$40:$P$40,MATCH(Cutoff!$B$3&"|combined",'Domain reference'!$B$4:$P$4,0))),F41="",F41=INDEX('Domain reference'!$B$40:$P$40,MATCH(Cutoff!$B$3&"|combined",'Domain reference'!$B$4:$P$4,0))))) -> TRUE
A42: welch_df | B42: Welch degrees of freedom (rounded down) | C42: df | F42: =IF($B$4,"withheld",IF(OR($D$7<2,$E$7<2),"",INT(($E$38/$E$7+$D$38/$D$7)^2/(($E$38/$E$7)^2/($E$7-1)+($D$38/$D$7)^2/($D$7-1))))) -> 391 | G42: Welch-Satterthwaite, rounded down so the interval is never narrower than the exact t. | H42: 0 | I42: =AND(IF(ISNUMBER(INDEX('Domain reference'!$B$41:$P$41,MATCH(Cutoff!$B$3&"|combined",'Domain reference'!$B$4:$P$4,0))),IF(ISNUMBER(F42),ABS(F42-INDEX('Domain reference'!$B$41:$P$41,MATCH(Cutoff!$B$3&"|combined",'Domain reference'!$B$4:$P$4,0)))<=$H42+0.0000000001,FALSE()),IF(ISBLANK(INDEX('Domain reference'!$B$41:$P$41,MATCH(Cutoff!$B$3&"|combined",'Domain reference'!$B$4:$P$4,0))),F42="",F42=INDEX('Domain reference'!$B$41:$P$41,MATCH(Cutoff!$B$3&"|combined",'Domain reference'!$B$4:$P$4,0))))) -> TRUE
A43: welch_low | B43: revenue difference: Welch 95% low | C43: USD | F43: =IF($B$4,"withheld",IF(OR($D$7<2,$E$7<2),"",$F$41-TINV(Cutoff!$B$19,$F$42)*SQRT(($E$38/$E$7+$D$38/$D$7)))) -> -25.586088 | G43: difference - t(0.975, df) x sqrt(se^2). | H43: 0.005 | I43: =AND(IF(ISNUMBER(INDEX('Domain reference'!$B$42:$P$42,MATCH(Cutoff!$B$3&"|combined",'Domain reference'!$B$4:$P$4,0))),IF(ISNUMBER(F43),ABS(F43-INDEX('Domain reference'!$B$42:$P$42,MATCH(Cutoff!$B$3&"|combined",'Domain reference'!$B$4:$P$4,0)))<=$H43+0.0000000001,FALSE()),IF(ISBLANK(INDEX('Domain reference'!$B$42:$P$42,MATCH(Cutoff!$B$3&"|combined",'Domain reference'!$B$4:$P$4,0))),F43="",F43=INDEX('Domain reference'!$B$42:$P$42,MATCH(Cutoff!$B$3&"|combined",'Domain reference'!$B$4:$P$4,0))))) -> TRUE
A44: welch_high | B44: revenue difference: Welch 95% high | C44: USD | F44: =IF($B$4,"withheld",IF(OR($D$7<2,$E$7<2),"",$F$41+TINV(Cutoff!$B$19,$F$42)*SQRT(($E$38/$E$7+$D$38/$D$7)))) -> 91.826088 | G44: As above. | H44: 0.005 | I44: =AND(IF(ISNUMBER(INDEX('Domain reference'!$B$43:$P$43,MATCH(Cutoff!$B$3&"|combined",'Domain reference'!$B$4:$P$4,0))),IF(ISNUMBER(F44),ABS(F44-INDEX('Domain reference'!$B$43:$P$43,MATCH(Cutoff!$B$3&"|combined",'Domain reference'!$B$4:$P$4,0)))<=$H44+0.0000000001,FALSE()),IF(ISBLANK(INDEX('Domain reference'!$B$43:$P$43,MATCH(Cutoff!$B$3&"|combined",'Domain reference'!$B$4:$P$4,0))),F44="",F44=INDEX('Domain reference'!$B$43:$P$43,MATCH(Cutoff!$B$3&"|combined",'Domain reference'!$B$4:$P$4,0))))) -> TRUE

Sheet Domain reference
A1: PASTED VALUES from the Python domain (run_pipeline, guardrail_review, revenue_difference), not formulas
A2: One column per run and scope: the domain's figure over web/public/data, exact decimals as numbers. Metrics reads these only for its check column. Blank = the domain publishes no such figure; the word withheld = an outcome of a run whose sample ratio is a MISMATCH.
A4: metric | B4: an-001|control | C4: an-001|treatment | D4: an-001|combined | E4: an-002|control | F4: an-002|treatment | G4: an-002|combined | H4: an-003|control | I4: an-003|treatment | J4: an-003|combined | K4: an-004|control | L4: an-004|treatment | M4: an-004|combined | N4: an-005|control | O4: an-005|treatment | P4: an-005|combined
A5: assigned_accounts | B5: 77 | C5: 78 | D5: 155 | E5: 127 | F5: 126 | G5: 253 | H5: 177 | I5: 176 | J5: 353 | K5: 200 | L5: 200 | M5: 400 | N5: 62 | O5: 92 | P5: 154
A6: mature_accounts | B6: 65 | C6: 64 | D6: 129 | E6: 114 | F6: 115 | G6: 229 | H6: 164 | I6: 164 | J6: 328 | K6: 200 | L6: 200 | M6: 400 | N6: 56 | O6: 87 | P6: 143
A7: immature_or_unobserved | B7: 12 | C7: 14 | D7: 26 | E7: 13 | F7: 11 | G7: 24 | H7: 13 | I7: 12 | J7: 25 | K7: 0 | L7: 0 | M7: 0 | N7: 6 | O7: 5 | P7: 11
A8: srm_expected | B8: 77.5 | C8: 77.5 | E8: 126.5 | F8: 126.5 | H8: 176.5 | I8: 176.5 | K8: 200 | L8: 200 | N8: 92.4 | O8: 61.6
A9: srm_statistic | D9: 0.006452 | G9: 0.003953 | J9: 0.002833 | M9: 0 | P9: 25.004329
A10: srm_p_value | D10: 0.935981 | G10: 0.94987 | J10: 0.957553 | M10: 1 | P10: 1e-06
A11: srm_verdict | D11: OK | G11: OK | J11: OK | M11: OK | P11: MISMATCH
A12: exposure_rate | B12: 0.892308 | C12: 0.8125 | E12: 0.877193 | F12: 0.86087 | H12: 0.890244 | I12: 0.871951 | K12: 0.875 | L12: 0.87 | N12: 0.928571 | O12: 0.873563
A13: activated_accounts | B13: 18 | C13: 25 | E13: 34 | F13: 48 | H13: 53 | I13: 68 | K13: 63 | L13: 82 | N13: withheld | O13: withheld
A14: conversion_rate | B14: 0.276923 | C14: 0.390625 | E14: 0.298246 | F14: 0.417391 | H14: 0.323171 | I14: 0.414634 | K14: 0.315 | L14: 0.41 | N14: withheld | O14: withheld
A15: wilson_low | B15: 0.182936 | C15: 0.280556 | E15: 0.221961 | F15: 0.331362 | H15: 0.256348 | I15: 0.34203 | K15: 0.254623 | L15: 0.344157 | N15: withheld | O15: withheld
A16: wilson_high | B16: 0.395806 | C16: 0.513081 | E16: 0.387684 | F16: 0.508761 | H16: 0.398088 | I16: 0.491146 | K16: 0.38235 | L16: 0.479235 | N16: withheld | O16: withheld
A17: absolute_lift_pp | D17: 11.37 | G17: 11.91 | J17: 9.15 | M17: 9.5 | P17: withheld
A18: relative_lift | D18: 0.41059 | G18: 0.399488 | J18: 0.283019 | M18: 0.301587 | P18: withheld
A19: newcombe_low | D19: -0.048312 | G19: -0.004952 | J19: -0.012863 | M19: 0.000812 | P19: withheld
A20: newcombe_high | D20: 0.268068 | G20: 0.238174 | J20: 0.193048 | M20: 0.186863 | P20: withheld
A21: interval_includes_zero | D21: =TRUE() -> TRUE | G21: =TRUE() -> TRUE | J21: =TRUE() -> TRUE | M21: =FALSE() -> FALSE | P21: withheld
A22: interim | D22: =TRUE() -> TRUE | G22: =TRUE() -> TRUE | J22: =TRUE() -> TRUE | M22: =FALSE() -> FALSE | P22: =FALSE() -> FALSE
A23: plan_frozen | D23: =TRUE() -> TRUE | G23: =TRUE() -> TRUE | J23: =TRUE() -> TRUE | M23: =TRUE() -> TRUE | P23: =TRUE() -> TRUE
A24: plan_hash_valid | D24: =TRUE() -> TRUE | G24: =TRUE() -> TRUE | J24: =TRUE() -> TRUE | M24: =TRUE() -> TRUE | P24: =TRUE() -> TRUE
A25: conclusive | D25: =FALSE() -> FALSE | G25: =FALSE() -> FALSE | J25: =FALSE() -> FALSE | M25: =TRUE() -> TRUE | P25: withheld
A26: guardrail_eligible | B26: 65 | C26: 64 | E26: 114 | F26: 115 | H26: 164 | I26: 164 | K26: 200 | L26: 200 | N26: withheld | O26: withheld
A27: guardrail_errors | B27: 12 | C27: 12 | E27: 19 | F27: 19 | H27: 27 | I27: 26 | K27: 31 | L27: 30 | N27: withheld | O27: withheld
A28: guardrail_error_rate | B28: 0.184615 | C28: 0.1875 | E28: 0.166667 | F28: 0.165217 | H28: 0.164634 | I28: 0.158537 | K28: 0.155 | L28: 0.15 | N28: withheld | O28: withheld
A29: guardrail_wilson_low | B29: 0.108889 | C29: 0.110646 | E29: 0.109374 | F29: 0.108398 | H29: 0.115683 | I29: 0.110546 | K29: 0.111396 | L29: 0.107136 | N29: withheld | O29: withheld
A30: guardrail_wilson_high | B30: 0.29554 | C30: 0.299744 | E30: 0.245692 | F30: 0.24368 | H30: 0.228937 | I30: 0.222158 | K30: 0.211607 | L30: 0.206056 | N30: withheld | O30: withheld
A31: guardrail_difference_pp | D31: 0.29 | G31: -0.14 | J31: -0.61 | M31: -0.5 | P31: withheld
A32: guardrail_newcombe_low | D32: -0.132063 | G32: -0.098781 | J32: -0.086334 | M32: -0.076005 | P32: withheld
A33: guardrail_newcombe_high | D33: 0.138285 | G33: 0.095704 | J33: 0.074176 | M33: 0.066018 | P33: withheld
A34: guardrail_verdict | D34: OK | G34: OK | J34: OK | M34: OK | P34: withheld
A35: revenue_total | B35: 5322 | C35: 5481 | E35: 11271 | F35: 11364 | H35: 17559 | I35: 20262 | K35: 19566 | L35: 26190 | N35: withheld | O35: withheld
A36: revenue_per_assigned_account | B36: 81.88 | C36: 85.64 | E36: 98.87 | F36: 98.82 | H36: 107.07 | I36: 123.55 | K36: 97.83 | L36: 130.95 | N36: withheld | O36: withheld
A37: revenue_variance | B37: 58724.64 | C37: 56433.12 | E37: 79308.38 | F37: 73426.31 | H37: 87941.11 | I37: 93820.11 | K37: 77628.92 | L37: 100694.06 | N37: withheld | O37: withheld
A38: revenue_t_low | B38: 21.83 | C38: 26.3 | E38: 46.61 | F38: 48.76 | H38: 61.34 | I38: 76.32 | K38: 58.98 | L38: 86.7 | N38: withheld | O38: withheld
A39: revenue_t_high | B39: 141.92 | C39: 144.98 | E39: 151.12 | F39: 148.87 | H39: 152.79 | I39: 170.78 | K39: 136.68 | L39: 175.2 | N39: withheld | O39: withheld
A40: revenue_difference | D40: 3.76 | G40: -0.05 | J40: 16.48 | M40: 33.12 | P40: withheld
A41: welch_df | D41: 126 | G41: 226 | J41: 325 | M41: 391 | P41: withheld
A42: welch_low | D42: -79.85 | G42: -72.03 | J42: -49.01 | M42: -25.59 | P42: withheld
A43: welch_high | D43: 87.38 | G43: 71.92 | J43: 81.98 | M43: 91.83 | P43: withheld

Sheet Golden case
A1: The known answer, with formulas (P06-GOLD-01)
A2: 20 of 100 control and 30 of 100 treatment mature assigned accounts activate: 0.200000 and 0.300000, +10.00 pp, relative lift 0.500000, Newcombe [-0.020249, 0.216734] includes 0, not conclusive; the sample ratio 100/100 against 0.50/0.50 gives chi-square 0. Blue = typed inputs, black = formulas, column C = tests/fixtures/golden/expected.json.
A3: input | B3: value
A4: control mature assigned accounts | B4: 100
A5: control activated | B5: 20
A6: treatment mature assigned accounts | B6: 100
A7: treatment activated | B7: 30
A8: z | B8: 1.959964
A9: allocation control | B9: 0.5
A10: allocation treatment | B10: 0.5
A11: control assigned | B11: 100
A12: treatment assigned | B12: 100
A15: figure | B15: formula | C15: expected.json | D15: check
A16: control conversion | B16: =B5/B4 -> 0.2 | C16: 0.2 | D16: =IF(ISNUMBER(B16),ABS(B16-C16)<=0.0000005+0.0000000001,B16=C16) -> TRUE
A17: treatment conversion | B17: =B7/B6 -> 0.3 | C17: 0.3 | D17: =IF(ISNUMBER(B17),ABS(B17-C17)<=0.0000005+0.0000000001,B17=C17) -> TRUE
A18: control Wilson low | B18: =(B5/B4+$B$8^2/(2*B4)-$B$8*SQRT((B5/B4)*(1-B5/B4)/B4+$B$8^2/(4*B4^2)))/(1+$B$8^2/B4) -> 0.13336693 | C18: 0.133367 | D18: =IF(ISNUMBER(B18),ABS(B18-C18)<=0.0000005+0.0000000001,B18=C18) -> TRUE
A19: control Wilson high | B19: =(B5/B4+$B$8^2/(2*B4)+$B$8*SQRT((B5/B4)*(1-B5/B4)/B4+$B$8^2/(4*B4^2)))/(1+$B$8^2/B4) -> 0.28882917 | C19: 0.288829 | D19: =IF(ISNUMBER(B19),ABS(B19-C19)<=0.0000005+0.0000000001,B19=C19) -> TRUE
A20: treatment Wilson low | B20: =(B7/B6+$B$8^2/(2*B6)-$B$8*SQRT((B7/B6)*(1-B7/B6)/B6+$B$8^2/(4*B6^2)))/(1+$B$8^2/B6) -> 0.21894885 | C20: 0.218949 | D20: =IF(ISNUMBER(B20),ABS(B20-C20)<=0.0000005+0.0000000001,B20=C20) -> TRUE
A21: treatment Wilson high | B21: =(B7/B6+$B$8^2/(2*B6)+$B$8*SQRT((B7/B6)*(1-B7/B6)/B6+$B$8^2/(4*B6^2)))/(1+$B$8^2/B6) -> 0.39584855 | C21: 0.395849 | D21: =IF(ISNUMBER(B21),ABS(B21-C21)<=0.0000005+0.0000000001,B21=C21) -> TRUE
A22: absolute lift (percentage points) | B22: =(B17-B16)*100 -> 10 | C22: 10 | D22: =IF(ISNUMBER(B22),ABS(B22-C22)<=0.0000005+0.0000000001,B22=C22) -> TRUE
A23: relative lift | B23: =(B17-B16)/B16 -> 0.5 | C23: 0.5 | D23: =IF(ISNUMBER(B23),ABS(B23-C23)<=0.0000005+0.0000000001,B23=C23) -> TRUE
A24: Newcombe low | B24: =(B17-B16)-SQRT((B17-B20)^2+(B19-B16)^2) -> -0.020249363 | C24: -0.020249 | D24: =IF(ISNUMBER(B24),ABS(B24-C24)<=0.0000005+0.0000000001,B24=C24) -> TRUE
A25: Newcombe high | B25: =(B17-B16)+SQRT((B21-B17)^2+(B16-B18)^2) -> 0.21673435 | C25: 0.216734 | D25: =IF(ISNUMBER(B25),ABS(B25-C25)<=0.0000005+0.0000000001,B25=C25) -> TRUE
A26: interval includes 0 | B26: =AND(B24<=0,B25>=0) -> TRUE | C26: =TRUE() -> TRUE | D26: =B26=C26 -> TRUE
A27: sample-ratio chi-square | B27: =(B11-(B11+B12)*B9)^2/((B11+B12)*B9)+(B12-(B11+B12)*B10)^2/((B11+B12)*B10) -> 0 | C27: 0 | D27: =IF(ISNUMBER(B27),ABS(B27-C27)<=0.0000005+0.0000000001,B27=C27) -> TRUE
A28: sample-ratio p-value | B28: =CHIDIST(B27,1) -> 1 | C28: 1 | D28: =IF(ISNUMBER(B28),ABS(B28-C28)<=0.0000005+0.0000000001,B28=C28) -> TRUE
A30: all golden checks TRUE | B30: =AND(D16:D28) -> TRUE

Sheet Plan x segment
A1: Seven-day activation by plan and segment at the as-of (live formulas over Accounts)
A2: Internal accounts excluded. Mature = signup + 7 x 24 h <= 2026-10-05T00:00:00Z; the rate has the mature accounts as denominator. Equals investigation 01 (docs/sql-analysis.md); observed, not experimental.
A4: plan | B4: segment | C4: accounts | D4: signed up | E4: mature | F4: activated | G4: activation rate | H4: immature (signed up, not mature)
A5: business | B5: enterprise | C5: =COUNTIFS(Accounts!$E$2:$E$601,0,Accounts!$B$2:$B$601,A5,Accounts!$C$2:$C$601,B5) -> 51 | D5: =COUNTIFS(Accounts!$E$2:$E$601,0,Accounts!$B$2:$B$601,A5,Accounts!$C$2:$C$601,B5,Accounts!$F$2:$F$601,"<1E+15") -> 51 | E5: =COUNTIFS(Accounts!$E$2:$E$601,0,Accounts!$B$2:$B$601,A5,Accounts!$C$2:$C$601,B5,Accounts!$H$2:$H$601,1) -> 50 | F5: =COUNTIFS(Accounts!$E$2:$E$601,0,Accounts!$B$2:$B$601,A5,Accounts!$C$2:$C$601,B5,Accounts!$I$2:$I$601,1) -> 31 | G5: =IF(E5=0,"",F5/E5) -> 0.62 | H5: =D5-E5 -> 1
A6: business | B6: mid | C6: =COUNTIFS(Accounts!$E$2:$E$601,0,Accounts!$B$2:$B$601,A6,Accounts!$C$2:$C$601,B6) -> 27 | D6: =COUNTIFS(Accounts!$E$2:$E$601,0,Accounts!$B$2:$B$601,A6,Accounts!$C$2:$C$601,B6,Accounts!$F$2:$F$601,"<1E+15") -> 27 | E6: =COUNTIFS(Accounts!$E$2:$E$601,0,Accounts!$B$2:$B$601,A6,Accounts!$C$2:$C$601,B6,Accounts!$H$2:$H$601,1) -> 26 | F6: =COUNTIFS(Accounts!$E$2:$E$601,0,Accounts!$B$2:$B$601,A6,Accounts!$C$2:$C$601,B6,Accounts!$I$2:$I$601,1) -> 16 | G6: =IF(E6=0,"",F6/E6) -> 0.61538462 | H6: =D6-E6 -> 1
A7: business | B7: smb | C7: =COUNTIFS(Accounts!$E$2:$E$601,0,Accounts!$B$2:$B$601,A7,Accounts!$C$2:$C$601,B7) -> 9 | D7: =COUNTIFS(Accounts!$E$2:$E$601,0,Accounts!$B$2:$B$601,A7,Accounts!$C$2:$C$601,B7,Accounts!$F$2:$F$601,"<1E+15") -> 9 | E7: =COUNTIFS(Accounts!$E$2:$E$601,0,Accounts!$B$2:$B$601,A7,Accounts!$C$2:$C$601,B7,Accounts!$H$2:$H$601,1) -> 9 | F7: =COUNTIFS(Accounts!$E$2:$E$601,0,Accounts!$B$2:$B$601,A7,Accounts!$C$2:$C$601,B7,Accounts!$I$2:$I$601,1) -> 4 | G7: =IF(E7=0,"",F7/E7) -> 0.44444444 | H7: =D7-E7 -> 0
A8: business | B8: ALL | C8: =COUNTIFS(Accounts!$E$2:$E$601,0,Accounts!$B$2:$B$601,A8) -> 87 | D8: =COUNTIFS(Accounts!$E$2:$E$601,0,Accounts!$B$2:$B$601,A8,Accounts!$F$2:$F$601,"<1E+15") -> 87 | E8: =COUNTIFS(Accounts!$E$2:$E$601,0,Accounts!$B$2:$B$601,A8,Accounts!$H$2:$H$601,1) -> 85 | F8: =COUNTIFS(Accounts!$E$2:$E$601,0,Accounts!$B$2:$B$601,A8,Accounts!$I$2:$I$601,1) -> 51 | G8: =IF(E8=0,"",F8/E8) -> 0.6 | H8: =D8-E8 -> 2
A9: free | B9: enterprise | C9: =COUNTIFS(Accounts!$E$2:$E$601,0,Accounts!$B$2:$B$601,A9,Accounts!$C$2:$C$601,B9) -> 13 | D9: =COUNTIFS(Accounts!$E$2:$E$601,0,Accounts!$B$2:$B$601,A9,Accounts!$C$2:$C$601,B9,Accounts!$F$2:$F$601,"<1E+15") -> 13 | E9: =COUNTIFS(Accounts!$E$2:$E$601,0,Accounts!$B$2:$B$601,A9,Accounts!$C$2:$C$601,B9,Accounts!$H$2:$H$601,1) -> 13 | F9: =COUNTIFS(Accounts!$E$2:$E$601,0,Accounts!$B$2:$B$601,A9,Accounts!$C$2:$C$601,B9,Accounts!$I$2:$I$601,1) -> 7 | G9: =IF(E9=0,"",F9/E9) -> 0.53846154 | H9: =D9-E9 -> 0
A10: free | B10: mid | C10: =COUNTIFS(Accounts!$E$2:$E$601,0,Accounts!$B$2:$B$601,A10,Accounts!$C$2:$C$601,B10) -> 52 | D10: =COUNTIFS(Accounts!$E$2:$E$601,0,Accounts!$B$2:$B$601,A10,Accounts!$C$2:$C$601,B10,Accounts!$F$2:$F$601,"<1E+15") -> 52 | E10: =COUNTIFS(Accounts!$E$2:$E$601,0,Accounts!$B$2:$B$601,A10,Accounts!$C$2:$C$601,B10,Accounts!$H$2:$H$601,1) -> 51 | F10: =COUNTIFS(Accounts!$E$2:$E$601,0,Accounts!$B$2:$B$601,A10,Accounts!$C$2:$C$601,B10,Accounts!$I$2:$I$601,1) -> 19 | G10: =IF(E10=0,"",F10/E10) -> 0.37254902 | H10: =D10-E10 -> 1
A11: free | B11: smb | C11: =COUNTIFS(Accounts!$E$2:$E$601,0,Accounts!$B$2:$B$601,A11,Accounts!$C$2:$C$601,B11) -> 191 | D11: =COUNTIFS(Accounts!$E$2:$E$601,0,Accounts!$B$2:$B$601,A11,Accounts!$C$2:$C$601,B11,Accounts!$F$2:$F$601,"<1E+15") -> 191 | E11: =COUNTIFS(Accounts!$E$2:$E$601,0,Accounts!$B$2:$B$601,A11,Accounts!$C$2:$C$601,B11,Accounts!$H$2:$H$601,1) -> 185 | F11: =COUNTIFS(Accounts!$E$2:$E$601,0,Accounts!$B$2:$B$601,A11,Accounts!$C$2:$C$601,B11,Accounts!$I$2:$I$601,1) -> 53 | G11: =IF(E11=0,"",F11/E11) -> 0.28648649 | H11: =D11-E11 -> 6
A12: free | B12: ALL | C12: =COUNTIFS(Accounts!$E$2:$E$601,0,Accounts!$B$2:$B$601,A12) -> 256 | D12: =COUNTIFS(Accounts!$E$2:$E$601,0,Accounts!$B$2:$B$601,A12,Accounts!$F$2:$F$601,"<1E+15") -> 256 | E12: =COUNTIFS(Accounts!$E$2:$E$601,0,Accounts!$B$2:$B$601,A12,Accounts!$H$2:$H$601,1) -> 249 | F12: =COUNTIFS(Accounts!$E$2:$E$601,0,Accounts!$B$2:$B$601,A12,Accounts!$I$2:$I$601,1) -> 79 | G12: =IF(E12=0,"",F12/E12) -> 0.31726908 | H12: =D12-E12 -> 7
A13: team | B13: enterprise | C13: =COUNTIFS(Accounts!$E$2:$E$601,0,Accounts!$B$2:$B$601,A13,Accounts!$C$2:$C$601,B13) -> 24 | D13: =COUNTIFS(Accounts!$E$2:$E$601,0,Accounts!$B$2:$B$601,A13,Accounts!$C$2:$C$601,B13,Accounts!$F$2:$F$601,"<1E+15") -> 24 | E13: =COUNTIFS(Accounts!$E$2:$E$601,0,Accounts!$B$2:$B$601,A13,Accounts!$C$2:$C$601,B13,Accounts!$H$2:$H$601,1) -> 22 | F13: =COUNTIFS(Accounts!$E$2:$E$601,0,Accounts!$B$2:$B$601,A13,Accounts!$C$2:$C$601,B13,Accounts!$I$2:$I$601,1) -> 7 | G13: =IF(E13=0,"",F13/E13) -> 0.31818182 | H13: =D13-E13 -> 2
A14: team | B14: mid | C14: =COUNTIFS(Accounts!$E$2:$E$601,0,Accounts!$B$2:$B$601,A14,Accounts!$C$2:$C$601,B14) -> 76 | D14: =COUNTIFS(Accounts!$E$2:$E$601,0,Accounts!$B$2:$B$601,A14,Accounts!$C$2:$C$601,B14,Accounts!$F$2:$F$601,"<1E+15") -> 76 | E14: =COUNTIFS(Accounts!$E$2:$E$601,0,Accounts!$B$2:$B$601,A14,Accounts!$C$2:$C$601,B14,Accounts!$H$2:$H$601,1) -> 75 | F14: =COUNTIFS(Accounts!$E$2:$E$601,0,Accounts!$B$2:$B$601,A14,Accounts!$C$2:$C$601,B14,Accounts!$I$2:$I$601,1) -> 28 | G14: =IF(E14=0,"",F14/E14) -> 0.37333333 | H14: =D14-E14 -> 1
A15: team | B15: smb | C15: =COUNTIFS(Accounts!$E$2:$E$601,0,Accounts!$B$2:$B$601,A15,Accounts!$C$2:$C$601,B15) -> 145 | D15: =COUNTIFS(Accounts!$E$2:$E$601,0,Accounts!$B$2:$B$601,A15,Accounts!$C$2:$C$601,B15,Accounts!$F$2:$F$601,"<1E+15") -> 145 | E15: =COUNTIFS(Accounts!$E$2:$E$601,0,Accounts!$B$2:$B$601,A15,Accounts!$C$2:$C$601,B15,Accounts!$H$2:$H$601,1) -> 140 | F15: =COUNTIFS(Accounts!$E$2:$E$601,0,Accounts!$B$2:$B$601,A15,Accounts!$C$2:$C$601,B15,Accounts!$I$2:$I$601,1) -> 49 | G15: =IF(E15=0,"",F15/E15) -> 0.35 | H15: =D15-E15 -> 5
A16: team | B16: ALL | C16: =COUNTIFS(Accounts!$E$2:$E$601,0,Accounts!$B$2:$B$601,A16) -> 245 | D16: =COUNTIFS(Accounts!$E$2:$E$601,0,Accounts!$B$2:$B$601,A16,Accounts!$F$2:$F$601,"<1E+15") -> 245 | E16: =COUNTIFS(Accounts!$E$2:$E$601,0,Accounts!$B$2:$B$601,A16,Accounts!$H$2:$H$601,1) -> 237 | F16: =COUNTIFS(Accounts!$E$2:$E$601,0,Accounts!$B$2:$B$601,A16,Accounts!$I$2:$I$601,1) -> 84 | G16: =IF(E16=0,"",F16/E16) -> 0.35443038 | H16: =D16-E16 -> 8
A17: ALL | B17: enterprise | C17: =COUNTIFS(Accounts!$E$2:$E$601,0,Accounts!$C$2:$C$601,B17) -> 88 | D17: =COUNTIFS(Accounts!$E$2:$E$601,0,Accounts!$C$2:$C$601,B17,Accounts!$F$2:$F$601,"<1E+15") -> 88 | E17: =COUNTIFS(Accounts!$E$2:$E$601,0,Accounts!$C$2:$C$601,B17,Accounts!$H$2:$H$601,1) -> 85 | F17: =COUNTIFS(Accounts!$E$2:$E$601,0,Accounts!$C$2:$C$601,B17,Accounts!$I$2:$I$601,1) -> 45 | G17: =IF(E17=0,"",F17/E17) -> 0.52941176 | H17: =D17-E17 -> 3
A18: ALL | B18: mid | C18: =COUNTIFS(Accounts!$E$2:$E$601,0,Accounts!$C$2:$C$601,B18) -> 155 | D18: =COUNTIFS(Accounts!$E$2:$E$601,0,Accounts!$C$2:$C$601,B18,Accounts!$F$2:$F$601,"<1E+15") -> 155 | E18: =COUNTIFS(Accounts!$E$2:$E$601,0,Accounts!$C$2:$C$601,B18,Accounts!$H$2:$H$601,1) -> 152 | F18: =COUNTIFS(Accounts!$E$2:$E$601,0,Accounts!$C$2:$C$601,B18,Accounts!$I$2:$I$601,1) -> 63 | G18: =IF(E18=0,"",F18/E18) -> 0.41447368 | H18: =D18-E18 -> 3
A19: ALL | B19: smb | C19: =COUNTIFS(Accounts!$E$2:$E$601,0,Accounts!$C$2:$C$601,B19) -> 345 | D19: =COUNTIFS(Accounts!$E$2:$E$601,0,Accounts!$C$2:$C$601,B19,Accounts!$F$2:$F$601,"<1E+15") -> 345 | E19: =COUNTIFS(Accounts!$E$2:$E$601,0,Accounts!$C$2:$C$601,B19,Accounts!$H$2:$H$601,1) -> 334 | F19: =COUNTIFS(Accounts!$E$2:$E$601,0,Accounts!$C$2:$C$601,B19,Accounts!$I$2:$I$601,1) -> 106 | G19: =IF(E19=0,"",F19/E19) -> 0.31736527 | H19: =D19-E19 -> 11
A20: ALL | B20: ALL | C20: =COUNTIFS(Accounts!$E$2:$E$601,0) -> 588 | D20: =COUNTIFS(Accounts!$E$2:$E$601,0,Accounts!$F$2:$F$601,"<1E+15") -> 588 | E20: =COUNTIFS(Accounts!$E$2:$E$601,0,Accounts!$H$2:$H$601,1) -> 571 | F20: =COUNTIFS(Accounts!$E$2:$E$601,0,Accounts!$I$2:$I$601,1) -> 214 | G20: =IF(E20=0,"",F20/E20) -> 0.37478109 | H20: =D20-E20 -> 17

Sheet Assumptions
A1: Decisions applied (docs/contracts.md) and the workbook's own limits
A3: id | B3: statement
A4: D-01 | B4: Canonical events are received by the cutoff and deduplicated (the earliest received wins); an identity link attributes anonymous events forward only; bots, internal accounts and unknown identities are excluded and counted.
A5: D-02 | B5: The unit is the account. Signup = the earliest signup event of its non-bot users. Activation within [signup, signup + 7 x 24 h); a signup is mature when signup + 7 x 24 h <= the cutoff; immature signups are counted apart.
A6: D-03 | B6: Intention to treat on mature assigned accounts; the exposure rate is reported beside it. Sample ratio: chi-square against the plan's allocation (df 1); MISMATCH when p < 0.001, INSUFFICIENT when an expected cell < 5. Wilson per arm, Newcombe for treatment minus control (z = 1.959964); relative lift is blank when the control conversion is 0.
A7: D-05 | B7: Rounding half up once on unrounded values (the domain); this workbook keeps double precision and is compared within 5E-7 for six-decimal figures.
A8: D-07 | B8: Synthetic world, seed 20261026, 26 weeks, as-of 2026-10-05T00:00:00Z; v1 (400 assigned, permuted blocks of four) and v2 (154 assigned, 3 of 5 to treatment against a 0.40 plan). Four generator choices were made after seeing earlier draws; the realised results are one draw.
A9: D-08 | B9: A run at cutoff C sees only the facts that existed by C: assignments with assigned_at <= C, exposures with exposed_at <= C, subscriptions with starts_at <= C, events received by C.
A10: D-10 | B10: conclusive = the interval excludes 0, a final run, a valid plan hash, a plan frozen before the first logged run and an OK sample ratio. An activation counts only at or after the assignment; the guardrail counts only accounts whose 7-day window is complete. The INJ-10 instrumentation gap sits inside the published v1 lift (published +9.50, drawn +11.50, +9.96 excluding the gap accounts).
A11: W-01 | B11: The sample ratio comes first: when it is a MISMATCH the outcome rows show the word withheld; no lift of v2 is shown.
A12: W-02 | B12: The first signup instant (and its received instant), the activation and the first error received inside the guardrail window are TYPED from the independent Python side: the event canonicalisation (duplicates, identity, bots) is not replayed by formulas. An account whose earliest signup event arrives late while a later one arrives earlier would be read differently; build_workbook.py asserts that no such case exists at the five runs, and every run is compared with the domain after recalculation.
A13: W-03 | B13: The plan hash is typed (a spreadsheet has no sha256). Recalculation: openpyxl writes formulas only; the delivered file was recalculated by LibreOffice headless and carries its cached values; Excel was NOT run. fullCalcOnLoad is set so Excel recalculates on open. Functions used: SUMIFS, COUNTIFS, SUMPRODUCT, INDEX, MATCH, IF, ABS, SQRT, INT, CHIDIST and TINV (the legacy forms, no _xlfn prefix, in Excel and LibreOffice).
A14: W-04 | B14: Floating point: formulas use double precision. The domain publishes six decimals (two for money); the check column allows 5E-7 on six-decimal figures and 0.005 on money and percentage points.
A15: W-05 | B15: The revenue t interval and the Welch interval use TINV(0.05, df): LibreOffice's quantile agrees with the domain's fixed-point quantile to the printed two decimals (the test compares all five runs).

Sheet Assignments
A1: assignment_id | B1: version | C1: unit_id | D1: variant | E1: assigned_epoch | F1: signup_epoch | G1: signup_received_epoch | H1: activation_epoch | I1: activation_received_epoch | J1: exposed_epoch | K1: first_error_received_epoch (inside the 7-day guardrail window) | L1: in_read | M1: signup_known | N1: mature | O1: activated | P1: exposed | Q1: guardrail_eligible | R1: errored | S1: revenue_usd
A2: as-0001 | B2: xv-001 | C2: acc-0001 | D2: treatment | E2: 1775464993 | F2: 1775464713 | G2: 1775464723 | H2: 1e+15 | I2: 1e+15 | J2: 1775466130 | K2: 1e+15 | L2: =IF(AND(B2=Cutoff!$B$12,E2<=Cutoff!$B$10),1,0) -> 1 | M2: =IF(AND(L2=1,F2<1000000000000000,G2<=Cutoff!$B$10),1,0) -> 1 | N2: =IF(AND(M2=1,F2+Cutoff!$B$16<=Cutoff!$B$10),1,0) -> 1 | O2: =IF(N2=1,IF(AND(H2<1000000000000000,H2>=MAX(F2,E2),H2<F2+Cutoff!$B$16,I2<=Cutoff!$B$10),1,0),0) -> 0 | P2: =IF(AND(L2=1,J2<=Cutoff!$B$10),1,0) -> 1 | Q2: =IF(AND(N2=1,E2+Cutoff!$B$17<=Cutoff!$B$10),1,0) -> 1 | R2: =IF(Q2=1,IF(K2<=Cutoff!$B$10,1,0),0) -> 0 | S2: =IF(N2=1,SUMIFS(Subscriptions!$D$2:$D$208,Subscriptions!$A$2:$A$208,C2,Subscriptions!$E$2:$E$208,1,Subscriptions!$B$2:$B$208,">="&Cutoff!$B$24,Subscriptions!$B$2:$B$208,"<"&Cutoff!$B$25,Subscriptions!$B$2:$B$208,"<="&Cutoff!$B$10),0) -> 132
A3: as-0002 | B3: xv-001 | C3: acc-0002 | D3: treatment | E3: 1775482142 | F3: 1775481748 | G3: 1775481765 | H3: 1e+15 | I3: 1e+15 | J3: 1775482379 | K3: 1775482831 | L3: =IF(AND(B3=Cutoff!$B$12,E3<=Cutoff!$B$10),1,0) -> 1 | M3: =IF(AND(L3=1,F3<1000000000000000,G3<=Cutoff!$B$10),1,0) -> 1 | N3: =IF(AND(M3=1,F3+Cutoff!$B$16<=Cutoff!$B$10),1,0) -> 1 | O3: =IF(N3=1,IF(AND(H3<1000000000000000,H3>=MAX(F3,E3),H3<F3+Cutoff!$B$16,I3<=Cutoff!$B$10),1,0),0) -> 0 | P3: =IF(AND(L3=1,J3<=Cutoff!$B$10),1,0) -> 1 | Q3: =IF(AND(N3=1,E3+Cutoff!$B$17<=Cutoff!$B$10),1,0) -> 1 | R3: =IF(Q3=1,IF(K3<=Cutoff!$B$10,1,0),0) -> 1 | S3: =IF(N3=1,SUMIFS(Subscriptions!$D$2:$D$208,Subscriptions!$A$2:$A$208,C3,Subscriptions!$E$2:$E$208,1,Subscriptions!$B$2:$B$208,">="&Cutoff!$B$24,Subscriptions!$B$2:$B$208,"<"&Cutoff!$B$25,Subscriptions!$B$2:$B$208,"<="&Cutoff!$B$10),0) -> 0
A4: as-0003 | B4: xv-001 | C4: acc-0003 | D4: control | E4: 1775484231 | F4: 1775483959 | G4: 1775488186 | H4: 1e+15 | I4: 1e+15 | J4: 1e+15 | K4: 1e+15 | L4: =IF(AND(B4=Cutoff!$B$12,E4<=Cutoff!$B$10),1,0) -> 1 | M4: =IF(AND(L4=1,F4<1000000000000000,G4<=Cutoff!$B$10),1,0) -> 1 | N4: =IF(AND(M4=1,F4+Cutoff!$B$16<=Cutoff!$B$10),1,0) -> 1 | O4: =IF(N4=1,IF(AND(H4<1000000000000000,H4>=MAX(F4,E4),H4<F4+Cutoff!$B$16,I4<=Cutoff!$B$10),1,0),0) -> 0 | P4: =IF(AND(L4=1,J4<=Cutoff!$B$10),1,0) -> 0 | Q4: =IF(AND(N4=1,E4+Cutoff!$B$17<=Cutoff!$B$10),1,0) -> 1 | R4: =IF(Q4=1,IF(K4<=Cutoff!$B$10,1,0),0) -> 0 | S4: =IF(N4=1,SUMIFS(Subscriptions!$D$2:$D$208,Subscriptions!$A$2:$A$208,C4,Subscriptions!$E$2:$E$208,1,Subscriptions!$B$2:$B$208,">="&Cutoff!$B$24,Subscriptions!$B$2:$B$208,"<"&Cutoff!$B$25,Subscriptions!$B$2:$B$208,"<="&Cutoff!$B$10),0) -> 0
A5: as-0004 | B5: xv-001 | C5: acc-0004 | D5: control | E5: 1775502198 | F5: 1775501961 | G5: 1775501985 | H5: 1e+15 | I5: 1e+15 | J5: 1775502719 | K5: 1775822914 | L5: =IF(AND(B5=Cutoff!$B$12,E5<=Cutoff!$B$10),1,0) -> 1 | M5: =IF(AND(L5=1,F5<1000000000000000,G5<=Cutoff!$B$10),1,0) -> 1 | N5: =IF(AND(M5=1,F5+Cutoff!$B$16<=Cutoff!$B$10),1,0) -> 1 | O5: =IF(N5=1,IF(AND(H5<1000000000000000,H5>=MAX(F5,E5),H5<F5+Cutoff!$B$16,I5<=Cutoff!$B$10),1,0),0) -> 0 | P5: =IF(AND(L5=1,J5<=Cutoff!$B$10),1,0) -> 1 | Q5: =IF(AND(N5=1,E5+Cutoff!$B$17<=Cutoff!$B$10),1,0) -> 1 | R5: =IF(Q5=1,IF(K5<=Cutoff!$B$10,1,0),0) -> 1 | S5: =IF(N5=1,SUMIFS(Subscriptions!$D$2:$D$208,Subscriptions!$A$2:$A$208,C5,Subscriptions!$E$2:$E$208,1,Subscriptions!$B$2:$B$208,">="&Cutoff!$B$24,Subscriptions!$B$2:$B$208,"<"&Cutoff!$B$25,Subscriptions!$B$2:$B$208,"<="&Cutoff!$B$10),0) -> 0
A6: as-0005 | B6: xv-001 | C6: acc-0005 | D6: control | E6: 1775515684 | F6: 1775515104 | G6: 1775515107 | H6: 1e+15 | I6: 1e+15 | J6: 1775516218 | K6: 1e+15 | L6: =IF(AND(B6=Cutoff!$B$12,E6<=Cutoff!$B$10),1,0) -> 1 | M6: =IF(AND(L6=1,F6<1000000000000000,G6<=Cutoff!$B$10),1,0) -> 1 | N6: =IF(AND(M6=1,F6+Cutoff!$B$16<=Cutoff!$B$10),1,0) -> 1 | O6: =IF(N6=1,IF(AND(H6<1000000000000000,H6>=MAX(F6,E6),H6<F6+Cutoff!$B$16,I6<=Cutoff!$B$10),1,0),0) -> 0 | P6: =IF(AND(L6=1,J6<=Cutoff!$B$10),1,0) -> 1 | Q6: =IF(AND(N6=1,E6+Cutoff!$B$17<=Cutoff!$B$10),1,0) -> 1 | R6: =IF(Q6=1,IF(K6<=Cutoff!$B$10,1,0),0) -> 0 | S6: =IF(N6=1,SUMIFS(Subscriptions!$D$2:$D$208,Subscriptions!$A$2:$A$208,C6,Subscriptions!$E$2:$E$208,1,Subscriptions!$B$2:$B$208,">="&Cutoff!$B$24,Subscriptions!$B$2:$B$208,"<"&Cutoff!$B$25,Subscriptions!$B$2:$B$208,"<="&Cutoff!$B$10),0) -> 0
A7: as-0006 | B7: xv-001 | C7: acc-0006 | D7: treatment | E7: 1775553193 | F7: 1775553020 | G7: 1775553741 | H7: 1e+15 | I7: 1e+15 | J7: 1775554334 | K7: 1e+15 | L7: =IF(AND(B7=Cutoff!$B$12,E7<=Cutoff!$B$10),1,0) -> 1 | M7: =IF(AND(L7=1,F7<1000000000000000,G7<=Cutoff!$B$10),1,0) -> 1 | N7: =IF(AND(M7=1,F7+Cutoff!$B$16<=Cutoff!$B$10),1,0) -> 1 | O7: =IF(N7=1,IF(AND(H7<1000000000000000,H7>=MAX(F7,E7),H7<F7+Cutoff!$B$16,I7<=Cutoff!$B$10),1,0),0) -> 0 | P7: =IF(AND(L7=1,J7<=Cutoff!$B$10),1,0) -> 1 | Q7: =IF(AND(N7=1,E7+Cutoff!$B$17<=Cutoff!$B$10),1,0) -> 1 | R7: =IF(Q7=1,IF(K7<=Cutoff!$B$10,1,0),0) -> 0 | S7: =IF(N7=1,SUMIFS(Subscriptions!$D$2:$D$208,Subscriptions!$A$2:$A$208,C7,Subscriptions!$E$2:$E$208,1,Subscriptions!$B$2:$B$208,">="&Cutoff!$B$24,Subscriptions!$B$2:$B$208,"<"&Cutoff!$B$25,Subscriptions!$B$2:$B$208,"<="&Cutoff!$B$10),0) -> 0
A8: as-0007 | B8: xv-001 | C8: acc-0007 | D8: treatment | E8: 1775564728 | F8: 1775564413 | G8: 1775564421 | H8: 1e+15 | I8: 1e+15 | J8: 1775565594 | K8: 1e+15 | L8: =IF(AND(B8=Cutoff!$B$12,E8<=Cutoff!$B$10),1,0) -> 1 | M8: =IF(AND(L8=1,F8<1000000000000000,G8<=Cutoff!$B$10),1,0) -> 1 | N8: =IF(AND(M8=1,F8+Cutoff!$B$16<=Cutoff!$B$10),1,0) -> 1 | O8: =IF(N8=1,IF(AND(H8<1000000000000000,H8>=MAX(F8,E8),H8<F8+Cutoff!$B$16,I8<=Cutoff!$B$10),1,0),0) -> 0 | P8: =IF(AND(L8=1,J8<=Cutoff!$B$10),1,0) -> 1 | Q8: =IF(AND(N8=1,E8+Cutoff!$B$17<=Cutoff!$B$10),1,0) -> 1 | R8: =IF(Q8=1,IF(K8<=Cutoff!$B$10,1,0),0) -> 0 | S8: =IF(N8=1,SUMIFS(Subscriptions!$D$2:$D$208,Subscriptions!$A$2:$A$208,C8,Subscriptions!$E$2:$E$208,1,Subscriptions!$B$2:$B$208,">="&Cutoff!$B$24,Subscriptions!$B$2:$B$208,"<"&Cutoff!$B$25,Subscriptions!$B$2:$B$208,"<="&Cutoff!$B$10),0) -> 0
A9: as-0008 | B9: xv-001 | C9: acc-0008 | D9: control | E9: 1775569317 | F9: 1775568771 | G9: 1775568790 | H9: 1e+15 | I9: 1e+15 | J9: 1775569392 | K9: 1e+15 | L9: =IF(AND(B9=Cutoff!$B$12,E9<=Cutoff!$B$10),1,0) -> 1 | M9: =IF(AND(L9=1,F9<1000000000000000,G9<=Cutoff!$B$10),1,0) -> 1 | N9: =IF(AND(M9=1,F9+Cutoff!$B$16<=Cutoff!$B$10),1,0) -> 1 | O9: =IF(N9=1,IF(AND(H9<1000000000000000,H9>=MAX(F9,E9),H9<F9+Cutoff!$B$16,I9<=Cutoff!$B$10),1,0),0) -> 0 | P9: =IF(AND(L9=1,J9<=Cutoff!$B$10),1,0) -> 1 | Q9: =IF(AND(N9=1,E9+Cutoff!$B$17<=Cutoff!$B$10),1,0) -> 1 | R9: =IF(Q9=1,IF(K9<=Cutoff!$B$10,1,0),0) -> 0 | S9: =IF(N9=1,SUMIFS(Subscriptions!$D$2:$D$208,Subscriptions!$A$2:$A$208,C9,Subscriptions!$E$2:$E$208,1,Subscriptions!$B$2:$B$208,">="&Cutoff!$B$24,Subscriptions!$B$2:$B$208,"<"&Cutoff!$B$25,Subscriptions!$B$2:$B$208,"<="&Cutoff!$B$10),0) -> 0
A10: as-0009 | B10: xv-001 | C10: acc-0009 | D10: control | E10: 1775573034 | F10: 1775572871 | G10: 1775572878 | H10: 1e+15 | I10: 1e+15 | J10: 1e+15 | K10: 1e+15 | L10: =IF(AND(B10=Cutoff!$B$12,E10<=Cutoff!$B$10),1,0) -> 1 | M10: =IF(AND(L10=1,F10<1000000000000000,G10<=Cutoff!$B$10),1,0) -> 1 | N10: =IF(AND(M10=1,F10+Cutoff!$B$16<=Cutoff!$B$10),1,0) -> 1 | O10: =IF(N10=1,IF(AND(H10<1000000000000000,H10>=MAX(F10,E10),H10<F10+Cutoff!$B$16,I10<=Cutoff!$B$10),1,0),0) -> 0 | P10: =IF(AND(L10=1,J10<=Cutoff!$B$10),1,0) -> 0 | Q10: =IF(AND(N10=1,E10+Cutoff!$B$17<=Cutoff!$B$10),1,0) -> 1 | R10: =IF(Q10=1,IF(K10<=Cutoff!$B$10,1,0),0) -> 0 | S10: =IF(N10=1,SUMIFS(Subscriptions!$D$2:$D$208,Subscriptions!$A$2:$A$208,C10,Subscriptions!$E$2:$E$208,1,Subscriptions!$B$2:$B$208,">="&Cutoff!$B$24,Subscriptions!$B$2:$B$208,"<"&Cutoff!$B$25,Subscriptions!$B$2:$B$208,"<="&Cutoff!$B$10),0) -> 0
A11: as-0010 | B11: xv-001 | C11: acc-0010 | D11: treatment | E11: 1775574313 | F11: 1775573751 | G11: 1775573764 | H11: 1e+15 | I11: 1e+15 | J11: 1775575154 | K11: 1e+15 | L11: =IF(AND(B11=Cutoff!$B$12,E11<=Cutoff!$B$10),1,0) -> 1 | M11: =IF(AND(L11=1,F11<1000000000000000,G11<=Cutoff!$B$10),1,0) -> 1 | N11: =IF(AND(M11=1,F11+Cutoff!$B$16<=Cutoff!$B$10),1,0) -> 1 | O11: =IF(N11=1,IF(AND(H11<1000000000000000,H11>=MAX(F11,E11),H11<F11+Cutoff!$B$16,I11<=Cutoff!$B$10),1,0),0) -> 0 | P11: =IF(AND(L11=1,J11<=Cutoff!$B$10),1,0) -> 1 | Q11: =IF(AND(N11=1,E11+Cutoff!$B$17<=Cutoff!$B$10),1,0) -> 1 | R11: =IF(Q11=1,IF(K11<=Cutoff!$B$10,1,0),0) -> 0 | S11: =IF(N11=1,SUMIFS(Subscriptions!$D$2:$D$208,Subscriptions!$A$2:$A$208,C11,Subscriptions!$E$2:$E$208,1,Subscriptions!$B$2:$B$208,">="&Cutoff!$B$24,Subscriptions!$B$2:$B$208,"<"&Cutoff!$B$25,Subscriptions!$B$2:$B$208,"<="&Cutoff!$B$10),0) -> 1053
A12: as-0011 | B12: xv-001 | C12: acc-0011 | D12: treatment | E12: 1775590045 | F12: 1775589900 | G12: 1775589919 | H12: 1e+15 | I12: 1e+15 | J12: 1775590636 | K12: 1e+15 | L12: =IF(AND(B12=Cutoff!$B$12,E12<=Cutoff!$B$10),1,0) -> 1 | M12: =IF(AND(L12=1,F12<1000000000000000,G12<=Cutoff!$B$10),1,0) -> 1 | N12: =IF(AND(M12=1,F12+Cutoff!$B$16<=Cutoff!$B$10),1,0) -> 1 | O12: =IF(N12=1,IF(AND(H12<1000000000000000,H12>=MAX(F12,E12),H12<F12+Cutoff!$B$16,I12<=Cutoff!$B$10),1,0),0) -> 0 | P12: =IF(AND(L12=1,J12<=Cutoff!$B$10),1,0) -> 1 | Q12: =IF(AND(N12=1,E12+Cutoff!$B$17<=Cutoff!$B$10),1,0) -> 1 | R12: =IF(Q12=1,IF(K12<=Cutoff!$B$10,1,0),0) -> 0 | S12: =IF(N12=1,SUMIFS(Subscriptions!$D$2:$D$208,Subscriptions!$A$2:$A$208,C12,Subscriptions!$E$2:$E$208,1,Subscriptions!$B$2:$B$208,">="&Cutoff!$B$24,Subscriptions!$B$2:$B$208,"<"&Cutoff!$B$25,Subscriptions!$B$2:$B$208,"<="&Cutoff!$B$10),0) -> 132
A13: as-0012 | B13: xv-001 | C13: acc-0012 | D13: control | E13: 1775638140 | F13: 1775637624 | G13: 1775637641 | H13: 1e+15 | I13: 1e+15 | J13: 1775639183 | K13: 1e+15 | L13: =IF(AND(B13=Cutoff!$B$12,E13<=Cutoff!$B$10),1,0) -> 1 | M13: =IF(AND(L13=1,F13<1000000000000000,G13<=Cutoff!$B$10),1,0) -> 1 | N13: =IF(AND(M13=1,F13+Cutoff!$B$16<=Cutoff!$B$10),1,0) -> 1 | O13: =IF(N13=1,IF(AND(H13<1000000000000000,H13>=MAX(F13,E13),H13<F13+Cutoff!$B$16,I13<=Cutoff!$B$10),1,0),0) -> 0 | P13: =IF(AND(L13=1,J13<=Cutoff!$B$10),1,0) -> 1 | Q13: =IF(AND(N13=1,E13+Cutoff!$B$17<=Cutoff!$B$10),1,0) -> 1 | R13: =IF(Q13=1,IF(K13<=Cutoff!$B$10,1,0),0) -> 0 | S13: =IF(N13=1,SUMIFS(Subscriptions!$D$2:$D$208,Subscriptions!$A$2:$A$208,C13,Subscriptions!$E$2:$E$208,1,Subscriptions!$B$2:$B$208,">="&Cutoff!$B$24,Subscriptions!$B$2:$B$208,"<"&Cutoff!$B$25,Subscriptions!$B$2:$B$208,"<="&Cutoff!$B$10),0) -> 0
... A555: as-0554 | B555: xv-002 | C555: acc-0593 | D555: treatment | E555: 1790805658 | F555: 1790805549 | G555: 1790805555 | H555: 1e+15 | I555: 1e+15 | J555: 1e+15 | K555: 1e+15 | L555: =IF(AND(B555=Cutoff!$B$12,E555<=Cutoff!$B$10),1,0) -> 0 | M555: =IF(AND(L555=1,F555<1000000000000000,G555<=Cutoff!$B$10),1,0) -> 0 | N555: =IF(AND(M555=1,F555+Cutoff!$B$16<=Cutoff!$B$10),1,0) -> 0 | O555: =IF(N555=1,IF(AND(H555<1000000000000000,H555>=MAX(F555,E555),H555<F555+Cutoff!$B$16,I555<=Cutoff!$B$10),1,0),0) -> 0 | P555: =IF(AND(L555=1,J555<=Cutoff!$B$10),1,0) -> 0 | Q555: =IF(AND(N555=1,E555+Cutoff!$B$17<=Cutoff!$B$10),1,0) -> 0 | R555: =IF(Q555=1,IF(K555<=Cutoff!$B$10,1,0),0) -> 0 | S555: =IF(N555=1,SUMIFS(Subscriptions!$D$2:$D$208,Subscriptions!$A$2:$A$208,C555,Subscriptions!$E$2:$E$208,1,Subscriptions!$B$2:$B$208,">="&Cutoff!$B$24,Subscriptions!$B$2:$B$208,"<"&Cutoff!$B$25,Subscriptions!$B$2:$B$208,"<="&Cutoff!$B$10),0) -> 0

Sheet Subscriptions
A1: account_id | B1: starts_epoch | C1: status | D1: amount_usd | E1: carries_revenue (active or ended = 1) | F1: subscription_id
A2: acc-0001 | B2: 1775495540 | C2: active | D2: 132 | E2: =IF(OR(C2="active",C2="ended"),1,0) -> 1 | F2: sub-001
A3: acc-0011 | B3: 1775604377 | C3: ended | D3: 132 | E3: =IF(OR(C3="active",C3="ended"),1,0) -> 1 | F3: sub-002
A4: acc-0010 | B4: 1775727798 | C4: active | D4: 1053 | E4: =IF(OR(C4="active",C4="ended"),1,0) -> 1 | F4: sub-003
A5: acc-0019 | B5: 1775743640 | C5: ended | D5: 108 | E5: =IF(OR(C5="active",C5="ended"),1,0) -> 1 | F5: sub-004
A6: acc-0020 | B6: 1775768661 | C6: active | D6: 1014 | E6: =IF(OR(C6="active",C6="ended"),1,0) -> 1 | F6: sub-005
A7: acc-0022 | B7: 1775810052 | C7: ended | D7: 84 | E7: =IF(OR(C7="active",C7="ended"),1,0) -> 1 | F7: sub-006
A8: acc-0039 | B8: 1776267304 | C8: active | D8: 36 | E8: =IF(OR(C8="active",C8="ended"),1,0) -> 1 | F8: sub-007
A9: acc-0037 | B9: 1776268091 | C9: active | D9: 663 | E9: =IF(OR(C9="active",C9="ended"),1,0) -> 1 | F9: sub-008
A10: acc-0042 | B10: 1776335643 | C10: active | D10: 168 | E10: =IF(OR(C10="active",C10="ended"),1,0) -> 1 | F10: sub-009
A11: acc-0047 | B11: 1776548832 | C11: active | D11: 60 | E11: =IF(OR(C11="active",C11="ended"),1,0) -> 1 | F11: sub-010
A12: acc-0057 | B12: 1776780747 | C12: refunded | D12: 36 | E12: =IF(OR(C12="active",C12="ended"),1,0) -> 0 | F12: sub-011
A13: acc-0060 | B13: 1776815990 | C13: ended | D13: 120 | E13: =IF(OR(C13="active",C13="ended"),1,0) -> 1 | F13: sub-012
... A208: acc-0596 | B208: 1791082100 | C208: trial | D208: 1404 | E208: =IF(OR(C208="active",C208="ended"),1,0) -> 0 | F208: sub-207

Sheet Accounts
A1: account_id | B1: plan | C1: segment | D1: timezone | E1: is_internal | F1: signup_epoch (as-of) | G1: activation_epoch (as-of) | H1: mature_7d at the as-of | I1: activated_7d at the as-of
A2: acc-0001 | B2: team | C2: mid | D2: Europe/London | E2: 0 | F2: 1775464713 | G2: 1e+15 | H2: =IF(AND(E2=0,F2<1000000000000000,F2+Cutoff!$B$16<=Cutoff!$D$13),1,0) -> 1 | I2: =IF(AND(H2=1,G2<1000000000000000,G2>=F2,G2<F2+Cutoff!$B$16),1,0) -> 0
A3: acc-0002 | B3: free | C3: smb | D3: America/New_York | E3: 0 | F3: 1775481748 | G3: 1e+15 | H3: =IF(AND(E3=0,F3<1000000000000000,F3+Cutoff!$B$16<=Cutoff!$D$13),1,0) -> 1 | I3: =IF(AND(H3=1,G3<1000000000000000,G3>=F3,G3<F3+Cutoff!$B$16),1,0) -> 0
A4: acc-0003 | B4: free | C4: smb | D4: America/New_York | E4: 0 | F4: 1775483959 | G4: 1e+15 | H4: =IF(AND(E4=0,F4<1000000000000000,F4+Cutoff!$B$16<=Cutoff!$D$13),1,0) -> 1 | I4: =IF(AND(H4=1,G4<1000000000000000,G4>=F4,G4<F4+Cutoff!$B$16),1,0) -> 0
A5: acc-0004 | B5: free | C5: mid | D5: Europe/London | E5: 0 | F5: 1775501961 | G5: 1e+15 | H5: =IF(AND(E5=0,F5<1000000000000000,F5+Cutoff!$B$16<=Cutoff!$D$13),1,0) -> 1 | I5: =IF(AND(H5=1,G5<1000000000000000,G5>=F5,G5<F5+Cutoff!$B$16),1,0) -> 0
A6: acc-0005 | B6: free | C6: enterprise | D6: America/New_York | E6: 0 | F6: 1775515104 | G6: 1e+15 | H6: =IF(AND(E6=0,F6<1000000000000000,F6+Cutoff!$B$16<=Cutoff!$D$13),1,0) -> 1 | I6: =IF(AND(H6=1,G6<1000000000000000,G6>=F6,G6<F6+Cutoff!$B$16),1,0) -> 0
A7: acc-0006 | B7: free | C7: smb | D7: Europe/London | E7: 0 | F7: 1775553020 | G7: 1e+15 | H7: =IF(AND(E7=0,F7<1000000000000000,F7+Cutoff!$B$16<=Cutoff!$D$13),1,0) -> 1 | I7: =IF(AND(H7=1,G7<1000000000000000,G7>=F7,G7<F7+Cutoff!$B$16),1,0) -> 0
A8: acc-0007 | B8: free | C8: smb | D8: America/New_York | E8: 0 | F8: 1775564413 | G8: 1e+15 | H8: =IF(AND(E8=0,F8<1000000000000000,F8+Cutoff!$B$16<=Cutoff!$D$13),1,0) -> 1 | I8: =IF(AND(H8=1,G8<1000000000000000,G8>=F8,G8<F8+Cutoff!$B$16),1,0) -> 0
A9: acc-0008 | B9: free | C9: smb | D9: Europe/London | E9: 0 | F9: 1775568771 | G9: 1e+15 | H9: =IF(AND(E9=0,F9<1000000000000000,F9+Cutoff!$B$16<=Cutoff!$D$13),1,0) -> 1 | I9: =IF(AND(H9=1,G9<1000000000000000,G9>=F9,G9<F9+Cutoff!$B$16),1,0) -> 0
A10: acc-0009 | B10: free | C10: mid | D10: America/New_York | E10: 0 | F10: 1775572871 | G10: 1e+15 | H10: =IF(AND(E10=0,F10<1000000000000000,F10+Cutoff!$B$16<=Cutoff!$D$13),1,0) -> 1 | I10: =IF(AND(H10=1,G10<1000000000000000,G10>=F10,G10<F10+Cutoff!$B$16),1,0) -> 0
A11: acc-0010 | B11: business | C11: enterprise | D11: Europe/London | E11: 0 | F11: 1775573751 | G11: 1e+15 | H11: =IF(AND(E11=0,F11<1000000000000000,F11+Cutoff!$B$16<=Cutoff!$D$13),1,0) -> 1 | I11: =IF(AND(H11=1,G11<1000000000000000,G11>=F11,G11<F11+Cutoff!$B$16),1,0) -> 0
A12: acc-0011 | B12: team | C12: mid | D12: America/New_York | E12: 0 | F12: 1775589900 | G12: 1e+15 | H12: =IF(AND(E12=0,F12<1000000000000000,F12+Cutoff!$B$16<=Cutoff!$D$13),1,0) -> 1 | I12: =IF(AND(H12=1,G12<1000000000000000,G12>=F12,G12<F12+Cutoff!$B$16),1,0) -> 0
A13: acc-0012 | B13: free | C13: mid | D13: Europe/London | E13: 0 | F13: 1775637624 | G13: 1e+15 | H13: =IF(AND(E13=0,F13<1000000000000000,F13+Cutoff!$B$16<=Cutoff!$D$13),1,0) -> 1 | I13: =IF(AND(H13=1,G13<1000000000000000,G13>=F13,G13<F13+Cutoff!$B$16),1,0) -> 0
... A601: acc-0600 | B601: free | C601: smb | D601: America/Los_Angeles | E601: 0 | F601: 1791056819 | G601: 1e+15 | H601: =IF(AND(E601=0,F601<1000000000000000,F601+Cutoff!$B$16<=Cutoff!$D$13),1,0) -> 0 | I601: =IF(AND(H601=1,G601<1000000000000000,G601>=F601,G601<F601+Cutoff!$B$16),1,0) -> 0

Sheet Runs
A1: The five logged analysis runs (typed from analysis_runs.json)
A4: run id | B4: experiment version | C4: cutoff (UTC) | D4: cutoff epoch | E4: created_at epoch | F4: created_at (UTC)
A5: an-001 | B5: xv-001 | C5: 2026-05-18T00:00:00Z | D5: 1779062400 | E5: 1779062700 | F5: 2026-05-18T00:05:00Z
A6: an-002 | B6: xv-001 | C6: 2026-06-15T00:00:00Z | D6: 1781481600 | E6: 1781481900 | F6: 2026-06-15T00:05:00Z
A7: an-003 | B7: xv-001 | C7: 2026-07-13T00:00:00Z | D7: 1783900800 | E7: 1783901100 | F7: 2026-07-13T00:05:00Z
A8: an-004 | B8: xv-001 | C8: 2026-08-02T00:00:00Z | D8: 1785628800 | E8: 1785629100 | F8: 2026-08-02T00:05:00Z
A9: an-005 | B9: xv-002 | C9: 2026-10-04T00:00:00Z | D9: 1791072000 | E9: 1791072300 | F9: 2026-10-04T00:05:00Z

Sheet Plans
A1: The two frozen analysis plans (typed from manifest.json analysis_plans)
A4: experiment version | B4: planned_end epoch | C4: frozen_at epoch | D4: first logged run created epoch | E4: allocation control | F4: allocation treatment | G4: z | H4: confidence | I4: SRM p threshold | J4: SRM min expected cell | K4: activation window (days) | L4: guardrail window (days) | M4: revenue from epoch | N4: revenue to epoch | O4: config_hash | P4: plan hash valid
A5: xv-001 | B5: 1785628800 | C5: 1775390400 | D5: 1779062700 | E5: 0.5 | F5: 0.5 | G5: 1.959964 | H5: 0.95 | I5: 0.001 | J5: 5 | K5: 7 | L5: 7 | M5: 1775433600 | N5: 1785628800 | O5: 5f76c305b85b7c53df19375d393c7ac4972b745bd47dc57fc772edd11dc3f707 | P5: =TRUE() -> TRUE
A6: xv-002 | B6: 1791072000 | C6: 1785672000 | D6: 1791072300 | E6: 0.6 | F6: 0.4 | G6: 1.959964 | H6: 0.95 | I6: 0.001 | J6: 5 | K6: 7 | L6: 7 | M6: 1785715200 | N6: 1791072000 | O6: 9ba9590cfd4ebaf0dcfd8f0a4ca39f3d60e66e726d8f20efd13f8b92a1d6638d | P6: =TRUE() -> TRUE
A8: Plan hash valid is typed: the sha256 of the key-sorted compact plan was recomputed by data/sql/analysis/python_side.py, the Python domain and the SQL reference; a spreadsheet has no sha256 (limit W-03).

Sheet SQL results (pasted)
A1: PASTED VALUES, not formulas, from data/sql/analysis/run_all.py
A2: dataset hash 12672f9c39402517083bbbbe9164cbefe3435361dff086eb0d9e16e60f9b66f8 | code revision fdf911a | contract v1 | goes stale if the data or the queries change
A3: reconciliation rows | equal | B3: 296 | C3: 296
A5: 05_experiment_v1_at_each_run_cutoff__lift_by_cutoff
A6: run | B6: cutoff_at | C6: interim | D6: prior_runs | E6: assigned_control | F6: assigned_treatment | G6: mature_control | H6: mature_treatment | I6: activated_control | J6: activated_treatment | K6: conversion_control | L6: conversion_treatment | M6: absolute_lift_pp | N6: relative_lift | O6: newcombe_low | P6: newcombe_high | Q6: interval_includes_zero | R6: srm_statistic | S6: srm_p_value | T6: srm_verdict | U6: plan_hash_valid | V6: plan_frozen | W6: conclusive
A7: an-001 | B7: 2026-05-18T00:00:00Z | C7: true | D7: 0 | E7: 77 | F7: 78 | G7: 65 | H7: 64 | I7: 18 | J7: 25 | K7: 0.276923 | L7: 0.390625 | M7: 11.37 | N7: 0.41059 | O7: -0.048312 | P7: 0.268068 | Q7: true | R7: 0.006452 | S7: 0.935981 | T7: OK | U7: true | V7: true | W7: false
A8: an-002 | B8: 2026-06-15T00:00:00Z | C8: true | D8: 1 | E8: 127 | F8: 126 | G8: 114 | H8: 115 | I8: 34 | J8: 48 | K8: 0.298246 | L8: 0.417391 | M8: 11.91 | N8: 0.399488 | O8: -0.004952 | P8: 0.238174 | Q8: true | R8: 0.003953 | S8: 0.94987 | T8: OK | U8: true | V8: true | W8: false
A9: an-003 | B9: 2026-07-13T00:00:00Z | C9: true | D9: 2 | E9: 177 | F9: 176 | G9: 164 | H9: 164 | I9: 53 | J9: 68 | K9: 0.323171 | L9: 0.414634 | M9: 9.15 | N9: 0.283019 | O9: -0.012863 | P9: 0.193048 | Q9: true | R9: 0.002833 | S9: 0.957553 | T9: OK | U9: true | V9: true | W9: false
A10: an-004 | B10: 2026-08-02T00:00:00Z | C10: false | D10: 3 | E10: 200 | F10: 200 | G10: 200 | H10: 200 | I10: 63 | J10: 82 | K10: 0.315 | L10: 0.41 | M10: 9.5 | N10: 0.301587 | O10: 0.000812 | P10: 0.186863 | Q10: false | R10: 0 | S10: 1 | T10: OK | U10: true | V10: true | W10: true
A11: as-of | B11: 2026-10-05T00:00:00Z | C11: false | E11: 200 | F11: 200 | G11: 200 | H11: 200 | I11: 63 | J11: 82 | K11: 0.315 | L11: 0.41 | M11: 9.5 | N11: 0.301587 | O11: 0.000812 | P11: 0.186863 | Q11: false | R11: 0 | S11: 1 | T11: OK | U11: true | V11: true | W11: true
A14: 06_experiment_v2_sample_ratio__srm_by_read
A15: experiment_version | B15: run | C15: cutoff_at | D15: planned_control | E15: planned_treatment | F15: observed_control | G15: observed_treatment | H15: expected_control | I15: expected_treatment | J15: treatment_share | K15: statistic | L15: p_value | M15: df | N15: verdict
A16: xv-001 | B16: an-001 | C16: 2026-05-18T00:00:00Z | D16: 0.5 | E16: 0.5 | F16: 77 | G16: 78 | H16: 77.5 | I16: 77.5 | J16: 0.503226 | K16: 0.006452 | L16: 0.935981 | M16: 1 | N16: OK
A17: xv-001 | B17: an-002 | C17: 2026-06-15T00:00:00Z | D17: 0.5 | E17: 0.5 | F17: 127 | G17: 126 | H17: 126.5 | I17: 126.5 | J17: 0.498024 | K17: 0.003953 | L17: 0.94987 | M17: 1 | N17: OK
A18: xv-001 | B18: an-003 | C18: 2026-07-13T00:00:00Z | D18: 0.5 | E18: 0.5 | F18: 177 | G18: 176 | H18: 176.5 | I18: 176.5 | J18: 0.498584 | K18: 0.002833 | L18: 0.957553 | M18: 1 | N18: OK
A19: xv-001 | B19: an-004 | C19: 2026-08-02T00:00:00Z | D19: 0.5 | E19: 0.5 | F19: 200 | G19: 200 | H19: 200 | I19: 200 | J19: 0.5 | K19: 0 | L19: 1 | M19: 1 | N19: OK
A20: xv-001 | B20: as-of | C20: 2026-10-05T00:00:00Z | D20: 0.5 | E20: 0.5 | F20: 200 | G20: 200 | H20: 200 | I20: 200 | J20: 0.5 | K20: 0 | L20: 1 | M20: 1 | N20: OK
A21: xv-002 | B21: an-005 | C21: 2026-10-04T00:00:00Z | D21: 0.6 | E21: 0.4 | F21: 62 | G21: 92 | H21: 92.4 | I21: 61.6 | J21: 0.597403 | K21: 25.004329 | L21: 1e-06 | M21: 1 | N21: MISMATCH
A22: xv-002 | B22: as-of | C22: 2026-10-05T00:00:00Z | D22: 0.6 | E22: 0.4 | F22: 62 | G22: 92 | H22: 92.4 | I22: 61.6 | J22: 0.597403 | K22: 25.004329 | L22: 1e-06 | M22: 1 | N22: MISMATCH
A25: 07_guardrail_and_revenue_per_arm__guardrail_by_cutoff
A26: run | B26: cutoff_at | C26: eligible_control | D26: eligible_treatment | E26: errors_control | F26: errors_treatment | G26: error_rate_control | H26: error_rate_treatment | I26: difference_pp | J26: newcombe_low | K26: newcombe_high | L26: interval_includes_zero | M26: verdict
A27: an-001 | B27: 2026-05-18T00:00:00Z | C27: 65 | D27: 64 | E27: 12 | F27: 12 | G27: 0.184615 | H27: 0.1875 | I27: 0.29 | J27: -0.132063 | K27: 0.138285 | L27: true | M27: OK
A28: an-002 | B28: 2026-06-15T00:00:00Z | C28: 114 | D28: 115 | E28: 19 | F28: 19 | G28: 0.166667 | H28: 0.165217 | I28: -0.14 | J28: -0.098781 | K28: 0.095704 | L28: true | M28: OK
A29: an-003 | B29: 2026-07-13T00:00:00Z | C29: 164 | D29: 164 | E29: 27 | F29: 26 | G29: 0.164634 | H29: 0.158537 | I29: -0.61 | J29: -0.086334 | K29: 0.074176 | L29: true | M29: OK
A30: an-004 | B30: 2026-08-02T00:00:00Z | C30: 200 | D30: 200 | E30: 31 | F30: 30 | G30: 0.155 | H30: 0.15 | I30: -0.5 | J30: -0.076005 | K30: 0.066018 | L30: true | M30: OK
A31: as-of | B31: 2026-10-05T00:00:00Z | C31: 200 | D31: 200 | E31: 31 | F31: 30 | G31: 0.155 | H31: 0.15 | I31: -0.5 | J31: -0.076005 | K31: 0.066018 | L31: true | M31: OK
A34: 07_guardrail_and_revenue_per_arm__revenue_difference
A35: run | B35: cutoff_at | C35: difference_usd | D35: welch_df | E35: t_quantile | F35: interval_low | G35: interval_high | H35: interval_includes_zero
A36: an-001 | B36: 2026-05-18T00:00:00Z | C36: 3.76 | D36: 126 | E36: 1.978971 | F36: -79.85 | G36: 87.38 | H36: true
A37: an-002 | B37: 2026-06-15T00:00:00Z | C37: -0.05 | D37: 226 | E37: 1.970516 | F37: -72.03 | G37: 71.92 | H37: true
A38: an-003 | B38: 2026-07-13T00:00:00Z | C38: 16.48 | D38: 325 | E38: 1.96729 | F38: -49.01 | G38: 81.98 | H38: true
A39: an-004 | B39: 2026-08-02T00:00:00Z | C39: 33.12 | D39: 391 | E39: 1.96605 | F39: -25.59 | G39: 91.83 | H39: true
A40: as-of | B40: 2026-10-05T00:00:00Z | C40: 33.12 | D40: 391 | E40: 1.96605 | F40: -25.59 | G40: 91.83 | H40: true
A43: 05_experiment_v1_at_each_run_cutoff__gap_lift
A44: reading | B44: mature_control | C44: activated_control | D44: mature_treatment | E44: activated_treatment | F44: conversion_control | G44: conversion_treatment | H44: absolute_lift_pp
A45: published (all mature accounts) | B45: 200 | C45: 63 | D45: 200 | E45: 82 | F45: 0.315 | G45: 0.41 | H45: 9.5
A46: excluding the gap accounts from both arms | B46: 195 | C46: 63 | D46: 194 | E46: 82 | F46: 0.323077 | G46: 0.42268 | H46: 9.96
A49: 01_activation_by_plan_and_segment__plan_segment
A50: plan | B50: segment | C50: accounts | D50: signed_up | E50: immature | F50: mature | G50: activated | H50: activation_rate
A51: business | B51: enterprise | C51: 51 | D51: 51 | E51: 1 | F51: 50 | G51: 31 | H51: 0.62
A52: business | B52: mid | C52: 27 | D52: 27 | E52: 1 | F52: 26 | G52: 16 | H52: 0.615385
A53: business | B53: smb | C53: 9 | D53: 9 | E53: 0 | F53: 9 | G53: 4 | H53: 0.444444
A54: business | B54: ALL | C54: 87 | D54: 87 | E54: 2 | F54: 85 | G54: 51 | H54: 0.6
A55: free | B55: enterprise | C55: 13 | D55: 13 | E55: 0 | F55: 13 | G55: 7 | H55: 0.538462
A56: free | B56: mid | C56: 52 | D56: 52 | E56: 1 | F56: 51 | G56: 19 | H56: 0.372549
A57: free | B57: smb | C57: 191 | D57: 191 | E57: 6 | F57: 185 | G57: 53 | H57: 0.286486
A58: free | B58: ALL | C58: 256 | D58: 256 | E58: 7 | F58: 249 | G58: 79 | H58: 0.317269
A59: team | B59: enterprise | C59: 24 | D59: 24 | E59: 2 | F59: 22 | G59: 7 | H59: 0.318182
A60: team | B60: mid | C60: 76 | D60: 76 | E60: 1 | F60: 75 | G60: 28 | H60: 0.373333
A61: team | B61: smb | C61: 145 | D61: 145 | E61: 5 | F61: 140 | G61: 49 | H61: 0.35
A62: team | B62: ALL | C62: 245 | D62: 245 | E62: 8 | F62: 237 | G62: 84 | H62: 0.35443
... A66: ALL | B66: ALL | C66: 588 | D66: 588 | E66: 17 | F66: 571 | G66: 214 | H66: 0.374781
A69: 02_weekly_cohort_grid__cohort_grid
A70: week_start | B70: accounts | C70: day1_mature | D70: day1_retained | E70: day7_mature | F70: day7_retained | G70: day14_mature | H70: day14_retained | I70: day28_mature | J70: day28_retained | K70: on_or_after_day7_mature | L70: on_or_after_day7_retained | M70: week4_mature | N70: week4_retained | O70: day7_status | P70: week4_status
A71: 2026-04-06 | B71: 27 | C71: 27 | D71: 7 | E71: 27 | F71: 4 | G71: 27 | H71: 5 | I71: 27 | J71: 2 | K71: 27 | L71: 14 | M71: 27 | N71: 7 | O71: complete | P71: complete
A72: 2026-04-13 | B72: 25 | C72: 25 | D72: 4 | E72: 25 | F72: 7 | G72: 25 | H72: 8 | I72: 25 | J72: 4 | K72: 25 | L72: 16 | M72: 25 | N72: 13 | O72: complete | P72: complete
A73: 2026-04-20 | B73: 25 | C73: 25 | D73: 4 | E73: 25 | F73: 3 | G73: 25 | H73: 4 | I73: 25 | J73: 1 | K73: 25 | L73: 11 | M73: 25 | N73: 7 | O73: complete | P73: complete
A74: 2026-04-27 | B74: 28 | C74: 28 | D74: 6 | E74: 28 | F74: 6 | G74: 28 | H74: 6 | I74: 28 | J74: 7 | K74: 28 | L74: 19 | M74: 28 | N74: 14 | O74: complete | P74: complete
A75: 2026-05-04 | B75: 24 | C75: 24 | D75: 5 | E75: 24 | F75: 3 | G75: 24 | H75: 5 | I75: 24 | J75: 0 | K75: 24 | L75: 19 | M75: 24 | N75: 8 | O75: complete | P75: complete
A76: 2026-05-11 | B76: 26 | C76: 26 | D76: 3 | E76: 26 | F76: 7 | G76: 26 | H76: 4 | I76: 26 | J76: 3 | K76: 26 | L76: 12 | M76: 26 | N76: 6 | O76: complete | P76: complete
A77: 2026-05-18 | B77: 24 | C77: 24 | D77: 6 | E77: 24 | F77: 2 | G77: 24 | H77: 6 | I77: 24 | J77: 1 | K77: 24 | L77: 18 | M77: 24 | N77: 13 | O77: complete | P77: complete
A78: 2026-05-25 | B78: 25 | C78: 25 | D78: 6 | E78: 25 | F78: 6 | G78: 25 | H78: 5 | I78: 25 | J78: 4 | K78: 25 | L78: 16 | M78: 25 | N78: 10 | O78: complete | P78: complete
A79: 2026-06-01 | B79: 25 | C79: 25 | D79: 4 | E79: 25 | F79: 7 | G79: 25 | H79: 3 | I79: 25 | J79: 1 | K79: 25 | L79: 15 | M79: 25 | N79: 6 | O79: complete | P79: complete
A80: 2026-06-08 | B80: 24 | C80: 24 | D80: 5 | E80: 24 | F80: 3 | G80: 24 | H80: 4 | I80: 24 | J80: 0 | K80: 24 | L80: 14 | M80: 24 | N80: 4 | O80: complete | P80: complete
A81: 2026-06-15 | B81: 25 | C81: 25 | D81: 2 | E81: 25 | F81: 0 | G81: 25 | H81: 2 | I81: 25 | J81: 2 | K81: 25 | L81: 13 | M81: 25 | N81: 8 | O81: complete | P81: complete
A82: 2026-06-22 | B82: 26 | C82: 26 | D82: 5 | E82: 26 | F82: 1 | G82: 26 | H82: 4 | I82: 26 | J82: 2 | K82: 26 | L82: 13 | M82: 26 | N82: 5 | O82: complete | P82: complete
... A97: ALL | B97: 588 | C97: 586 | D97: 112 | E97: 571 | F97: 107 | G97: 548 | H97: 93 | I97: 512 | J97: 46 | K97: 571 | L97: 342 | M97: 493 | N97: 164 | O97: partial | P97: partial
A100: 04_tracking_quality_by_week__by_week
A101: week_start | B101: rows_total | C101: duplicates_dropped | D101: canonical | E101: delayed_over_24h | F101: unknown_identity | G101: bot_excluded | H101: internal_excluded | I101: analysed | J101: anonymous_events | K101: attributed_by_link | L101: delayed_share
A102: 2026-04-06 | B102: 373 | C102: 2 | D102: 371 | E102: 2 | F102: 0 | G102: 0 | H102: 0 | I102: 371 | J102: 215 | K102: 4 | L102: 0.005391
A103: 2026-04-13 | B103: 451 | C103: 7 | D103: 444 | E103: 4 | F103: 1 | G103: 7 | H103: 0 | I103: 436 | J103: 219 | K103: 6 | L103: 0.009009
A104: 2026-04-20 | B104: 535 | C104: 7 | D104: 528 | E104: 7 | F104: 2 | G104: 36 | H104: 4 | I104: 486 | J104: 233 | K104: 3 | L104: 0.013258
A105: 2026-04-27 | B105: 552 | C105: 10 | D105: 542 | E105: 17 | F105: 1 | G105: 15 | H105: 2 | I105: 524 | J105: 257 | K105: 7 | L105: 0.031365
A106: 2026-05-04 | B106: 502 | C106: 6 | D106: 496 | E106: 6 | F106: 0 | G106: 7 | H106: 1 | I106: 488 | J106: 202 | K106: 5 | L106: 0.012097
A107: 2026-05-11 | B107: 603 | C107: 4 | D107: 599 | E107: 12 | F107: 2 | G107: 22 | H107: 0 | I107: 575 | J107: 259 | K107: 8 | L107: 0.020033
A108: 2026-05-18 | B108: 586 | C108: 5 | D108: 581 | E108: 6 | F108: 0 | G108: 24 | H108: 29 | I108: 528 | J108: 235 | K108: 7 | L108: 0.010327
A109: 2026-05-25 | B109: 551 | C109: 2 | D109: 549 | E109: 13 | F109: 0 | G109: 2 | H109: 5 | I109: 542 | J109: 239 | K109: 4 | L109: 0.023679
A110: 2026-06-01 | B110: 516 | C110: 7 | D110: 509 | E110: 13 | F110: 1 | G110: 0 | H110: 10 | I110: 498 | J110: 229 | K110: 9 | L110: 0.02554
A111: 2026-06-08 | B111: 503 | C111: 4 | D111: 499 | E111: 13 | F111: 4 | G111: 8 | H111: 5 | I111: 482 | J111: 208 | K111: 4 | L111: 0.026052
A112: 2026-06-15 | B112: 584 | C112: 4 | D112: 580 | E112: 9 | F112: 1 | G112: 8 | H112: 3 | I112: 568 | J112: 258 | K112: 6 | L112: 0.015517
A113: 2026-06-22 | B113: 563 | C113: 3 | D113: 560 | E113: 8 | F113: 0 | G113: 13 | H113: 6 | I113: 541 | J113: 232 | K113: 4 | L113: 0.014286
... A128: ALL | B128: 12552 | C128: 124 | D128: 12428 | E128: 237 | F128: 30 | G128: 305 | H128: 114 | I128: 11979 | J128: 5388 | K128: 124 | L128: 0.01907
