Workbook

Sheet Read me
A1: Pipeline Observatory analyst workbook (P08-ART-05)
A3: What it is | B3: A formula-driven recomputation of the Pipeline Observatory headline measures over the published synthetic snapshot po-20261026-20261026 (dataset hash 0a90687778634365c402c5431661b56625de20785e28d9b2388d36c0cad19aab, code revision ed7eb5a, as-of 2026-10-05T00:00:00Z): 6 sources, 1,311 batches, 1,343 hourly runs, 25 incidents, 15 backfill requests, 1,361 fetches.
A4: The decision | B4: Is this dataset safe, complete and fresh enough to publish? Publish decision applies the printed rule of the site: a blocked latest gate or a source past its freshness target means do not publish; a silent source means publish with a stated exception.
A5: Synthetic data and scope | B5: Everything is synthetic (a seeded generator). Every figure carries a scope: COMPLETE world (published in full), 2,000-row SAMPLE (raw rows), or RECORDED (the generator's statement). Observed = what this one draw shows; constructed = the designed relationships and injected defects; no real-world benefit is claimed.
A6: How to use it | B6: Open the .xlsx in any spreadsheet application. Controls!B3 changes how many cadences make a source silent; Controls!B5 switches the scope of the Selected rates; Checks!B2 is TRUE when every figure agrees with the Python domain, the manifest's record and the golden hand answer. Nothing needs installing to read the cached values.
A7: Recalculation status | B7: openpyxl wrote formulas only; LibreOffice (headless) recalculated the delivered file. Microsoft Excel was NOT run: nothing here was opened or recalculated by Excel (docs/workbook.md).
A8: Sheets | B8: Controls, Checks, Publish decision, Source health, Sample scope, Golden case, Assumptions (read-this-first limits), data sheets (Sources, Batches, Checkpoints, Runs, Incidents, Backfills, Retries, Fetch log), Domain reference (pasted values), SQL results (pasted).
A9: Colour | B9: Blue = typed input or pasted value; black = formula.

Sheet Controls
A1: Controls
A2: Change B3 (cadences) or B5 (scope): Source health and Publish decision follow. Blue cells are inputs.
A3: A source is silent above this many declared cadences (display rule, D-08) | B3: 2
A4: As-of (UTC) | B4: 46300
A5: Scope of the Selected rates (complete world | sample) | B5: complete world
A7: All checks pass (Checks!B2) | B7: =Checks!B2 -> TRUE
A8: Publish verdict (Publish decision!B10) | B8: ='Publish decision'!B10 -> PUBLISH WITH A STATED EXCEPTION: 1 source is silent while the jobs stay green, the first is src-refunds

Sheet Checks
A1: Checks: TRUE when every comparison with the Python domain, the manifest's record and the golden hand answer holds
A2: All checks pass | B2: =AND(B5:B15) -> TRUE
A4: check | B4: result
A5: Every source row of Source health agrees with the domain / the manifest's record (counts, rates, ingestion age, freshness, completeness) | B5: =COUNTIF('Source health'!T4:T9,TRUE())=ROWS('Source health'!T4:T9) -> TRUE
A6: Run funnel: runs | reached the gate | allowed | blocked at the gate | failed before it equal the domain's gate results | B6: =AND('Publish decision'!B14='Domain reference'!A13,'Publish decision'!B15='Domain reference'!B13,'Publish decision'!B16='Domain reference'!C13,'Publish decision'!B17='Domain reference'!D13,'Publish decision'!B18='Domain reference'!E13) -> TRUE
A7: Task success and attempt success equal the domain | B7: =AND(ROUND('Publish decision'!B30-'Domain reference'!F13,6)=0,ROUND('Publish decision'!B31-'Domain reference'!G13,6)=0) -> TRUE
A8: Failed runs by kind equal the manifest's by_type (freshness, relationships, residual, ingest, transform, gate_infra) | B8: =AND('Publish decision'!B22=5,'Publish decision'!B23=4,'Publish decision'!B24=1,'Publish decision'!B25=3,'Publish decision'!B26=9,'Publish decision'!B27=3) -> TRUE
A9: Incidents and mean recovery minutes equal the domain | B9: =AND('Publish decision'!B34='Domain reference'!A17,ROUND('Publish decision'!B35-'Domain reference'!B17,4)=0) -> TRUE
A10: Backfill coverage (requested, verified, coverage) equals the domain | B10: =AND('Publish decision'!B38='Domain reference'!C17,'Publish decision'!B39='Domain reference'!D17,ROUND('Publish decision'!B40-'Domain reference'!E17,6)=0,'Publish decision'!B41=4) -> TRUE
A11: Retry-after: every rate-limited fetch was retried no sooner than its hint | B11: =AND('Publish decision'!B44='Domain reference'!G17,'Publish decision'!B45='Domain reference'!H17,'Publish decision'!B44='Publish decision'!B45) -> TRUE
A12: Publication pointer equals the domain's current publication | B12: ='Publish decision'!B6='Domain reference'!I17 -> TRUE
A13: Publish verdict at the default controls is the stated exception for the one silent source | B13: =IF(AND(Controls!B3=2,Controls!B4=46300),LEFT('Publish decision'!B10,31)="PUBLISH WITH A STATED EXCEPTION",TRUE()) -> TRUE
A14: Golden case: every formula figure equals the hand answer | B14: =COUNTIF('Golden case'!D16:D34,TRUE())=ROWS('Golden case'!D16:D34) -> TRUE
A15: Sample scope: the sample's accepted count exceeds the world's for the same batches and the duplicate count falls short (the scope warning holds) | B15: =AND('Sample scope'!K10>0,'Sample scope'!L10<0) -> TRUE

Sheet Publish decision
A1: Is this dataset safe, complete and fresh enough to publish? The printed rule of the site, as formulas
A2: Rule: a blocked latest gate or a source past its declared freshness target means DO NOT PUBLISH; a silent source (freshness above Controls!B3 declared cadences) means PUBLISH WITH A STATED EXCEPTION. Scope: complete world except freshness (recorded).
A3: Latest run | B3: =INDEX(Runs!$A$4:$A$1346,ROWS(Runs!$A$4:$A$1346)) -> run-1343
A4: Latest run: status | B4: =INDEX(Runs!$C$4:$C$1346,ROWS(Runs!$C$4:$C$1346)) -> success
A5: Latest run: gate decision | B5: =INDEX(Runs!$P$4:$P$1346,ROWS(Runs!$P$4:$P$1346)) -> allowed
A6: Publication pointer (publication of the latest published run) | B6: =LOOKUP(2,1/(Runs!$J$4:$J$1346=TRUE()),Runs!$K$4:$K$1346) -> pub-1343
A7: Sources past their declared freshness target | B7: ='Source health'!P10 -> 0
A8: Silent sources | B8: ='Source health'!Q10 -> 1
A9: First silent source | B9: =IFERROR(INDEX('Source health'!A4:A9,MATCH(TRUE(),'Source health'!Q4:Q9,0)),"none") -> src-refunds
A10: Verdict | B10: =IF(B5<>"allowed","DO NOT PUBLISH: the latest gate did not allow the run",IF(B7>0,"DO NOT PUBLISH: a source is past its declared freshness target",IF(B8>0,"PUBLISH WITH A STATED EXCEPTION: "&B8&IF(B8=1," source is"," sources are")&" silent while the jobs stay green, the first is "&B9,"PUBLISH"))) -> PUBLISH WITH A STATED EXCEPTION: 1 source is silent while the jobs stay green, the first is src-refunds
A13: Run funnel (D-09 R8-07)
A14: runs | B14: =COUNTA(Runs!$A$4:$A$1346) -> 1343
A15: reached the gate | B15: =COUNTIF(Runs!$P$4:$P$1346,"allowed")+COUNTIF(Runs!$P$4:$P$1346,"blocked") -> 1328
A16: allowed | B16: =COUNTIF(Runs!$P$4:$P$1346,"allowed") -> 1318
A17: blocked at the gate | B17: =COUNTIF(Runs!$Q$4:$Q$1346,"blocked_at_gate") -> 10
A18: failed before the gate | B18: =COUNTIF(Runs!$Q$4:$Q$1346,"failed_before_gate") -> 15
A19: published | B19: =COUNTIF(Runs!$J$4:$J$1346,TRUE()) -> 1318
A21: Failed runs by kind | C21: mean recovery minutes
A22: freshness | B22: =COUNTIF(Runs!$R$4:$R$1346,A22) -> 5 | C22: =ROUND(AVERAGEIFS(Incidents!$E$4:$E$28,Incidents!$G$4:$G$28,A22)/60,4) -> 66.78
A23: relationships | B23: =COUNTIF(Runs!$R$4:$R$1346,A23) -> 4 | C23: =ROUND(AVERAGEIFS(Incidents!$E$4:$E$28,Incidents!$G$4:$G$28,A23)/60,4) -> 64.1
A24: residual | B24: =COUNTIF(Runs!$R$4:$R$1346,A24) -> 1 | C24: =ROUND(AVERAGEIFS(Incidents!$E$4:$E$28,Incidents!$G$4:$G$28,A24)/60,4) -> 63.1
A25: ingest | B25: =COUNTIF(Runs!$R$4:$R$1346,A25) -> 3 | C25: =ROUND(AVERAGEIFS(Incidents!$E$4:$E$28,Incidents!$G$4:$G$28,A25)/60,4) -> 65.2778
A26: transform | B26: =COUNTIF(Runs!$R$4:$R$1346,A26) -> 9 | C26: =ROUND(AVERAGEIFS(Incidents!$E$4:$E$28,Incidents!$G$4:$G$28,A26)/60,4) -> 55.3611
A27: gate_infra | B27: =COUNTIF(Runs!$R$4:$R$1346,A27) -> 3 | C27: =ROUND(AVERAGEIFS(Incidents!$E$4:$E$28,Incidents!$G$4:$G$28,A27)/60,4) -> 56.5278
A29: Tasks against attempts
A30: task success rate | B30: =ROUND(SUM(Runs!$M$4:$M$1346)/SUM(Runs!$L$4:$L$1346),6) -> 0.995311
A31: attempt success rate | B31: =ROUND(SUM(Runs!$O$4:$O$1346)/SUM(Runs!$N$4:$N$1346),6) -> 0.971622
A33: Incidents and recovery
A34: incidents | B34: =COUNTA(Incidents!$A$4:$A$28) -> 25
A35: mean recovery minutes (verified recovery minus detection) | B35: =ROUND(AVERAGE(Incidents!$E$4:$E$28)/60,4) -> 60.6827
A37: Backfill coverage (accepted requests only)
A38: requested partitions | B38: =COUNTIF(Backfills!$C$4:$C$22,"accepted") -> 15
A39: verified partitions | B39: =COUNTIFS(Backfills!$C$4:$C$22,"accepted",Backfills!$E$4:$E$22,TRUE()) -> 11
A40: coverage | B40: =ROUND(B39/B38,6) -> 0.733333
A41: refused partitions (beside, never inside) | B41: =COUNTIF(Backfills!$C$4:$C$22,"refused") -> 4
A43: Retry-after
A44: rate-limited fetches | B44: =COUNTIF('Fetch log'!$D$4:$D$1364,"rate_limited") -> 49
A45: retries honouring the hint | B45: =COUNTIF(Retries!$H$4:$H$52,TRUE()) -> 49
A46: refetch rows | loop rows | B46: =COUNTIF('Fetch log'!$D$4:$D$1364,"refetch")&" | "&COUNTIF('Fetch log'!$D$4:$D$1364,"cursor_loop") -> 48 | 1

Sheet Source health
A1: Source health at the as-of: counts and rates (complete world), ingestion age, freshness (recorded), flags
A2: Controls!B3 = the number of declared cadences that make a source silent; Controls!B5 = the scope of the Selected rates. Check = the row agrees with the domain / the manifest's record (Domain reference).
A3: source_id | B3: cadence_seconds | C3: target_seconds | D3: committed_batches | E3: received | F3: accepted_unique | G3: duplicate | H3: quarantined | I3: deleted | J3: rejection_rate | K3: duplicate_rate | L3: selected_rejection_rate | M3: selected_duplicate_rate | N3: ingestion_age_seconds | O3: freshness_seconds | P3: over_target | Q3: silent | R3: expected_records | S3: completeness | T3: check
A4: src-inventory | B4: =INDEX(Sources!$C$4:$C$9,MATCH(A4,Sources!$A$4:$A$9,0)) -> 86400 | C4: =INDEX(Sources!$D$4:$D$9,MATCH(A4,Sources!$A$4:$A$9,0)) -> 259200 | D4: =COUNTIFS(Batches!$B$4:$B$1314,A4,Batches!$C$4:$C$1314,"committed") -> 61 | E4: =SUMIFS(Batches!$G$4:$G$1314,Batches!$B$4:$B$1314,$A4,Batches!$C$4:$C$1314,"committed") -> 1723 | F4: =SUMIFS(Batches!$H$4:$H$1314,Batches!$B$4:$B$1314,$A4,Batches!$C$4:$C$1314,"committed") -> 1630 | G4: =SUMIFS(Batches!$I$4:$I$1314,Batches!$B$4:$B$1314,$A4,Batches!$C$4:$C$1314,"committed") -> 72 | H4: =SUMIFS(Batches!$J$4:$J$1314,Batches!$B$4:$B$1314,$A4,Batches!$C$4:$C$1314,"committed") -> 21 | I4: =SUMIFS(Batches!$K$4:$K$1314,Batches!$B$4:$B$1314,$A4,Batches!$C$4:$C$1314,"committed") -> 0 | J4: =ROUND(H4/E4,6) -> 0.012188 | K4: =ROUND(G4/E4,6) -> 0.041788 | L4: =IF(Controls!$B$5="sample",'Sample scope'!G4,J4) -> 0.012188 | M4: =IF(Controls!$B$5="sample",'Sample scope'!H4,K4) -> 0.041788 | N4: =ROUND((Controls!$B$4-_xlfn.MAXIFS(Checkpoints!$C$4:$C$1305,Checkpoints!$B$4:$B$1305,A4))*86400,0) -> 67674 | O4: =ROUND((Controls!$B$4-INDEX(Sources!$G$4:$G$9,MATCH(A4,Sources!$A$4:$A$9,0)))*86400,0) -> 79203 | P4: =O4>C4 -> FALSE | Q4: =O4>Controls!$B$3*B4 -> FALSE | R4: =INDEX(Sources!$F$4:$F$9,MATCH(A4,Sources!$A$4:$A$9,0)) -> 1645 | S4: =ROUND(F4/R4,6) -> 0.990881 | T4: =AND(E4='Domain reference'!B4,F4='Domain reference'!C4,G4='Domain reference'!D4,H4='Domain reference'!E4,ROUND(J4-'Domain reference'!F4,6)=0,ROUND(K4-'Domain reference'!G4,6)=0,N4='Domain reference'!H4,O4='Domain reference'!I4,ROUND(S4-'Domain reference'!J4,6)=0) -> TRUE
A5: src-orders | B5: =INDEX(Sources!$C$4:$C$9,MATCH(A5,Sources!$A$4:$A$9,0)) -> 14400 | C5: =INDEX(Sources!$D$4:$D$9,MATCH(A5,Sources!$A$4:$A$9,0)) -> 19800 | D5: =COUNTIFS(Batches!$B$4:$B$1314,A5,Batches!$C$4:$C$1314,"committed") -> 335 | E5: =SUMIFS(Batches!$G$4:$G$1314,Batches!$B$4:$B$1314,$A5,Batches!$C$4:$C$1314,"committed") -> 16815 | F5: =SUMIFS(Batches!$H$4:$H$1314,Batches!$B$4:$B$1314,$A5,Batches!$C$4:$C$1314,"committed") -> 16066 | G5: =SUMIFS(Batches!$I$4:$I$1314,Batches!$B$4:$B$1314,$A5,Batches!$C$4:$C$1314,"committed") -> 502 | H5: =SUMIFS(Batches!$J$4:$J$1314,Batches!$B$4:$B$1314,$A5,Batches!$C$4:$C$1314,"committed") -> 181 | I5: =SUMIFS(Batches!$K$4:$K$1314,Batches!$B$4:$B$1314,$A5,Batches!$C$4:$C$1314,"committed") -> 66 | J5: =ROUND(H5/E5,6) -> 0.010764 | K5: =ROUND(G5/E5,6) -> 0.029854 | L5: =IF(Controls!$B$5="sample",'Sample scope'!G5,J5) -> 0.010764 | M5: =IF(Controls!$B$5="sample",'Sample scope'!H5,K5) -> 0.029854 | N5: =ROUND((Controls!$B$4-_xlfn.MAXIFS(Checkpoints!$C$4:$C$1305,Checkpoints!$B$4:$B$1305,A5))*86400,0) -> 13887 | O5: =ROUND((Controls!$B$4-INDEX(Sources!$G$4:$G$9,MATCH(A5,Sources!$A$4:$A$9,0)))*86400,0) -> 14514 | P5: =O5>C5 -> FALSE | Q5: =O5>Controls!$B$3*B5 -> FALSE | R5: =INDEX(Sources!$F$4:$F$9,MATCH(A5,Sources!$A$4:$A$9,0)) -> 16176 | S5: =ROUND(F5/R5,6) -> 0.9932 | T5: =AND(E5='Domain reference'!B5,F5='Domain reference'!C5,G5='Domain reference'!D5,H5='Domain reference'!E5,ROUND(J5-'Domain reference'!F5,6)=0,ROUND(K5-'Domain reference'!G5,6)=0,N5='Domain reference'!H5,O5='Domain reference'!I5,ROUND(S5-'Domain reference'!J5,6)=0) -> TRUE
A6: src-payments | B6: =INDEX(Sources!$C$4:$C$9,MATCH(A6,Sources!$A$4:$A$9,0)) -> 14400 | C6: =INDEX(Sources!$D$4:$D$9,MATCH(A6,Sources!$A$4:$A$9,0)) -> 21600 | D6: =COUNTIFS(Batches!$B$4:$B$1314,A6,Batches!$C$4:$C$1314,"committed") -> 336 | E6: =SUMIFS(Batches!$G$4:$G$1314,Batches!$B$4:$B$1314,$A6,Batches!$C$4:$C$1314,"committed") -> 10805 | F6: =SUMIFS(Batches!$H$4:$H$1314,Batches!$B$4:$B$1314,$A6,Batches!$C$4:$C$1314,"committed") -> 10125 | G6: =SUMIFS(Batches!$I$4:$I$1314,Batches!$B$4:$B$1314,$A6,Batches!$C$4:$C$1314,"committed") -> 522 | H6: =SUMIFS(Batches!$J$4:$J$1314,Batches!$B$4:$B$1314,$A6,Batches!$C$4:$C$1314,"committed") -> 123 | I6: =SUMIFS(Batches!$K$4:$K$1314,Batches!$B$4:$B$1314,$A6,Batches!$C$4:$C$1314,"committed") -> 35 | J6: =ROUND(H6/E6,6) -> 0.011384 | K6: =ROUND(G6/E6,6) -> 0.048311 | L6: =IF(Controls!$B$5="sample",'Sample scope'!G6,J6) -> 0.011384 | M6: =IF(Controls!$B$5="sample",'Sample scope'!H6,K6) -> 0.048311 | N6: =ROUND((Controls!$B$4-_xlfn.MAXIFS(Checkpoints!$C$4:$C$1305,Checkpoints!$B$4:$B$1305,A6))*86400,0) -> 6638 | O6: =ROUND((Controls!$B$4-INDEX(Sources!$G$4:$G$9,MATCH(A6,Sources!$A$4:$A$9,0)))*86400,0) -> 7766 | P6: =O6>C6 -> FALSE | Q6: =O6>Controls!$B$3*B6 -> FALSE | R6: =INDEX(Sources!$F$4:$F$9,MATCH(A6,Sources!$A$4:$A$9,0)) -> 10207 | S6: =ROUND(F6/R6,6) -> 0.991966 | T6: =AND(E6='Domain reference'!B6,F6='Domain reference'!C6,G6='Domain reference'!D6,H6='Domain reference'!E6,ROUND(J6-'Domain reference'!F6,6)=0,ROUND(K6-'Domain reference'!G6,6)=0,N6='Domain reference'!H6,O6='Domain reference'!I6,ROUND(S6-'Domain reference'!J6,6)=0) -> TRUE
A7: src-refunds | B7: =INDEX(Sources!$C$4:$C$9,MATCH(A7,Sources!$A$4:$A$9,0)) -> 21600 | C7: =INDEX(Sources!$D$4:$D$9,MATCH(A7,Sources!$A$4:$A$9,0)) -> 604800 | D7: =COUNTIFS(Batches!$B$4:$B$1314,A7,Batches!$C$4:$C$1314,"committed") -> 228 | E7: =SUMIFS(Batches!$G$4:$G$1314,Batches!$B$4:$B$1314,$A7,Batches!$C$4:$C$1314,"committed") -> 4295 | F7: =SUMIFS(Batches!$H$4:$H$1314,Batches!$B$4:$B$1314,$A7,Batches!$C$4:$C$1314,"committed") -> 3785 | G7: =SUMIFS(Batches!$I$4:$I$1314,Batches!$B$4:$B$1314,$A7,Batches!$C$4:$C$1314,"committed") -> 468 | H7: =SUMIFS(Batches!$J$4:$J$1314,Batches!$B$4:$B$1314,$A7,Batches!$C$4:$C$1314,"committed") -> 42 | I7: =SUMIFS(Batches!$K$4:$K$1314,Batches!$B$4:$B$1314,$A7,Batches!$C$4:$C$1314,"committed") -> 0 | J7: =ROUND(H7/E7,6) -> 0.009779 | K7: =ROUND(G7/E7,6) -> 0.108964 | L7: =IF(Controls!$B$5="sample",'Sample scope'!G7,J7) -> 0.009779 | M7: =IF(Controls!$B$5="sample",'Sample scope'!H7,K7) -> 0.108964 | N7: =ROUND((Controls!$B$4-_xlfn.MAXIFS(Checkpoints!$C$4:$C$1305,Checkpoints!$B$4:$B$1305,A7))*86400,0) -> 17363 | O7: =ROUND((Controls!$B$4-INDEX(Sources!$G$4:$G$9,MATCH(A7,Sources!$A$4:$A$9,0)))*86400,0) -> 262378 | P7: =O7>C7 -> FALSE | Q7: =O7>Controls!$B$3*B7 -> TRUE | R7: =INDEX(Sources!$F$4:$F$9,MATCH(A7,Sources!$A$4:$A$9,0)) -> 4003 | S7: =ROUND(F7/R7,6) -> 0.945541 | T7: =AND(E7='Domain reference'!B7,F7='Domain reference'!C7,G7='Domain reference'!D7,H7='Domain reference'!E7,ROUND(J7-'Domain reference'!F7,6)=0,ROUND(K7-'Domain reference'!G7,6)=0,N7='Domain reference'!H7,O7='Domain reference'!I7,ROUND(S7-'Domain reference'!J7,6)=0) -> TRUE
A8: src-shipments | B8: =INDEX(Sources!$C$4:$C$9,MATCH(A8,Sources!$A$4:$A$9,0)) -> 21600 | C8: =INDEX(Sources!$D$4:$D$9,MATCH(A8,Sources!$A$4:$A$9,0)) -> 259200 | D8: =COUNTIFS(Batches!$B$4:$B$1314,A8,Batches!$C$4:$C$1314,"committed") -> 226 | E8: =SUMIFS(Batches!$G$4:$G$1314,Batches!$B$4:$B$1314,$A8,Batches!$C$4:$C$1314,"committed") -> 4410 | F8: =SUMIFS(Batches!$H$4:$H$1314,Batches!$B$4:$B$1314,$A8,Batches!$C$4:$C$1314,"committed") -> 3985 | G8: =SUMIFS(Batches!$I$4:$I$1314,Batches!$B$4:$B$1314,$A8,Batches!$C$4:$C$1314,"committed") -> 368 | H8: =SUMIFS(Batches!$J$4:$J$1314,Batches!$B$4:$B$1314,$A8,Batches!$C$4:$C$1314,"committed") -> 35 | I8: =SUMIFS(Batches!$K$4:$K$1314,Batches!$B$4:$B$1314,$A8,Batches!$C$4:$C$1314,"committed") -> 22 | J8: =ROUND(H8/E8,6) -> 0.007937 | K8: =ROUND(G8/E8,6) -> 0.083447 | L8: =IF(Controls!$B$5="sample",'Sample scope'!G8,J8) -> 0.007937 | M8: =IF(Controls!$B$5="sample",'Sample scope'!H8,K8) -> 0.083447 | N8: =ROUND((Controls!$B$4-_xlfn.MAXIFS(Checkpoints!$C$4:$C$1305,Checkpoints!$B$4:$B$1305,A8))*86400,0) -> 9931 | O8: =ROUND((Controls!$B$4-INDEX(Sources!$G$4:$G$9,MATCH(A8,Sources!$A$4:$A$9,0)))*86400,0) -> 11789 | P8: =O8>C8 -> FALSE | Q8: =O8>Controls!$B$3*B8 -> FALSE | R8: =INDEX(Sources!$F$4:$F$9,MATCH(A8,Sources!$A$4:$A$9,0)) -> 4004 | S8: =ROUND(F8/R8,6) -> 0.995255 | T8: =AND(E8='Domain reference'!B8,F8='Domain reference'!C8,G8='Domain reference'!D8,H8='Domain reference'!E8,ROUND(J8-'Domain reference'!F8,6)=0,ROUND(K8-'Domain reference'!G8,6)=0,N8='Domain reference'!H8,O8='Domain reference'!I8,ROUND(S8-'Domain reference'!J8,6)=0) -> TRUE
A9: src-web-events | B9: =INDEX(Sources!$C$4:$C$9,MATCH(A9,Sources!$A$4:$A$9,0)) -> 43200 | C9: =INDEX(Sources!$D$4:$D$9,MATCH(A9,Sources!$A$4:$A$9,0)) -> 216000 | D9: =COUNTIFS(Batches!$B$4:$B$1314,A9,Batches!$C$4:$C$1314,"committed") -> 116 | E9: =SUMIFS(Batches!$G$4:$G$1314,Batches!$B$4:$B$1314,$A9,Batches!$C$4:$C$1314,"committed") -> 1853 | F9: =SUMIFS(Batches!$H$4:$H$1314,Batches!$B$4:$B$1314,$A9,Batches!$C$4:$C$1314,"committed") -> 1657 | G9: =SUMIFS(Batches!$I$4:$I$1314,Batches!$B$4:$B$1314,$A9,Batches!$C$4:$C$1314,"committed") -> 169 | H9: =SUMIFS(Batches!$J$4:$J$1314,Batches!$B$4:$B$1314,$A9,Batches!$C$4:$C$1314,"committed") -> 27 | I9: =SUMIFS(Batches!$K$4:$K$1314,Batches!$B$4:$B$1314,$A9,Batches!$C$4:$C$1314,"committed") -> 0 | J9: =ROUND(H9/E9,6) -> 0.014571 | K9: =ROUND(G9/E9,6) -> 0.091203 | L9: =IF(Controls!$B$5="sample",'Sample scope'!G9,J9) -> 0.014571 | M9: =IF(Controls!$B$5="sample",'Sample scope'!H9,K9) -> 0.091203 | N9: =ROUND((Controls!$B$4-_xlfn.MAXIFS(Checkpoints!$C$4:$C$1305,Checkpoints!$B$4:$B$1305,A9))*86400,0) -> 20724 | O9: =ROUND((Controls!$B$4-INDEX(Sources!$G$4:$G$9,MATCH(A9,Sources!$A$4:$A$9,0)))*86400,0) -> 21398 | P9: =O9>C9 -> FALSE | Q9: =O9>Controls!$B$3*B9 -> FALSE | R9: =INDEX(Sources!$F$4:$F$9,MATCH(A9,Sources!$A$4:$A$9,0)) -> 1678 | S9: =ROUND(F9/R9,6) -> 0.987485 | T9: =AND(E9='Domain reference'!B9,F9='Domain reference'!C9,G9='Domain reference'!D9,H9='Domain reference'!E9,ROUND(J9-'Domain reference'!F9,6)=0,ROUND(K9-'Domain reference'!G9,6)=0,N9='Domain reference'!H9,O9='Domain reference'!I9,ROUND(S9-'Domain reference'!J9,6)=0) -> TRUE
A10: all sources | D10: =SUM(D4:D9) -> 1302 | E10: =SUM(E4:E9) -> 39901 | F10: =SUM(F4:F9) -> 37248 | G10: =SUM(G4:G9) -> 2101 | H10: =SUM(H4:H9) -> 429 | I10: =SUM(I4:I9) -> 123 | J10: =ROUND(H10/E10,6) -> 0.010752 | K10: =ROUND(G10/E10,6) -> 0.052655 | P10: =COUNTIF(P4:P9,TRUE()) -> 0 | Q10: =COUNTIF(Q4:Q9,TRUE()) -> 1 | T10: =AND(T4:T9) -> TRUE

Sheet Sample scope
A1: The same rows under two scopes: the 2,000-row sample classified from the loaded rows only, and the complete world's classification of the SAME sampled batches
A2: The sample overstates accepted and understates duplicates because a key whose first copy sits in an unsampled batch looks new. Typed from the independent Python side (python_side.classify_sample) and the batch summaries.
A3: source_id | B3: sample_received | C3: sample_accepted | D3: sample_quarantined | E3: sample_duplicate | F3: sample_deleted | G3: sample_rejection_rate | H3: sample_duplicate_rate | I3: world_accepted (same batches) | J3: world_duplicate (same batches) | K3: accepted_delta | L3: duplicate_delta
A4: src-inventory | B4: 86 | C4: 83 | D4: 3 | E4: 0 | F4: 0 | G4: =ROUND(D4/B4,6) -> 0.034884 | H4: =ROUND(E4/B4,6) -> 0 | I4: 81 | J4: 2 | K4: =C4-I4 -> 2 | L4: =E4-J4 -> -2
A5: src-orders | B5: 983 | C5: 967 | D5: 11 | E5: 4 | F5: 1 | G5: =ROUND(D5/B5,6) -> 0.01119 | H5: =ROUND(E5/B5,6) -> 0.004069 | I5: 948 | J5: 23 | K5: =C5-I5 -> 19 | L5: =E5-J5 -> -19
A6: src-payments | B6: 367 | C6: 356 | D6: 11 | E6: 0 | F6: 0 | G6: =ROUND(D6/B6,6) -> 0.029973 | H6: =ROUND(E6/B6,6) -> 0 | I6: 346 | J6: 10 | K6: =C6-I6 -> 10 | L6: =E6-J6 -> -10
A7: src-refunds | B7: 152 | C7: 131 | D7: 2 | E7: 19 | F7: 0 | G7: =ROUND(D7/B7,6) -> 0.013158 | H7: =ROUND(E7/B7,6) -> 0.125 | I7: 124 | J7: 26 | K7: =C7-I7 -> 7 | L7: =E7-J7 -> -7
A8: src-shipments | B8: 193 | C8: 191 | D8: 2 | E8: 0 | F8: 0 | G8: =ROUND(D8/B8,6) -> 0.010363 | H8: =ROUND(E8/B8,6) -> 0 | I8: 182 | J8: 9 | K8: =C8-I8 -> 9 | L8: =E8-J8 -> -9
A9: src-web-events | B9: 97 | C9: 94 | D9: 3 | E9: 0 | F9: 0 | G9: =ROUND(D9/B9,6) -> 0.030928 | H9: =ROUND(E9/B9,6) -> 0 | I9: 88 | J9: 6 | K9: =C9-I9 -> 6 | L9: =E9-J9 -> -6
A10: all sources | B10: =SUM(B4:B9) -> 1878 | C10: =SUM(C4:C9) -> 1822 | D10: =SUM(D4:D9) -> 32 | E10: =SUM(E4:E9) -> 23 | F10: =SUM(F4:F9) -> 1 | G10: =ROUND(D10/B10,6) -> 0.017039 | H10: =ROUND(E10/B10,6) -> 0.012247 | I10: =SUM(I4:I9) -> 1769 | J10: =SUM(J4:J9) -> 76 | K10: =SUM(K4:K9) -> 53 | L10: =SUM(L4:L9) -> -53
A12: Selected scope (Controls!B5) headline duplicate rate | B12: =IF(Controls!$B$5="sample",H10,'Source health'!K10) -> 0.052655

Sheet Golden case
A1: Golden known answer (P08-GOLD-01, tests/fixtures/golden): ten rows by formula
A2: Typed inputs are blue; the class of each row, every count, rate, instant difference and the residual are formulas. Check = equals the hand answer of CALCULATION.md.
A3: source_key | B3: quantity | C3: unit_price | D3: amount | E3: event_ts (serial) | F3: class (formula)
A4: ORD-1001 | B4: 2 | C4: 12.5 | D4: 25 | E4: 46299.333 | F4: =IF(COUNTIFS(A$3:A3,A4,F$3:F3,"accepted")>0,"duplicate",IF(B4<0,"quarantined","accepted")) -> accepted
A5: ORD-1002 | B5: 1 | C5: 40 | D5: 40 | E5: 46299.347 | F5: =IF(COUNTIFS(A$3:A4,A5,F$3:F4,"accepted")>0,"duplicate",IF(B5<0,"quarantined","accepted")) -> accepted
A6: ORD-1003 | B6: 3 | C6: 9.99 | D6: 29.97 | E6: 46299.361 | F6: =IF(COUNTIFS(A$3:A5,A6,F$3:F5,"accepted")>0,"duplicate",IF(B6<0,"quarantined","accepted")) -> accepted
A7: ORD-1004 | B7: 5 | C7: 4 | D7: 20 | E7: 46299.375 | F7: =IF(COUNTIFS(A$3:A6,A7,F$3:F6,"accepted")>0,"duplicate",IF(B7<0,"quarantined","accepted")) -> accepted
A8: ORD-1005 | B8: 1 | C8: 100 | D8: 100 | E8: 46299.382 | F8: =IF(COUNTIFS(A$3:A7,A8,F$3:F7,"accepted")>0,"duplicate",IF(B8<0,"quarantined","accepted")) -> accepted
A9: ORD-1003 | B9: 3 | C9: 9.99 | D9: 29.97 | E9: 46299.361 | F9: =IF(COUNTIFS(A$3:A8,A9,F$3:F8,"accepted")>0,"duplicate",IF(B9<0,"quarantined","accepted")) -> duplicate
A10: ORD-1006 | B10: 4 | C10: 7.25 | D10: 29 | E10: 46299.389 | F10: =IF(COUNTIFS(A$3:A9,A10,F$3:F9,"accepted")>0,"duplicate",IF(B10<0,"quarantined","accepted")) -> accepted
A11: ORD-1009 | B11: -3 | C11: 10 | D11: -30 | E11: 46299.392 | F11: =IF(COUNTIFS(A$3:A10,A11,F$3:F10,"accepted")>0,"duplicate",IF(B11<0,"quarantined","accepted")) -> quarantined
A12: ORD-1007 | B12: 2 | C12: 15.5 | D12: 31 | E12: 46299.396 | F12: =IF(COUNTIFS(A$3:A11,A12,F$3:F11,"accepted")>0,"duplicate",IF(B12<0,"quarantined","accepted")) -> accepted
A13: ORD-1008 | B13: 6 | C13: 2.5 | D13: 15 | E13: 46299.385 | F13: =IF(COUNTIFS(A$3:A12,A13,F$3:F12,"accepted")>0,"duplicate",IF(B13<0,"quarantined","accepted")) -> accepted
A15: figure | B15: formula result | C15: hand answer (typed) | D15: check
A16: received | B16: =COUNTA(A4:A13) -> 10 | C16: 10 | D16: =ROUND(B16-C16,6)=0 -> TRUE
A17: accepted unique | B17: =COUNTIF(F4:F13,"accepted") -> 8 | C17: 8 | D17: =ROUND(B17-C17,6)=0 -> TRUE
A18: duplicate | B18: =COUNTIF(F4:F13,"duplicate") -> 1 | C18: 1 | D18: =ROUND(B18-C18,6)=0 -> TRUE
A19: quarantined | B19: =COUNTIF(F4:F13,"quarantined") -> 1 | C19: 1 | D19: =ROUND(B19-C19,6)=0 -> TRUE
A20: rejection rate | B20: =ROUND(B19/B16,6) -> 0.1 | C20: 0.1 | D20: =ROUND(B20-C20,6)=0 -> TRUE
A21: duplicate rate | B21: =ROUND(B18/B16,6) -> 0.1 | C21: 0.1 | D21: =ROUND(B21-C21,6)=0 -> TRUE
A22: freshness seconds (as-of minus the latest accepted event) | B22: =ROUND((Controls!$B$4-_xlfn.MAXIFS(E4:E13,F4:F13,"accepted"))*86400,0) -> 52200 | C22: 52200 | D22: =ROUND(B22-C22,6)=0 -> TRUE
A23: ingestion age seconds (as-of minus the last committed batch, b-002 at 12:05) | B23: =ROUND((Controls!$B$4-46299.5034722222)*86400,0) -> 42900 | C23: 42900 | D23: =ROUND(B23-C23,6)=0 -> TRUE
A24: completeness (accepted / 9 expected) | B24: =ROUND(B17/9,6) -> 0.888889 | C24: 0.888889 | D24: =ROUND(B24-C24,6)=0 -> TRUE
A25: run-001 task success (4 tasks, 4 successful) | B25: =ROUND(4/4,6) -> 1 | C25: 1 | D25: =ROUND(B25-C25,6)=0 -> TRUE
A26: run-001 attempt success (5 attempts: transform twice; 4 successful) | B26: =ROUND(4/(1+2+1+1),6) -> 0.8 | C26: 0.8 | D26: =ROUND(B26-C26,6)=0 -> TRUE
A27: source total (every received row) | B27: =ROUND(SUM(D4:D13),2) -> 289.94 | C27: 289.94 | D27: =ROUND(B27-C27,6)=0 -> TRUE
A28: published total (accepted rows) | B28: =ROUND(SUMIF(F4:F13,"accepted",D4:D13),2) -> 289.97 | C28: 289.97 | D28: =ROUND(B28-C28,6)=0 -> TRUE
A29: quarantined amount (exclusion) | B29: =ROUND(SUMIF(F4:F13,"quarantined",D4:D13),2) -> -30 | C29: -30 | D29: =ROUND(B29-C29,6)=0 -> TRUE
A30: duplicate amount (exclusion) | B30: =ROUND(SUMIF(F4:F13,"duplicate",D4:D13),2) -> 29.97 | C30: 29.97 | D30: =ROUND(B30-C30,6)=0 -> TRUE
A31: residual = source - published - exclusions | B31: =ROUND(B27-B28-(B29+B30),2) -> 0 | C31: 0 | D31: =ROUND(B31-C31,6)=0 -> TRUE
A32: recovery minutes (verified 20:15 minus detected 12:20) | B32: =ROUND(ROUND((46299.84375-46299.5138888889)*86400,0)/60,4) -> 475 | C32: 475 | D32: =ROUND(B32-C32,6)=0 -> TRUE
A33: backfill coverage (2 of 3 partitions) | B33: =ROUND(2/3,6) -> 0.666667 | C33: 0.666667 | D33: =ROUND(B33-C33,6)=0 -> TRUE
A34: processing rate (8 accepted / 12 s) | B34: =ROUND(B17/12,6) -> 0.666667 | C34: 0.666667 | D34: =ROUND(B34-C34,6)=0 -> TRUE

Sheet Assumptions
A1: Assumptions and limits
A3: id | B3: statement
A4: A-01 | B4: Gate (D-P8-08): a run reached the gate when it has quality results; allowed iff at least one critical result exists and none failed, else blocked; a run that never reached the gate has no decision (not_reached). 'Blocked' in the domain's pointer_history counts those 15 runs too; the funnel keeps them apart (D-09 R8-07).
A5: A-02 | B5: Failure kind: a failed run that reached the gate is named for its failed critical check (freshness_within_target = freshness, relationships_intact = relationships, reconciliation_residual_zero = residual); otherwise for the task that failed last (ingest, transform; quality_gate = gate_infra).
A6: A-03 | B6: Rates divide by received (committed batches only; the schema-quarantined batch and the aborted batches count for nothing). A zero denominator is null, never 0. Deleted rows are beside accepted, duplicate and quarantined, not inside a rate's numerator.
A7: A-04 | B7: Ingestion age = as-of minus the latest checkpoint of a committed batch; freshness = as-of minus the latest ACCEPTED event, which is RECORDED by the generator (the files hold a 2,000-row sample of the raw rows). Silent = freshness above Controls!B3 declared cadences (a display rule, not a contract rule).
A8: A-05 | B8: Task success = successful terminal tasks / terminal tasks (the status of a task's last attempt); attempt success = successful attempts / attempts. An attempt is not a task.
A9: A-06 | B9: Recovery minutes = (verified recovery - detection) / 60, the verified recovery being the publication of the first later run that succeeded, was allowed and reconciled (D-P8-06); the recovery publication instants are typed from the published files.
A10: A-07 | B10: Backfill coverage = verified / requested partitions of the ACCEPTED requests; the 4 partitions of the 2 requests refused for overlap are shown beside it (D-09 R8-11).
A11: W-01 | B11: Observed, constructed and hypothetical results are kept apart: every figure is observed in one draw of a generated world; the designed relationships (DR-01..DR-05) and the twelve injected defects are constructed; no benefit to a real organisation is claimed.
A12: W-02 | B12: TYPED, not replayed by formulas: the per-batch counts (the generator's domain run over 40,191 raw rows), the gate and task counts of each run, the recorded latest accepted event of each source, the recovery publication instants and the sample's own classification (python_side.py). Each is compared with the Python domain, the manifest or the SQL after recalculation.
A13: W-03 | B13: Recalculation: openpyxl writes formulas only; the delivered file was recalculated by LibreOffice headless and carries its cached values; Excel was NOT run. fullCalcOnLoad is set so Excel recalculates on open. Functions used: SUMIFS, COUNTIFS, COUNTIF, MAXIFS, AVERAGEIFS, INDEX, MATCH, LOOKUP, ROUND, IF, AND, IFERROR (MAXIFS needs Excel 2019 or later).
A14: W-04 | B14: The switches change what the Selected columns and the verdict show; the check cell does not depend on the scope switch, and its verdict check applies at the default controls.
A15: W-05 | B15: The workbook has no macros, no external links and no credentials.

Sheet Sources
A1: Source contracts (6) and the RECORDED latest accepted event of each
A2: latest_accepted_event is RECORDED by the generator (manifest stats.freshness_at_as_of): the published raw rows are a sample and cannot show it. expected_records = the declared expectation over 56 partitions (complete world).
A3: source_id | B3: expected_frequency | C3: cadence_seconds | D3: freshness_target_seconds | E3: schema_version | F3: expected_records | G3: latest_accepted_event (recorded, serial) | H3: sample_rows_in_the_files
A4: src-inventory | B4: daily | C4: 86400 | D4: 259200 | E4: 1 | F4: 1645 | G4: 46299.083 | H4: 86
A5: src-orders | B5: every 4 hours | C5: 14400 | D5: 19800 | E5: 1 | F5: 16176 | G5: 46299.832 | H5: 1054
A6: src-payments | B6: every 4 hours | C6: 14400 | D6: 21600 | E6: 2 | F6: 10207 | G6: 46299.91 | H6: 418
A7: src-refunds | B7: every 6 hours | C7: 21600 | D7: 604800 | E7: 1 | F7: 4003 | G7: 46296.963 | H7: 152
A8: src-shipments | B8: every 6 hours | C8: 21600 | D8: 259200 | E8: 1 | F8: 4004 | G8: 46299.864 | H8: 193
A9: src-web-events | B9: every 12 hours | C9: 43200 | D9: 216000 | E9: 1 | F9: 1678 | G9: 46299.752 | H9: 97

Sheet Batches
A1: Ingestion batches (1,311): the per-batch counts the generator's domain run computed over ALL raw rows (COMPLETE world)
A2: received counts committed batches only; the schema-quarantined batch (status quarantined) and the aborted batches count for nothing.
A3: batch_id | B3: source_id | C3: status | D3: kind | E3: started_at (serial) | F3: written_rows | G3: received | H3: accepted_unique | I3: duplicate | J3: quarantined | K3: deleted | L3: sampled
A4: b-0001 | B4: src-refunds | C4: committed | D4: live | E4: 46244.046 | F4: 1 | G4: 1 | H4: 1 | I4: 0 | J4: 0 | K4: 0 | L4: =FALSE() -> FALSE
A5: b-0002 | B5: src-payments | C5: committed | D5: live | E5: 46244.088 | F5: 4 | G5: 4 | H5: 4 | I5: 0 | J5: 0 | K5: 0 | L5: =FALSE() -> FALSE
A6: b-0003 | B6: src-shipments | C6: committed | D6: live | E6: 46244.13 | F6: 2 | G6: 2 | H6: 2 | I6: 0 | J6: 0 | K6: 0 | L6: =FALSE() -> FALSE
A7: b-0004 | B7: src-orders | C7: committed | D7: live | E7: 46244.17 | F7: 15 | G7: 15 | H7: 15 | I7: 0 | J7: 0 | K7: 0 | L7: =FALSE() -> FALSE
A8: b-0005 | B8: src-inventory | C8: committed | D8: live | E8: 46244.213 | F8: 2 | G8: 2 | H8: 2 | I8: 0 | J8: 0 | K8: 0 | L8: =TRUE() -> TRUE
A9: b-0006 | B9: src-payments | C9: committed | D9: live | E9: 46244.253 | F9: 12 | G9: 12 | H9: 9 | I9: 3 | J9: 0 | K9: 0 | L9: =FALSE() -> FALSE
A10: b-0007 | B10: src-web-events | C10: committed | D10: live | E10: 46244.256 | F10: 1 | G10: 1 | H10: 1 | I10: 0 | J10: 0 | K10: 0 | L10: =FALSE() -> FALSE
A11: b-0008 | B11: src-refunds | C11: committed | D11: live | E11: 46244.297 | F11: 7 | G11: 7 | H11: 7 | I11: 0 | J11: 0 | K11: 0 | L11: =FALSE() -> FALSE
A12: b-0009 | B12: src-orders | C12: committed | D12: live | E12: 46244.336 | F12: 33 | G12: 33 | H12: 29 | I12: 3 | J12: 1 | K12: 0 | L12: =FALSE() -> FALSE
A13: b-0010 | B13: src-shipments | C13: committed | D13: live | E13: 46244.38 | F13: 14 | G13: 14 | H13: 14 | I13: 0 | J13: 0 | K13: 0 | L13: =FALSE() -> FALSE
A14: b-0011 | B14: src-payments | C14: committed | D14: live | E14: 46244.42 | F14: 36 | G14: 36 | H14: 33 | I14: 3 | J14: 0 | K14: 0 | L14: =FALSE() -> FALSE
A15: b-0012 | B15: src-orders | C15: committed | D15: live | E15: 46244.502 | F15: 74 | G15: 74 | H15: 72 | I15: 1 | J15: 1 | K15: 0 | L15: =FALSE() -> FALSE
A16: b-0013 | B16: src-refunds | C16: committed | D16: live | E16: 46244.547 | F16: 30 | G16: 30 | H16: 27 | I16: 3 | J16: 0 | K16: 0 | L16: =FALSE() -> FALSE
A17: b-0014 | B17: src-payments | C17: committed | D17: live | E17: 46244.587 | F17: 52 | G17: 52 | H17: 50 | I17: 2 | J17: 0 | K17: 0 | L17: =FALSE() -> FALSE
A18: b-0015 | B18: src-shipments | C18: committed | D18: live | E18: 46244.631 | F18: 34 | G18: 34 | H18: 31 | I18: 3 | J18: 0 | K18: 0 | L18: =FALSE() -> FALSE
A19: b-0016 | B19: src-orders | C19: committed | D19: live | E19: 46244.669 | F19: 74 | G19: 74 | H19: 72 | I19: 2 | J19: 0 | K19: 0 | L19: =FALSE() -> FALSE
A20: b-0017 | B20: src-payments | C20: committed | D20: live | E20: 46244.753 | F20: 48 | G20: 48 | H20: 47 | I20: 1 | J20: 0 | K20: 0 | L20: =FALSE() -> FALSE
... A63: b-0060 | B63: src-payments | C63: committed | D63: live | E63: 46246.588 | F63: 48 | G63: 48 | H63: 48 | I63: 0 | J63: 0 | K63: 0 | L63: =FALSE() -> FALSE
A64: b-0061 | B64: src-shipments | C64: committed | D64: live | E64: 46246.631 | F64: 27 | G64: 27 | H64: 25 | I64: 2 | J64: 0 | K64: 0 | L64: =TRUE() -> TRUE
A65: b-0062 | B65: src-orders | C65: committed | D65: live | E65: 46246.669 | F65: 85 | G65: 85 | H65: 84 | I65: 1 | J65: 0 | K65: 0 | L65: =FALSE() -> FALSE
A66: b-0063 | B66: src-payments | C66: committed | D66: live | E66: 46246.754 | F66: 48 | G66: 48 | H66: 43 | I66: 3 | J66: 2 | K66: 0 | L66: =FALSE() -> FALSE
A67: b-0064 | B67: src-web-events | C67: committed | D67: live | E67: 46246.757 | F67: 25 | G67: 25 | H67: 21 | I67: 3 | J67: 1 | K67: 0 | L67: =FALSE() -> FALSE
A68: b-0065 | B68: src-refunds | C68: committed | D68: live | E68: 46246.796 | F68: 26 | G68: 26 | H68: 24 | I68: 2 | J68: 0 | K68: 0 | L68: =FALSE() -> FALSE
A69: b-0066 | B69: src-orders | C69: committed | D69: live | E69: 46246.836 | F69: 75 | G69: 75 | H69: 71 | I69: 3 | J69: 1 | K69: 0 | L69: =FALSE() -> FALSE
A70: b-0067 | B70: src-shipments | C70: committed | D70: live | E70: 46246.88 | F70: 24 | G70: 24 | H70: 23 | I70: 1 | J70: 0 | K70: 0 | L70: =FALSE() -> FALSE
A71: b-0068 | B71: src-payments | C71: committed | D71: live | E71: 46246.921 | F71: 39 | G71: 39 | H71: 36 | I71: 3 | J71: 0 | K71: 0 | L71: =FALSE() -> FALSE
A72: b-0069 | B72: src-orders | C72: committed | D72: live | E72: 46247.004 | F72: 42 | G72: 42 | H72: 41 | I72: 1 | J72: 0 | K72: 0 | L72: =FALSE() -> FALSE
A73: b-0070 | B73: src-refunds | C73: committed | D73: live | E73: 46247.046 | F73: 17 | G73: 17 | H73: 15 | I73: 2 | J73: 0 | K73: 0 | L73: =FALSE() -> FALSE
A74: b-0071 | B74: src-payments | C74: committed | D74: live | E74: 46247.086 | F74: 14 | G74: 14 | H74: 13 | I74: 0 | J74: 1 | K74: 0 | L74: =FALSE() -> FALSE
A75: b-0072 | B75: src-shipments | C75: committed | D75: live | E75: 46247.13 | F75: 10 | G75: 10 | H75: 10 | I75: 0 | J75: 0 | K75: 0 | L75: =TRUE() -> TRUE
A76: b-0073 | B76: src-orders | C76: committed | D76: live | E76: 46247.17 | F76: 15 | G76: 15 | H76: 13 | I76: 2 | J76: 0 | K76: 0 | L76: =FALSE() -> FALSE
A77: b-0074 | B77: src-inventory | C77: committed | D77: live | E77: 46247.214 | F77: 36 | G77: 36 | H77: 34 | I77: 2 | J77: 0 | K77: 0 | L77: =FALSE() -> FALSE
A78: b-0075 | B78: src-payments | C78: committed | D78: live | E78: 46247.253 | F78: 10 | G78: 10 | H78: 8 | I78: 2 | J78: 0 | K78: 0 | L78: =FALSE() -> FALSE
A79: b-0076 | B79: src-web-events | C79: committed | D79: live | E79: 46247.256 | F79: 8 | G79: 8 | H79: 7 | I79: 1 | J79: 0 | K79: 0 | L79: =FALSE() -> FALSE
A80: b-0077 | B80: src-refunds | C80: committed | D80: live | E80: 46247.296 | F80: 9 | G80: 9 | H80: 6 | I80: 3 | J80: 0 | K80: 0 | L80: =FALSE() -> FALSE
A81: b-0078 | B81: src-orders | C81: committed | D81: live | E81: 46247.336 | F81: 33 | G81: 33 | H81: 30 | I81: 2 | J81: 1 | K81: 0 | L81: =FALSE() -> FALSE
A82: b-0079 | B82: src-shipments | C82: committed | D82: live | E82: 46247.38 | F82: 15 | G82: 15 | H82: 14 | I82: 1 | J82: 0 | K82: 0 | L82: =FALSE() -> FALSE
A83: b-0080 | B83: src-payments | C83: committed | D83: live | E83: 46247.42 | F83: 36 | G83: 36 | H83: 35 | I83: 1 | J83: 0 | K83: 0 | L83: =FALSE() -> FALSE
A84: b-0081 | B84: src-orders | C84: committed | D84: live | E84: 46247.502 | F84: 73 | G84: 73 | H84: 69 | I84: 2 | J84: 2 | K84: 0 | L84: =FALSE() -> FALSE
A85: b-0082 | B85: src-refunds | C85: committed | D85: live | E85: 46247.546 | F85: 32 | G85: 32 | H85: 30 | I85: 2 | J85: 0 | K85: 0 | L85: =FALSE() -> FALSE
A86: b-0083 | B86: src-payments | C86: committed | D86: live | E86: 46247.588 | F86: 53 | G86: 53 | H86: 50 | I86: 3 | J86: 0 | K86: 0 | L86: =FALSE() -> FALSE
A87: b-0084 | B87: src-shipments | C87: committed | D87: live | E87: 46247.629 | F87: 36 | G87: 36 | H87: 33 | I87: 3 | J87: 0 | K87: 0 | L87: =FALSE() -> FALSE
... A92: b-0089 | B92: src-orders | C92: committed | D92: live | E92: 46247.836 | F92: 67 | G92: 67 | H92: 67 | I92: 0 | J92: 0 | K92: 0 | L92: =FALSE() -> FALSE
A93: b-0090 | B93: src-shipments | C93: committed | D93: live | E93: 46247.88 | F93: 28 | G93: 28 | H93: 24 | I93: 2 | J93: 2 | K93: 0 | L93: =TRUE() -> TRUE
A94: b-0091 | B94: src-payments | C94: committed | D94: live | E94: 46247.92 | F94: 38 | G94: 38 | H94: 35 | I94: 3 | J94: 0 | K94: 0 | L94: =FALSE() -> FALSE
A95: b-0092 | B95: src-orders | C95: committed | D95: live | E95: 46248.003 | F95: 40 | G95: 40 | H95: 40 | I95: 0 | J95: 0 | K95: 0 | L95: =FALSE() -> FALSE
A96: b-0093 | B96: src-refunds | C96: committed | D96: live | E96: 46248.045 | F96: 14 | G96: 14 | H96: 14 | I96: 0 | J96: 0 | K96: 0 | L96: =FALSE() -> FALSE
A97: b-0094 | B97: src-payments | C97: committed | D97: live | E97: 46248.087 | F97: 16 | G97: 16 | H97: 13 | I97: 2 | J97: 1 | K97: 0 | L97: =FALSE() -> FALSE
A98: b-0095 | B98: src-shipments | C98: committed | D98: live | E98: 46248.131 | F98: 10 | G98: 10 | H98: 9 | I98: 1 | J98: 0 | K98: 0 | L98: =FALSE() -> FALSE
A99: b-0096 | B99: src-orders | C99: committed | D99: live | E99: 46248.169 | F99: 16 | G99: 16 | H99: 13 | I99: 3 | J99: 0 | K99: 0 | L99: =FALSE() -> FALSE
A100: b-0097 | B100: src-inventory | C100: committed | D100: live | E100: 46248.213 | F100: 31 | G100: 31 | H100: 29 | I100: 1 | J100: 1 | K100: 0 | L100: =FALSE() -> FALSE
A101: b-0098 | B101: src-payments | C101: committed | D101: live | E101: 46248.254 | F101: 10 | G101: 10 | H101: 9 | I101: 1 | J101: 0 | K101: 0 | L101: =FALSE() -> FALSE
A102: b-0099 | B102: src-web-events | C102: committed | D102: live | E102: 46248.256 | F102: 3 | G102: 3 | H102: 3 | I102: 0 | J102: 0 | K102: 0 | L102: =FALSE() -> FALSE
A103: b-0100 | B103: src-refunds | C103: committed | D103: live | E103: 46248.296 | F103: 9 | G103: 9 | H103: 6 | I103: 3 | J103: 0 | K103: 0 | L103: =FALSE() -> FALSE
A104: b-0101 | B104: src-orders | C104: committed | D104: live | E104: 46248.337 | F104: 30 | G104: 30 | H104: 26 | I104: 3 | J104: 1 | K104: 0 | L104: =FALSE() -> FALSE
A105: b-0102 | B105: src-shipments | C105: committed | D105: live | E105: 46248.379 | F105: 17 | G105: 17 | H105: 14 | I105: 2 | J105: 1 | K105: 0 | L105: =FALSE() -> FALSE
... A208: b-0205 | B208: src-orders | C208: committed | D208: live | E208: 46252.836 | F208: 71 | G208: 71 | H208: 70 | I208: 0 | J208: 1 | K208: 0 | L208: =FALSE() -> FALSE
A209: b-0206 | B209: src-shipments | C209: committed | D209: live | E209: 46252.881 | F209: 23 | G209: 23 | H209: 21 | I209: 2 | J209: 0 | K209: 0 | L209: =TRUE() -> TRUE
A210: b-0207 | B210: src-payments | C210: committed | D210: live | E210: 46252.92 | F210: 40 | G210: 40 | H210: 38 | I210: 2 | J210: 0 | K210: 0 | L210: =FALSE() -> FALSE
A211: b-0208 | B211: src-orders | C211: committed | D211: live | E211: 46253.002 | F211: 41 | G211: 41 | H211: 40 | I211: 1 | J211: 0 | K211: 0 | L211: =FALSE() -> FALSE
A212: b-0209 | B212: src-refunds | C212: committed | D212: live | E212: 46253.046 | F212: 15 | G212: 15 | H212: 15 | I212: 0 | J212: 0 | K212: 0 | L212: =FALSE() -> FALSE
A213: b-0210 | B213: src-payments | C213: committed | D213: live | E213: 46253.088 | F213: 17 | G213: 17 | H213: 14 | I213: 3 | J213: 0 | K213: 0 | L213: =FALSE() -> FALSE
A214: b-0211 | B214: src-shipments | C214: committed | D214: live | E214: 46253.133 | F214: 14 | G214: 14 | H214: 11 | I214: 3 | J214: 0 | K214: 0 | L214: =FALSE() -> FALSE
A215: b-0212 | B215: src-orders | C215: committed | D215: live | E215: 46253.17 | F215: 16 | G215: 16 | H215: 14 | I215: 2 | J215: 0 | K215: 0 | L215: =FALSE() -> FALSE
A216: b-0213 | B216: src-inventory | C216: committed | D216: live | E216: 46253.213 | F216: 36 | G216: 36 | H216: 34 | I216: 2 | J216: 0 | K216: 0 | L216: =FALSE() -> FALSE
A217: b-0214 | B217: src-payments | C217: committed | D217: live | E217: 46253.253 | F217: 8 | G217: 8 | H217: 8 | I217: 0 | J217: 0 | K217: 0 | L217: =FALSE() -> FALSE
A218: b-0215 | B218: src-web-events | C218: committed | D218: live | E218: 46253.256 | F218: 11 | G218: 11 | H218: 9 | I218: 2 | J218: 0 | K218: 0 | L218: =FALSE() -> FALSE
A219: b-0216 | B219: src-refunds | C219: committed | D219: live | E219: 46253.297 | F219: 7 | G219: 7 | H219: 7 | I219: 0 | J219: 0 | K219: 0 | L219: =FALSE() -> FALSE
A220: b-0217 | B220: src-shipments | C220: committed | D220: live | E220: 46253.379 | F220: 15 | G220: 15 | H220: 13 | I220: 2 | J220: 0 | K220: 0 | L220: =FALSE() -> FALSE
A221: b-0218 | B221: src-orders | C221: committed | D221: live | E221: 46253.394 | F221: 54 | G221: 54 | H221: 52 | I221: 2 | J221: 0 | K221: 0 | L221: =TRUE() -> TRUE
A222: b-0219 | B222: src-payments | C222: committed | D222: live | E222: 46253.42 | F222: 35 | G222: 35 | H222: 34 | I222: 1 | J222: 0 | K222: 0 | L222: =FALSE() -> FALSE
A223: b-0220 | B223: src-shipments | C223: committed | D223: backfill | E223: 46253.46 | F223: 65 | G223: 65 | H223: 65 | I223: 0 | J223: 0 | K223: 0 | L223: =TRUE() -> TRUE
A224: b-0221 | B224: src-orders | C224: committed | D224: live | E224: 46253.502 | F224: 51 | G224: 51 | H224: 47 | I224: 2 | J224: 1 | K224: 1 | L224: =FALSE() -> FALSE
A225: b-0222 | B225: src-refunds | C225: committed | D225: live | E225: 46253.546 | F225: 27 | G225: 27 | H225: 26 | I225: 0 | J225: 1 | K225: 0 | L225: =FALSE() -> FALSE
A226: b-0223 | B226: src-payments | C226: committed | D226: live | E226: 46253.587 | F226: 49 | G226: 49 | H226: 48 | I226: 0 | J226: 0 | K226: 1 | L226: =FALSE() -> FALSE
A227: b-0224 | B227: src-shipments | C227: committed | D227: live | E227: 46253.631 | F227: 28 | G227: 28 | H227: 27 | I227: 1 | J227: 0 | K227: 0 | L227: =FALSE() -> FALSE
A228: b-0225 | B228: src-orders | C228: committed | D228: live | E228: 46253.669 | F228: 81 | G228: 81 | H228: 78 | I228: 3 | J228: 0 | K228: 0 | L228: =FALSE() -> FALSE
A229: b-0226 | B229: src-payments | C229: committed | D229: live | E229: 46253.753 | F229: 48 | G229: 48 | H229: 48 | I229: 0 | J229: 0 | K229: 0 | L229: =FALSE() -> FALSE
A230: b-0227 | B230: src-web-events | C230: committed | D230: live | E230: 46253.757 | F230: 27 | G230: 27 | H230: 25 | I230: 2 | J230: 0 | K230: 0 | L230: =FALSE() -> FALSE
A231: b-0228 | B231: src-refunds | C231: committed | D231: live | E231: 46253.797 | F231: 26 | G231: 26 | H231: 24 | I231: 1 | J231: 1 | K231: 0 | L231: =FALSE() -> FALSE
A232: b-0229 | B232: src-orders | C232: committed | D232: live | E232: 46253.835 | F232: 71 | G232: 71 | H232: 69 | I232: 0 | J232: 1 | K232: 1 | L232: =FALSE() -> FALSE
A233: b-0230 | B233: src-shipments | C233: committed | D233: live | E233: 46253.879 | F233: 26 | G233: 26 | H233: 23 | I233: 2 | J233: 1 | K233: 0 | L233: =FALSE() -> FALSE
A234: b-0231 | B234: src-payments | C234: committed | D234: live | E234: 46253.921 | F234: 38 | G234: 38 | H234: 38 | I234: 0 | J234: 0 | K234: 0 | L234: =FALSE() -> FALSE
A235: b-0232 | B235: src-orders | C235: committed | D235: live | E235: 46254.002 | F235: 42 | G235: 42 | H235: 40 | I235: 1 | J235: 1 | K235: 0 | L235: =FALSE() -> FALSE
... A239: b-0236 | B239: src-orders | C239: committed | D239: live | E239: 46254.17 | F239: 17 | G239: 17 | H239: 13 | I239: 2 | J239: 1 | K239: 1 | L239: =FALSE() -> FALSE
A240: b-0237 | B240: src-inventory | C240: committed | D240: live | E240: 46254.213 | F240: 30 | G240: 30 | H240: 28 | I240: 2 | J240: 0 | K240: 0 | L240: =TRUE() -> TRUE
A241: b-0238 | B241: src-payments | C241: committed | D241: live | E241: 46254.253 | F241: 10 | G241: 10 | H241: 8 | I241: 1 | J241: 1 | K241: 0 | L241: =FALSE() -> FALSE
A242: b-0239 | B242: src-web-events | C242: committed | D242: live | E242: 46254.257 | F242: 8 | G242: 8 | H242: 8 | I242: 0 | J242: 0 | K242: 0 | L242: =FALSE() -> FALSE
A243: b-0240 | B243: src-refunds | C243: committed | D243: live | E243: 46254.296 | F243: 8 | G243: 8 | H243: 6 | I243: 2 | J243: 0 | K243: 0 | L243: =FALSE() -> FALSE
A244: b-0241 | B244: src-orders | C244: committed | D244: live | E244: 46254.336 | F244: 35 | G244: 35 | H244: 32 | I244: 2 | J244: 1 | K244: 0 | L244: =FALSE() -> FALSE
A245: b-0242 | B245: src-shipments | C245: committed | D245: live | E245: 46254.381 | F245: 12 | G245: 12 | H245: 10 | I245: 2 | J245: 0 | K245: 0 | L245: =FALSE() -> FALSE
A246: b-0243 | B246: src-payments | C246: committed | D246: live | E246: 46254.421 | F246: 36 | G246: 36 | H246: 34 | I246: 1 | J246: 0 | K246: 1 | L246: =FALSE() -> FALSE
A247: b-0244 | B247: src-orders | C247: committed | D247: live | E247: 46254.503 | F247: 70 | G247: 70 | H247: 69 | I247: 0 | J247: 0 | K247: 1 | L247: =FALSE() -> FALSE
A248: b-0245 | B248: src-refunds | C248: committed | D248: live | E248: 46254.546 | F248: 31 | G248: 31 | H248: 27 | I248: 3 | J248: 1 | K248: 0 | L248: =FALSE() -> FALSE
A249: b-0246 | B249: src-payments | C249: committed | D249: live | E249: 46254.587 | F249: 51 | G249: 51 | H249: 49 | I249: 2 | J249: 0 | K249: 0 | L249: =FALSE() -> FALSE
A250: b-0247 | B250: src-shipments | C250: committed | D250: live | E250: 46254.631 | F250: 31 | G250: 31 | H250: 30 | I250: 1 | J250: 0 | K250: 0 | L250: =FALSE() -> FALSE
A251: b-0248 | B251: src-orders | C251: committed | D251: live | E251: 46254.669 | F251: 78 | G251: 78 | H251: 76 | I251: 1 | J251: 1 | K251: 0 | L251: =FALSE() -> FALSE
...

Sheet Checkpoints
A1: Checkpoints (1,302): one per committed batch, committed with its rows in one transaction
A2: The last successful ingestion of a source is its latest committed_at.
A3: batch_id | B3: source_id | C3: committed_at (serial) | D3: version_number
A4: b-0005 | B4: src-inventory | C4: 46244.217 | D4: 1
A5: b-0028 | B5: src-inventory | C5: 46245.218 | D5: 2
A6: b-0051 | B6: src-inventory | C6: 46246.217 | D6: 3
A7: b-0074 | B7: src-inventory | C7: 46247.218 | D7: 4
A8: b-0097 | B8: src-inventory | C8: 46248.218 | D8: 5
A9: b-0120 | B9: src-inventory | C9: 46249.22 | D9: 6
A10: b-0143 | B10: src-inventory | C10: 46250.22 | D10: 7
A11: b-0167 | B11: src-inventory | C11: 46251.218 | D11: 8
A12: b-0190 | B12: src-inventory | C12: 46252.219 | D12: 9
A13: b-0213 | B13: src-inventory | C13: 46253.216 | D13: 10
A14: b-0237 | B14: src-inventory | C14: 46254.218 | D14: 11
A15: b-0260 | B15: src-inventory | C15: 46255.216 | D15: 12
... A1305: b-1307 | B1305: src-web-events | C1305: 46299.76 | D1305: 116

Sheet Runs
A1: Pipeline runs (1,343): typed gate and task counts, the stage and failure kind by formula (COMPLETE world)
A2: gate_decision: not_reached when the run has no check result; allowed when a critical result exists and none failed; else blocked (D-P8-08). failure_kind: the failed critical check, or the task that failed last.
A3: run_id | B3: started_at (serial) | C3: status | D3: duration_seconds | E3: checks | F3: critical_checks | G3: critical_failed | H3: failed_task | I3: first_failed_critical | J3: published | K3: publication_id | L3: tasks_terminal | M3: tasks_successful | N3: attempts | O3: attempts_successful | P3: gate_decision | Q3: stage | R3: failure_kind
A4: run-0001 | B4: 46244.052 | C4: success | D4: 934 | E4: 7 | F4: 6 | G4: 0 | J4: =TRUE() -> TRUE | K4: pub-0001 | L4: 4 | M4: 4 | N4: 4 | O4: 4 | P4: =IF(E4=0,"not_reached",IF(AND(F4>0,G4=0),"allowed","blocked")) -> allowed | Q4: =IF(C4="success","published",IF(E4>0,"blocked_at_gate","failed_before_gate")) -> published | R4: =IF(C4="success","",IF(E4>0,IF(I4="freshness_within_target","freshness",IF(I4="relationships_intact","relationships",IF(I4="reconciliation_residual_zero","residual",I4))),IF(H4="quality_gate","gate_infra",H4)))
A5: run-0002 | B5: 46244.094 | C5: success | D5: 864 | E5: 7 | F5: 6 | G5: 0 | J5: =TRUE() -> TRUE | K5: pub-0002 | L5: 4 | M5: 4 | N5: 4 | O5: 4 | P5: =IF(E5=0,"not_reached",IF(AND(F5>0,G5=0),"allowed","blocked")) -> allowed | Q5: =IF(C5="success","published",IF(E5>0,"blocked_at_gate","failed_before_gate")) -> published | R5: =IF(C5="success","",IF(E5>0,IF(I5="freshness_within_target","freshness",IF(I5="relationships_intact","relationships",IF(I5="reconciliation_residual_zero","residual",I5))),IF(H5="quality_gate","gate_infra",H5)))
A6: run-0003 | B6: 46244.135 | C6: success | D6: 829 | E6: 7 | F6: 6 | G6: 0 | J6: =TRUE() -> TRUE | K6: pub-0003 | L6: 4 | M6: 4 | N6: 4 | O6: 4 | P6: =IF(E6=0,"not_reached",IF(AND(F6>0,G6=0),"allowed","blocked")) -> allowed | Q6: =IF(C6="success","published",IF(E6>0,"blocked_at_gate","failed_before_gate")) -> published | R6: =IF(C6="success","",IF(E6>0,IF(I6="freshness_within_target","freshness",IF(I6="relationships_intact","relationships",IF(I6="reconciliation_residual_zero","residual",I6))),IF(H6="quality_gate","gate_infra",H6)))
A7: run-0004 | B7: 46244.177 | C7: success | D7: 765 | E7: 7 | F7: 6 | G7: 0 | J7: =TRUE() -> TRUE | K7: pub-0004 | L7: 4 | M7: 4 | N7: 4 | O7: 4 | P7: =IF(E7=0,"not_reached",IF(AND(F7>0,G7=0),"allowed","blocked")) -> allowed | Q7: =IF(C7="success","published",IF(E7>0,"blocked_at_gate","failed_before_gate")) -> published | R7: =IF(C7="success","",IF(E7>0,IF(I7="freshness_within_target","freshness",IF(I7="relationships_intact","relationships",IF(I7="reconciliation_residual_zero","residual",I7))),IF(H7="quality_gate","gate_infra",H7)))
A8: run-0005 | B8: 46244.219 | C8: success | D8: 819 | E8: 7 | F8: 6 | G8: 0 | J8: =TRUE() -> TRUE | K8: pub-0005 | L8: 4 | M8: 4 | N8: 4 | O8: 4 | P8: =IF(E8=0,"not_reached",IF(AND(F8>0,G8=0),"allowed","blocked")) -> allowed | Q8: =IF(C8="success","published",IF(E8>0,"blocked_at_gate","failed_before_gate")) -> published | R8: =IF(C8="success","",IF(E8>0,IF(I8="freshness_within_target","freshness",IF(I8="relationships_intact","relationships",IF(I8="reconciliation_residual_zero","residual",I8))),IF(H8="quality_gate","gate_infra",H8)))
A9: run-0006 | B9: 46244.26 | C9: success | D9: 938 | E9: 7 | F9: 6 | G9: 0 | J9: =TRUE() -> TRUE | K9: pub-0006 | L9: 4 | M9: 4 | N9: 4 | O9: 4 | P9: =IF(E9=0,"not_reached",IF(AND(F9>0,G9=0),"allowed","blocked")) -> allowed | Q9: =IF(C9="success","published",IF(E9>0,"blocked_at_gate","failed_before_gate")) -> published | R9: =IF(C9="success","",IF(E9>0,IF(I9="freshness_within_target","freshness",IF(I9="relationships_intact","relationships",IF(I9="reconciliation_residual_zero","residual",I9))),IF(H9="quality_gate","gate_infra",H9)))
A10: run-0007 | B10: 46244.302 | C10: success | D10: 894 | E10: 7 | F10: 6 | G10: 0 | J10: =TRUE() -> TRUE | K10: pub-0007 | L10: 4 | M10: 4 | N10: 4 | O10: 4 | P10: =IF(E10=0,"not_reached",IF(AND(F10>0,G10=0),"allowed","blocked")) -> allowed | Q10: =IF(C10="success","published",IF(E10>0,"blocked_at_gate","failed_before_gate")) -> published | R10: =IF(C10="success","",IF(E10>0,IF(I10="freshness_within_target","freshness",IF(I10="relationships_intact","relationships",IF(I10="reconciliation_residual_zero","residual",I10))),IF(H10="quality_gate","gate_infra",H10)))
A11: run-0008 | B11: 46244.344 | C11: success | D11: 753 | E11: 7 | F11: 6 | G11: 0 | J11: =TRUE() -> TRUE | K11: pub-0008 | L11: 4 | M11: 4 | N11: 4 | O11: 4 | P11: =IF(E11=0,"not_reached",IF(AND(F11>0,G11=0),"allowed","blocked")) -> allowed | Q11: =IF(C11="success","published",IF(E11>0,"blocked_at_gate","failed_before_gate")) -> published | R11: =IF(C11="success","",IF(E11>0,IF(I11="freshness_within_target","freshness",IF(I11="relationships_intact","relationships",IF(I11="reconciliation_residual_zero","residual",I11))),IF(H11="quality_gate","gate_infra",H11)))
A12: run-0009 | B12: 46244.385 | C12: success | D12: 697 | E12: 7 | F12: 6 | G12: 0 | J12: =TRUE() -> TRUE | K12: pub-0009 | L12: 4 | M12: 4 | N12: 4 | O12: 4 | P12: =IF(E12=0,"not_reached",IF(AND(F12>0,G12=0),"allowed","blocked")) -> allowed | Q12: =IF(C12="success","published",IF(E12>0,"blocked_at_gate","failed_before_gate")) -> published | R12: =IF(C12="success","",IF(E12>0,IF(I12="freshness_within_target","freshness",IF(I12="relationships_intact","relationships",IF(I12="reconciliation_residual_zero","residual",I12))),IF(H12="quality_gate","gate_infra",H12)))
A13: run-0010 | B13: 46244.427 | C13: success | D13: 786 | E13: 7 | F13: 6 | G13: 0 | J13: =TRUE() -> TRUE | K13: pub-0010 | L13: 4 | M13: 4 | N13: 4 | O13: 4 | P13: =IF(E13=0,"not_reached",IF(AND(F13>0,G13=0),"allowed","blocked")) -> allowed | Q13: =IF(C13="success","published",IF(E13>0,"blocked_at_gate","failed_before_gate")) -> published | R13: =IF(C13="success","",IF(E13>0,IF(I13="freshness_within_target","freshness",IF(I13="relationships_intact","relationships",IF(I13="reconciliation_residual_zero","residual",I13))),IF(H13="quality_gate","gate_infra",H13)))
A14: run-0011 | B14: 46244.469 | C14: success | D14: 959 | E14: 7 | F14: 6 | G14: 0 | J14: =TRUE() -> TRUE | K14: pub-0011 | L14: 4 | M14: 4 | N14: 4 | O14: 4 | P14: =IF(E14=0,"not_reached",IF(AND(F14>0,G14=0),"allowed","blocked")) -> allowed | Q14: =IF(C14="success","published",IF(E14>0,"blocked_at_gate","failed_before_gate")) -> published | R14: =IF(C14="success","",IF(E14>0,IF(I14="freshness_within_target","freshness",IF(I14="relationships_intact","relationships",IF(I14="reconciliation_residual_zero","residual",I14))),IF(H14="quality_gate","gate_infra",H14)))
A15: run-0012 | B15: 46244.51 | C15: success | D15: 675 | E15: 7 | F15: 6 | G15: 0 | J15: =TRUE() -> TRUE | K15: pub-0012 | L15: 4 | M15: 4 | N15: 4 | O15: 4 | P15: =IF(E15=0,"not_reached",IF(AND(F15>0,G15=0),"allowed","blocked")) -> allowed | Q15: =IF(C15="success","published",IF(E15>0,"blocked_at_gate","failed_before_gate")) -> published | R15: =IF(C15="success","",IF(E15>0,IF(I15="freshness_within_target","freshness",IF(I15="relationships_intact","relationships",IF(I15="reconciliation_residual_zero","residual",I15))),IF(H15="quality_gate","gate_infra",H15)))
... A181: run-0178 | B181: 46251.427 | C181: success | D181: 721 | E181: 7 | F181: 6 | G181: 0 | J181: =TRUE() -> TRUE | K181: pub-0178 | L181: 4 | M181: 4 | N181: 4 | O181: 4 | P181: =IF(E181=0,"not_reached",IF(AND(F181>0,G181=0),"allowed","blocked")) -> allowed | Q181: =IF(C181="success","published",IF(E181>0,"blocked_at_gate","failed_before_gate")) -> published | R181: =IF(C181="success","",IF(E181>0,IF(I181="freshness_within_target","freshness",IF(I181="relationships_intact","relationships",IF(I181="reconciliation_residual_zero","residual",I181))),IF(H181="quality_gate","gate_infra",H181)))
A182: run-0179 | B182: 46251.469 | C182: failed | D182: 428 | E182: 0 | F182: 0 | G182: 0 | H182: ingest | J182: =FALSE() -> FALSE | L182: 1 | M182: 0 | N182: 3 | O182: 0 | P182: =IF(E182=0,"not_reached",IF(AND(F182>0,G182=0),"allowed","blocked")) -> not_reached | Q182: =IF(C182="success","published",IF(E182>0,"blocked_at_gate","failed_before_gate")) -> failed_before_gate | R182: =IF(C182="success","",IF(E182>0,IF(I182="freshness_within_target","freshness",IF(I182="relationships_intact","relationships",IF(I182="reconciliation_residual_zero","residual",I182))),IF(H182="quality_gate","gate_infra",H182))) -> ingest
A183: run-0180 | B183: 46251.51 | C183: success | D183: 874 | E183: 7 | F183: 6 | G183: 0 | J183: =TRUE() -> TRUE | K183: pub-0180 | L183: 4 | M183: 4 | N183: 4 | O183: 4 | P183: =IF(E183=0,"not_reached",IF(AND(F183>0,G183=0),"allowed","blocked")) -> allowed | Q183: =IF(C183="success","published",IF(E183>0,"blocked_at_gate","failed_before_gate")) -> published | R183: =IF(C183="success","",IF(E183>0,IF(I183="freshness_within_target","freshness",IF(I183="relationships_intact","relationships",IF(I183="reconciliation_residual_zero","residual",I183))),IF(H183="quality_gate","gate_infra",H183)))
A184: run-0181 | B184: 46251.552 | C184: success | D184: 694 | E184: 7 | F184: 6 | G184: 0 | J184: =TRUE() -> TRUE | K184: pub-0181 | L184: 4 | M184: 4 | N184: 4 | O184: 4 | P184: =IF(E184=0,"not_reached",IF(AND(F184>0,G184=0),"allowed","blocked")) -> allowed | Q184: =IF(C184="success","published",IF(E184>0,"blocked_at_gate","failed_before_gate")) -> published | R184: =IF(C184="success","",IF(E184>0,IF(I184="freshness_within_target","freshness",IF(I184="relationships_intact","relationships",IF(I184="reconciliation_residual_zero","residual",I184))),IF(H184="quality_gate","gate_infra",H184)))
A185: run-0182 | B185: 46251.594 | C185: success | D185: 686 | E185: 7 | F185: 6 | G185: 0 | J185: =TRUE() -> TRUE | K185: pub-0182 | L185: 4 | M185: 4 | N185: 4 | O185: 4 | P185: =IF(E185=0,"not_reached",IF(AND(F185>0,G185=0),"allowed","blocked")) -> allowed | Q185: =IF(C185="success","published",IF(E185>0,"blocked_at_gate","failed_before_gate")) -> published | R185: =IF(C185="success","",IF(E185>0,IF(I185="freshness_within_target","freshness",IF(I185="relationships_intact","relationships",IF(I185="reconciliation_residual_zero","residual",I185))),IF(H185="quality_gate","gate_infra",H185)))
A186: run-0183 | B186: 46251.635 | C186: success | D186: 1072 | E186: 7 | F186: 6 | G186: 0 | J186: =TRUE() -> TRUE | K186: pub-0183 | L186: 4 | M186: 4 | N186: 5 | O186: 4 | P186: =IF(E186=0,"not_reached",IF(AND(F186>0,G186=0),"allowed","blocked")) -> allowed | Q186: =IF(C186="success","published",IF(E186>0,"blocked_at_gate","failed_before_gate")) -> published | R186: =IF(C186="success","",IF(E186>0,IF(I186="freshness_within_target","freshness",IF(I186="relationships_intact","relationships",IF(I186="reconciliation_residual_zero","residual",I186))),IF(H186="quality_gate","gate_infra",H186)))
A187: run-0184 | B187: 46251.677 | C187: success | D187: 844 | E187: 7 | F187: 6 | G187: 0 | J187: =TRUE() -> TRUE | K187: pub-0184 | L187: 4 | M187: 4 | N187: 4 | O187: 4 | P187: =IF(E187=0,"not_reached",IF(AND(F187>0,G187=0),"allowed","blocked")) -> allowed | Q187: =IF(C187="success","published",IF(E187>0,"blocked_at_gate","failed_before_gate")) -> published | R187: =IF(C187="success","",IF(E187>0,IF(I187="freshness_within_target","freshness",IF(I187="relationships_intact","relationships",IF(I187="reconciliation_residual_zero","residual",I187))),IF(H187="quality_gate","gate_infra",H187)))
A188: run-0185 | B188: 46251.719 | C188: failed | D188: 941 | E188: 0 | F188: 0 | G188: 0 | H188: transform | J188: =FALSE() -> FALSE | L188: 2 | M188: 1 | N188: 4 | O188: 1 | P188: =IF(E188=0,"not_reached",IF(AND(F188>0,G188=0),"allowed","blocked")) -> not_reached | Q188: =IF(C188="success","published",IF(E188>0,"blocked_at_gate","failed_before_gate")) -> failed_before_gate | R188: =IF(C188="success","",IF(E188>0,IF(I188="freshness_within_target","freshness",IF(I188="relationships_intact","relationships",IF(I188="reconciliation_residual_zero","residual",I188))),IF(H188="quality_gate","gate_infra",H188))) -> transform
A189: run-0186 | B189: 46251.76 | C189: success | D189: 902 | E189: 7 | F189: 6 | G189: 0 | J189: =TRUE() -> TRUE | K189: pub-0186 | L189: 4 | M189: 4 | N189: 4 | O189: 4 | P189: =IF(E189=0,"not_reached",IF(AND(F189>0,G189=0),"allowed","blocked")) -> allowed | Q189: =IF(C189="success","published",IF(E189>0,"blocked_at_gate","failed_before_gate")) -> published | R189: =IF(C189="success","",IF(E189>0,IF(I189="freshness_within_target","freshness",IF(I189="relationships_intact","relationships",IF(I189="reconciliation_residual_zero","residual",I189))),IF(H189="quality_gate","gate_infra",H189)))
A190: run-0187 | B190: 46251.802 | C190: success | D190: 757 | E190: 7 | F190: 6 | G190: 0 | J190: =TRUE() -> TRUE | K190: pub-0187 | L190: 4 | M190: 4 | N190: 4 | O190: 4 | P190: =IF(E190=0,"not_reached",IF(AND(F190>0,G190=0),"allowed","blocked")) -> allowed | Q190: =IF(C190="success","published",IF(E190>0,"blocked_at_gate","failed_before_gate")) -> published | R190: =IF(C190="success","",IF(E190>0,IF(I190="freshness_within_target","freshness",IF(I190="relationships_intact","relationships",IF(I190="reconciliation_residual_zero","residual",I190))),IF(H190="quality_gate","gate_infra",H190)))
A191: run-0188 | B191: 46251.844 | C191: success | D191: 769 | E191: 7 | F191: 6 | G191: 0 | J191: =TRUE() -> TRUE | K191: pub-0188 | L191: 4 | M191: 4 | N191: 4 | O191: 4 | P191: =IF(E191=0,"not_reached",IF(AND(F191>0,G191=0),"allowed","blocked")) -> allowed | Q191: =IF(C191="success","published",IF(E191>0,"blocked_at_gate","failed_before_gate")) -> published | R191: =IF(C191="success","",IF(E191>0,IF(I191="freshness_within_target","freshness",IF(I191="relationships_intact","relationships",IF(I191="reconciliation_residual_zero","residual",I191))),IF(H191="quality_gate","gate_infra",H191)))
A192: run-0189 | B192: 46251.885 | C192: success | D192: 899 | E192: 7 | F192: 6 | G192: 0 | J192: =TRUE() -> TRUE | K192: pub-0189 | L192: 4 | M192: 4 | N192: 5 | O192: 4 | P192: =IF(E192=0,"not_reached",IF(AND(F192>0,G192=0),"allowed","blocked")) -> allowed | Q192: =IF(C192="success","published",IF(E192>0,"blocked_at_gate","failed_before_gate")) -> published | R192: =IF(C192="success","",IF(E192>0,IF(I192="freshness_within_target","freshness",IF(I192="relationships_intact","relationships",IF(I192="reconciliation_residual_zero","residual",I192))),IF(H192="quality_gate","gate_infra",H192)))
A193: run-0190 | B193: 46251.927 | C193: success | D193: 766 | E193: 7 | F193: 6 | G193: 0 | J193: =TRUE() -> TRUE | K193: pub-0190 | L193: 4 | M193: 4 | N193: 4 | O193: 4 | P193: =IF(E193=0,"not_reached",IF(AND(F193>0,G193=0),"allowed","blocked")) -> allowed | Q193: =IF(C193="success","published",IF(E193>0,"blocked_at_gate","failed_before_gate")) -> published | R193: =IF(C193="success","",IF(E193>0,IF(I193="freshness_within_target","freshness",IF(I193="relationships_intact","relationships",IF(I193="reconciliation_residual_zero","residual",I193))),IF(H193="quality_gate","gate_infra",H193)))
A194: run-0191 | B194: 46251.969 | C194: success | D194: 864 | E194: 7 | F194: 6 | G194: 0 | J194: =TRUE() -> TRUE | K194: pub-0191 | L194: 4 | M194: 4 | N194: 4 | O194: 4 | P194: =IF(E194=0,"not_reached",IF(AND(F194>0,G194=0),"allowed","blocked")) -> allowed | Q194: =IF(C194="success","published",IF(E194>0,"blocked_at_gate","failed_before_gate")) -> published | R194: =IF(C194="success","",IF(E194>0,IF(I194="freshness_within_target","freshness",IF(I194="relationships_intact","relationships",IF(I194="reconciliation_residual_zero","residual",I194))),IF(H194="quality_gate","gate_infra",H194)))
A195: run-0192 | B195: 46252.01 | C195: success | D195: 777 | E195: 7 | F195: 6 | G195: 0 | J195: =TRUE() -> TRUE | K195: pub-0192 | L195: 4 | M195: 4 | N195: 4 | O195: 4 | P195: =IF(E195=0,"not_reached",IF(AND(F195>0,G195=0),"allowed","blocked")) -> allowed | Q195: =IF(C195="success","published",IF(E195>0,"blocked_at_gate","failed_before_gate")) -> published | R195: =IF(C195="success","",IF(E195>0,IF(I195="freshness_within_target","freshness",IF(I195="relationships_intact","relationships",IF(I195="reconciliation_residual_zero","residual",I195))),IF(H195="quality_gate","gate_infra",H195)))
A196: run-0193 | B196: 46252.052 | C196: success | D196: 763 | E196: 7 | F196: 6 | G196: 0 | J196: =TRUE() -> TRUE | K196: pub-0193 | L196: 4 | M196: 4 | N196: 4 | O196: 4 | P196: =IF(E196=0,"not_reached",IF(AND(F196>0,G196=0),"allowed","blocked")) -> allowed | Q196: =IF(C196="success","published",IF(E196>0,"blocked_at_gate","failed_before_gate")) -> published | R196: =IF(C196="success","",IF(E196>0,IF(I196="freshness_within_target","freshness",IF(I196="relationships_intact","relationships",IF(I196="reconciliation_residual_zero","residual",I196))),IF(H196="quality_gate","gate_infra",H196)))
A197: run-0194 | B197: 46252.094 | C197: success | D197: 763 | E197: 7 | F197: 6 | G197: 0 | J197: =TRUE() -> TRUE | K197: pub-0194 | L197: 4 | M197: 4 | N197: 4 | O197: 4 | P197: =IF(E197=0,"not_reached",IF(AND(F197>0,G197=0),"allowed","blocked")) -> allowed | Q197: =IF(C197="success","published",IF(E197>0,"blocked_at_gate","failed_before_gate")) -> published | R197: =IF(C197="success","",IF(E197>0,IF(I197="freshness_within_target","freshness",IF(I197="relationships_intact","relationships",IF(I197="reconciliation_residual_zero","residual",I197))),IF(H197="quality_gate","gate_infra",H197)))
A198: run-0195 | B198: 46252.135 | C198: success | D198: 936 | E198: 7 | F198: 6 | G198: 0 | J198: =TRUE() -> TRUE | K198: pub-0195 | L198: 4 | M198: 4 | N198: 4 | O198: 4 | P198: =IF(E198=0,"not_reached",IF(AND(F198>0,G198=0),"allowed","blocked")) -> allowed | Q198: =IF(C198="success","published",IF(E198>0,"blocked_at_gate","failed_before_gate")) -> published | R198: =IF(C198="success","",IF(E198>0,IF(I198="freshness_within_target","freshness",IF(I198="relationships_intact","relationships",IF(I198="reconciliation_residual_zero","residual",I198))),IF(H198="quality_gate","gate_infra",H198)))
A199: run-0196 | B199: 46252.177 | C199: success | D199: 929 | E199: 7 | F199: 6 | G199: 0 | J199: =TRUE() -> TRUE | K199: pub-0196 | L199: 4 | M199: 4 | N199: 4 | O199: 4 | P199: =IF(E199=0,"not_reached",IF(AND(F199>0,G199=0),"allowed","blocked")) -> allowed | Q199: =IF(C199="success","published",IF(E199>0,"blocked_at_gate","failed_before_gate")) -> published | R199: =IF(C199="success","",IF(E199>0,IF(I199="freshness_within_target","freshness",IF(I199="relationships_intact","relationships",IF(I199="reconciliation_residual_zero","residual",I199))),IF(H199="quality_gate","gate_infra",H199)))
A200: run-0197 | B200: 46252.219 | C200: success | D200: 793 | E200: 7 | F200: 6 | G200: 0 | J200: =TRUE() -> TRUE | K200: pub-0197 | L200: 4 | M200: 4 | N200: 4 | O200: 4 | P200: =IF(E200=0,"not_reached",IF(AND(F200>0,G200=0),"allowed","blocked")) -> allowed | Q200: =IF(C200="success","published",IF(E200>0,"blocked_at_gate","failed_before_gate")) -> published | R200: =IF(C200="success","",IF(E200>0,IF(I200="freshness_within_target","freshness",IF(I200="relationships_intact","relationships",IF(I200="reconciliation_residual_zero","residual",I200))),IF(H200="quality_gate","gate_infra",H200)))
... A208: run-0205 | B208: 46252.552 | C208: success | D208: 947 | E208: 7 | F208: 6 | G208: 0 | J208: =TRUE() -> TRUE | K208: pub-0205 | L208: 4 | M208: 4 | N208: 4 | O208: 4 | P208: =IF(E208=0,"not_reached",IF(AND(F208>0,G208=0),"allowed","blocked")) -> allowed | Q208: =IF(C208="success","published",IF(E208>0,"blocked_at_gate","failed_before_gate")) -> published | R208: =IF(C208="success","",IF(E208>0,IF(I208="freshness_within_target","freshness",IF(I208="relationships_intact","relationships",IF(I208="reconciliation_residual_zero","residual",I208))),IF(H208="quality_gate","gate_infra",H208)))
A209: run-0206 | B209: 46252.594 | C209: failed | D209: 1065 | E209: 0 | F209: 0 | G209: 0 | H209: quality_gate | J209: =FALSE() -> FALSE | L209: 3 | M209: 2 | N209: 5 | O209: 2 | P209: =IF(E209=0,"not_reached",IF(AND(F209>0,G209=0),"allowed","blocked")) -> not_reached | Q209: =IF(C209="success","published",IF(E209>0,"blocked_at_gate","failed_before_gate")) -> failed_before_gate | R209: =IF(C209="success","",IF(E209>0,IF(I209="freshness_within_target","freshness",IF(I209="relationships_intact","relationships",IF(I209="reconciliation_residual_zero","residual",I209))),IF(H209="quality_gate","gate_infra",H209))) -> gate_infra
A210: run-0207 | B210: 46252.635 | C210: success | D210: 852 | E210: 7 | F210: 6 | G210: 0 | J210: =TRUE() -> TRUE | K210: pub-0207 | L210: 4 | M210: 4 | N210: 4 | O210: 4 | P210: =IF(E210=0,"not_reached",IF(AND(F210>0,G210=0),"allowed","blocked")) -> allowed | Q210: =IF(C210="success","published",IF(E210>0,"blocked_at_gate","failed_before_gate")) -> published | R210: =IF(C210="success","",IF(E210>0,IF(I210="freshness_within_target","freshness",IF(I210="relationships_intact","relationships",IF(I210="reconciliation_residual_zero","residual",I210))),IF(H210="quality_gate","gate_infra",H210)))
A211: run-0208 | B211: 46252.677 | C211: success | D211: 901 | E211: 7 | F211: 6 | G211: 0 | J211: =TRUE() -> TRUE | K211: pub-0208 | L211: 4 | M211: 4 | N211: 4 | O211: 4 | P211: =IF(E211=0,"not_reached",IF(AND(F211>0,G211=0),"allowed","blocked")) -> allowed | Q211: =IF(C211="success","published",IF(E211>0,"blocked_at_gate","failed_before_gate")) -> published | R211: =IF(C211="success","",IF(E211>0,IF(I211="freshness_within_target","freshness",IF(I211="relationships_intact","relationships",IF(I211="reconciliation_residual_zero","residual",I211))),IF(H211="quality_gate","gate_infra",H211)))
A212: run-0209 | B212: 46252.719 | C212: success | D212: 771 | E212: 7 | F212: 6 | G212: 0 | J212: =TRUE() -> TRUE | K212: pub-0209 | L212: 4 | M212: 4 | N212: 4 | O212: 4 | P212: =IF(E212=0,"not_reached",IF(AND(F212>0,G212=0),"allowed","blocked")) -> allowed | Q212: =IF(C212="success","published",IF(E212>0,"blocked_at_gate","failed_before_gate")) -> published | R212: =IF(C212="success","",IF(E212>0,IF(I212="freshness_within_target","freshness",IF(I212="relationships_intact","relationships",IF(I212="reconciliation_residual_zero","residual",I212))),IF(H212="quality_gate","gate_infra",H212)))
A213: run-0210 | B213: 46252.76 | C213: success | D213: 797 | E213: 7 | F213: 6 | G213: 0 | J213: =TRUE() -> TRUE | K213: pub-0210 | L213: 4 | M213: 4 | N213: 4 | O213: 4 | P213: =IF(E213=0,"not_reached",IF(AND(F213>0,G213=0),"allowed","blocked")) -> allowed | Q213: =IF(C213="success","published",IF(E213>0,"blocked_at_gate","failed_before_gate")) -> published | R213: =IF(C213="success","",IF(E213>0,IF(I213="freshness_within_target","freshness",IF(I213="relationships_intact","relationships",IF(I213="reconciliation_residual_zero","residual",I213))),IF(H213="quality_gate","gate_infra",H213)))
A214: run-0211 | B214: 46252.802 | C214: success | D214: 875 | E214: 7 | F214: 6 | G214: 0 | J214: =TRUE() -> TRUE | K214: pub-0211 | L214: 4 | M214: 4 | N214: 4 | O214: 4 | P214: =IF(E214=0,"not_reached",IF(AND(F214>0,G214=0),"allowed","blocked")) -> allowed | Q214: =IF(C214="success","published",IF(E214>0,"blocked_at_gate","failed_before_gate")) -> published | R214: =IF(C214="success","",IF(E214>0,IF(I214="freshness_within_target","freshness",IF(I214="relationships_intact","relationships",IF(I214="reconciliation_residual_zero","residual",I214))),IF(H214="quality_gate","gate_infra",H214)))
A215: run-0212 | B215: 46252.844 | C215: success | D215: 685 | E215: 7 | F215: 6 | G215: 0 | J215: =TRUE() -> TRUE | K215: pub-0212 | L215: 4 | M215: 4 | N215: 4 | O215: 4 | P215: =IF(E215=0,"not_reached",IF(AND(F215>0,G215=0),"allowed","blocked")) -> allowed | Q215: =IF(C215="success","published",IF(E215>0,"blocked_at_gate","failed_before_gate")) -> published | R215: =IF(C215="success","",IF(E215>0,IF(I215="freshness_within_target","freshness",IF(I215="relationships_intact","relationships",IF(I215="reconciliation_residual_zero","residual",I215))),IF(H215="quality_gate","gate_infra",H215)))
A216: run-0213 | B216: 46252.885 | C216: success | D216: 761 | E216: 7 | F216: 6 | G216: 0 | J216: =TRUE() -> TRUE | K216: pub-0213 | L216: 4 | M216: 4 | N216: 4 | O216: 4 | P216: =IF(E216=0,"not_reached",IF(AND(F216>0,G216=0),"allowed","blocked")) -> allowed | Q216: =IF(C216="success","published",IF(E216>0,"blocked_at_gate","failed_before_gate")) -> published | R216: =IF(C216="success","",IF(E216>0,IF(I216="freshness_within_target","freshness",IF(I216="relationships_intact","relationships",IF(I216="reconciliation_residual_zero","residual",I216))),IF(H216="quality_gate","gate_infra",H216)))
A217: run-0214 | B217: 46252.927 | C217: success | D217: 917 | E217: 7 | F217: 6 | G217: 0 | J217: =TRUE() -> TRUE | K217: pub-0214 | L217: 4 | M217: 4 | N217: 4 | O217: 4 | P217: =IF(E217=0,"not_reached",IF(AND(F217>0,G217=0),"allowed","blocked")) -> allowed | Q217: =IF(C217="success","published",IF(E217>0,"blocked_at_gate","failed_before_gate")) -> published | R217: =IF(C217="success","",IF(E217>0,IF(I217="freshness_within_target","freshness",IF(I217="relationships_intact","relationships",IF(I217="reconciliation_residual_zero","residual",I217))),IF(H217="quality_gate","gate_infra",H217)))
A218: run-0215 | B218: 46252.969 | C218: success | D218: 759 | E218: 7 | F218: 6 | G218: 0 | J218: =TRUE() -> TRUE | K218: pub-0215 | L218: 4 | M218: 4 | N218: 4 | O218: 4 | P218: =IF(E218=0,"not_reached",IF(AND(F218>0,G218=0),"allowed","blocked")) -> allowed | Q218: =IF(C218="success","published",IF(E218>0,"blocked_at_gate","failed_before_gate")) -> published | R218: =IF(C218="success","",IF(E218>0,IF(I218="freshness_within_target","freshness",IF(I218="relationships_intact","relationships",IF(I218="reconciliation_residual_zero","residual",I218))),IF(H218="quality_gate","gate_infra",H218)))
A219: run-0216 | B219: 46253.01 | C219: success | D219: 889 | E219: 7 | F219: 6 | G219: 0 | J219: =TRUE() -> TRUE | K219: pub-0216 | L219: 4 | M219: 4 | N219: 4 | O219: 4 | P219: =IF(E219=0,"not_reached",IF(AND(F219>0,G219=0),"allowed","blocked")) -> allowed | Q219: =IF(C219="success","published",IF(E219>0,"blocked_at_gate","failed_before_gate")) -> published | R219: =IF(C219="success","",IF(E219>0,IF(I219="freshness_within_target","freshness",IF(I219="relationships_intact","relationships",IF(I219="reconciliation_residual_zero","residual",I219))),IF(H219="quality_gate","gate_infra",H219)))
A220: run-0217 | B220: 46253.052 | C220: success | D220: 864 | E220: 7 | F220: 6 | G220: 0 | J220: =TRUE() -> TRUE | K220: pub-0217 | L220: 4 | M220: 4 | N220: 4 | O220: 4 | P220: =IF(E220=0,"not_reached",IF(AND(F220>0,G220=0),"allowed","blocked")) -> allowed | Q220: =IF(C220="success","published",IF(E220>0,"blocked_at_gate","failed_before_gate")) -> published | R220: =IF(C220="success","",IF(E220>0,IF(I220="freshness_within_target","freshness",IF(I220="relationships_intact","relationships",IF(I220="reconciliation_residual_zero","residual",I220))),IF(H220="quality_gate","gate_infra",H220)))
A221: run-0218 | B221: 46253.094 | C221: success | D221: 1051 | E221: 7 | F221: 6 | G221: 0 | J221: =TRUE() -> TRUE | K221: pub-0218 | L221: 4 | M221: 4 | N221: 5 | O221: 4 | P221: =IF(E221=0,"not_reached",IF(AND(F221>0,G221=0),"allowed","blocked")) -> allowed | Q221: =IF(C221="success","published",IF(E221>0,"blocked_at_gate","failed_before_gate")) -> published | R221: =IF(C221="success","",IF(E221>0,IF(I221="freshness_within_target","freshness",IF(I221="relationships_intact","relationships",IF(I221="reconciliation_residual_zero","residual",I221))),IF(H221="quality_gate","gate_infra",H221)))
... A227: run-0224 | B227: 46253.344 | C227: success | D227: 842 | E227: 7 | F227: 6 | G227: 0 | J227: =TRUE() -> TRUE | K227: pub-0224 | L227: 4 | M227: 4 | N227: 4 | O227: 4 | P227: =IF(E227=0,"not_reached",IF(AND(F227>0,G227=0),"allowed","blocked")) -> allowed | Q227: =IF(C227="success","published",IF(E227>0,"blocked_at_gate","failed_before_gate")) -> published | R227: =IF(C227="success","",IF(E227>0,IF(I227="freshness_within_target","freshness",IF(I227="relationships_intact","relationships",IF(I227="reconciliation_residual_zero","residual",I227))),IF(H227="quality_gate","gate_infra",H227)))
A228: run-0225 | B228: 46253.385 | C228: failed | D228: 566 | E228: 7 | F228: 6 | G228: 1 | H228: quality_gate | I228: freshness_within_target | J228: =FALSE() -> FALSE | L228: 3 | M228: 2 | N228: 3 | O228: 2 | P228: =IF(E228=0,"not_reached",IF(AND(F228>0,G228=0),"allowed","blocked")) -> blocked | Q228: =IF(C228="success","published",IF(E228>0,"blocked_at_gate","failed_before_gate")) -> blocked_at_gate | R228: =IF(C228="success","",IF(E228>0,IF(I228="freshness_within_target","freshness",IF(I228="relationships_intact","relationships",IF(I228="reconciliation_residual_zero","residual",I228))),IF(H228="quality_gate","gate_infra",H228))) -> freshness
A229: run-0226 | B229: 46253.427 | C229: success | D229: 775 | E229: 7 | F229: 6 | G229: 0 | J229: =TRUE() -> TRUE | K229: pub-0226 | L229: 4 | M229: 4 | N229: 4 | O229: 4 | P229: =IF(E229=0,"not_reached",IF(AND(F229>0,G229=0),"allowed","blocked")) -> allowed | Q229: =IF(C229="success","published",IF(E229>0,"blocked_at_gate","failed_before_gate")) -> published | R229: =IF(C229="success","",IF(E229>0,IF(I229="freshness_within_target","freshness",IF(I229="relationships_intact","relationships",IF(I229="reconciliation_residual_zero","residual",I229))),IF(H229="quality_gate","gate_infra",H229)))
A230: run-0227 | B230: 46253.469 | C230: success | D230: 893 | E230: 7 | F230: 6 | G230: 0 | J230: =TRUE() -> TRUE | K230: pub-0227 | L230: 4 | M230: 4 | N230: 4 | O230: 4 | P230: =IF(E230=0,"not_reached",IF(AND(F230>0,G230=0),"allowed","blocked")) -> allowed | Q230: =IF(C230="success","published",IF(E230>0,"blocked_at_gate","failed_before_gate")) -> published | R230: =IF(C230="success","",IF(E230>0,IF(I230="freshness_within_target","freshness",IF(I230="relationships_intact","relationships",IF(I230="reconciliation_residual_zero","residual",I230))),IF(H230="quality_gate","gate_infra",H230)))
A231: run-0228 | B231: 46253.51 | C231: success | D231: 906 | E231: 7 | F231: 6 | G231: 0 | J231: =TRUE() -> TRUE | K231: pub-0228 | L231: 4 | M231: 4 | N231: 4 | O231: 4 | P231: =IF(E231=0,"not_reached",IF(AND(F231>0,G231=0),"allowed","blocked")) -> allowed | Q231: =IF(C231="success","published",IF(E231>0,"blocked_at_gate","failed_before_gate")) -> published | R231: =IF(C231="success","",IF(E231>0,IF(I231="freshness_within_target","freshness",IF(I231="relationships_intact","relationships",IF(I231="reconciliation_residual_zero","residual",I231))),IF(H231="quality_gate","gate_infra",H231)))
A232: run-0229 | B232: 46253.552 | C232: success | D232: 754 | E232: 7 | F232: 6 | G232: 0 | J232: =TRUE() -> TRUE | K232: pub-0229 | L232: 4 | M232: 4 | N232: 4 | O232: 4 | P232: =IF(E232=0,"not_reached",IF(AND(F232>0,G232=0),"allowed","blocked")) -> allowed | Q232: =IF(C232="success","published",IF(E232>0,"blocked_at_gate","failed_before_gate")) -> published | R232: =IF(C232="success","",IF(E232>0,IF(I232="freshness_within_target","freshness",IF(I232="relationships_intact","relationships",IF(I232="reconciliation_residual_zero","residual",I232))),IF(H232="quality_gate","gate_infra",H232)))
A233: run-0230 | B233: 46253.594 | C233: success | D233: 854 | E233: 7 | F233: 6 | G233: 0 | J233: =TRUE() -> TRUE | K233: pub-0230 | L233: 4 | M233: 4 | N233: 4 | O233: 4 | P233: =IF(E233=0,"not_reached",IF(AND(F233>0,G233=0),"allowed","blocked")) -> allowed | Q233: =IF(C233="success","published",IF(E233>0,"blocked_at_gate","failed_before_gate")) -> published | R233: =IF(C233="success","",IF(E233>0,IF(I233="freshness_within_target","freshness",IF(I233="relationships_intact","relationships",IF(I233="reconciliation_residual_zero","residual",I233))),IF(H233="quality_gate","gate_infra",H233)))
A234: run-0231 | B234: 46253.635 | C234: success | D234: 895 | E234: 7 | F234: 6 | G234: 0 | J234: =TRUE() -> TRUE | K234: pub-0231 | L234: 4 | M234: 4 | N234: 4 | O234: 4 | P234: =IF(E234=0,"not_reached",IF(AND(F234>0,G234=0),"allowed","blocked")) -> allowed | Q234: =IF(C234="success","published",IF(E234>0,"blocked_at_gate","failed_before_gate")) -> published | R234: =IF(C234="success","",IF(E234>0,IF(I234="freshness_within_target","freshness",IF(I234="relationships_intact","relationships",IF(I234="reconciliation_residual_zero","residual",I234))),IF(H234="quality_gate","gate_infra",H234)))
A235: run-0232 | B235: 46253.677 | C235: success | D235: 704 | E235: 7 | F235: 6 | G235: 0 | J235: =TRUE() -> TRUE | K235: pub-0232 | L235: 4 | M235: 4 | N235: 4 | O235: 4 | P235: =IF(E235=0,"not_reached",IF(AND(F235>0,G235=0),"allowed","blocked")) -> allowed | Q235: =IF(C235="success","published",IF(E235>0,"blocked_at_gate","failed_before_gate")) -> published | R235: =IF(C235="success","",IF(E235>0,IF(I235="freshness_within_target","freshness",IF(I235="relationships_intact","relationships",IF(I235="reconciliation_residual_zero","residual",I235))),IF(H235="quality_gate","gate_infra",H235)))
A236: run-0233 | B236: 46253.719 | C236: success | D236: 913 | E236: 7 | F236: 6 | G236: 0 | J236: =TRUE() -> TRUE | K236: pub-0233 | L236: 4 | M236: 4 | N236: 4 | O236: 4 | P236: =IF(E236=0,"not_reached",IF(AND(F236>0,G236=0),"allowed","blocked")) -> allowed | Q236: =IF(C236="success","published",IF(E236>0,"blocked_at_gate","failed_before_gate")) -> published | R236: =IF(C236="success","",IF(E236>0,IF(I236="freshness_within_target","freshness",IF(I236="relationships_intact","relationships",IF(I236="reconciliation_residual_zero","residual",I236))),IF(H236="quality_gate","gate_infra",H236)))
A237: run-0234 | B237: 46253.76 | C237: success | D237: 718 | E237: 7 | F237: 6 | G237: 0 | J237: =TRUE() -> TRUE | K237: pub-0234 | L237: 4 | M237: 4 | N237: 4 | O237: 4 | P237: =IF(E237=0,"not_reached",IF(AND(F237>0,G237=0),"allowed","blocked")) -> allowed | Q237: =IF(C237="success","published",IF(E237>0,"blocked_at_gate","failed_before_gate")) -> published | R237: =IF(C237="success","",IF(E237>0,IF(I237="freshness_within_target","freshness",IF(I237="relationships_intact","relationships",IF(I237="reconciliation_residual_zero","residual",I237))),IF(H237="quality_gate","gate_infra",H237)))
A238: run-0235 | B238: 46253.802 | C238: success | D238: 866 | E238: 7 | F238: 6 | G238: 0 | J238: =TRUE() -> TRUE | K238: pub-0235 | L238: 4 | M238: 4 | N238: 4 | O238: 4 | P238: =IF(E238=0,"not_reached",IF(AND(F238>0,G238=0),"allowed","blocked")) -> allowed | Q238: =IF(C238="success","published",IF(E238>0,"blocked_at_gate","failed_before_gate")) -> published | R238: =IF(C238="success","",IF(E238>0,IF(I238="freshness_within_target","freshness",IF(I238="relationships_intact","relationships",IF(I238="reconciliation_residual_zero","residual",I238))),IF(H238="quality_gate","gate_infra",H238)))
A239: run-0236 | B239: 46253.844 | C239: success | D239: 705 | E239: 7 | F239: 6 | G239: 0 | J239: =TRUE() -> TRUE | K239: pub-0236 | L239: 4 | M239: 4 | N239: 4 | O239: 4 | P239: =IF(E239=0,"not_reached",IF(AND(F239>0,G239=0),"allowed","blocked")) -> allowed | Q239: =IF(C239="success","published",IF(E239>0,"blocked_at_gate","failed_before_gate")) -> published | R239: =IF(C239="success","",IF(E239>0,IF(I239="freshness_within_target","freshness",IF(I239="relationships_intact","relationships",IF(I239="reconciliation_residual_zero","residual",I239))),IF(H239="quality_gate","gate_infra",H239)))
A240: run-0237 | B240: 46253.885 | C240: success | D240: 853 | E240: 7 | F240: 6 | G240: 0 | J240: =TRUE() -> TRUE | K240: pub-0237 | L240: 4 | M240: 4 | N240: 4 | O240: 4 | P240: =IF(E240=0,"not_reached",IF(AND(F240>0,G240=0),"allowed","blocked")) -> allowed | Q240: =IF(C240="success","published",IF(E240>0,"blocked_at_gate","failed_before_gate")) -> published | R240: =IF(C240="success","",IF(E240>0,IF(I240="freshness_within_target","freshness",IF(I240="relationships_intact","relationships",IF(I240="reconciliation_residual_zero","residual",I240))),IF(H240="quality_gate","gate_infra",H240)))
... A252: run-0249 | B252: 46254.385 | C252: success | D252: 763 | E252: 7 | F252: 6 | G252: 0 | J252: =TRUE() -> TRUE | K252: pub-0249 | L252: 4 | M252: 4 | N252: 4 | O252: 4 | P252: =IF(E252=0,"not_reached",IF(AND(F252>0,G252=0),"allowed","blocked")) -> allowed | Q252: =IF(C252="success","published",IF(E252>0,"blocked_at_gate","failed_before_gate")) -> published | R252: =IF(C252="success","",IF(E252>0,IF(I252="freshness_within_target","freshness",IF(I252="relationships_intact","relationships",IF(I252="reconciliation_residual_zero","residual",I252))),IF(H252="quality_gate","gate_infra",H252)))
A253: run-0250 | B253: 46254.427 | C253: failed | D253: 1218 | E253: 0 | F253: 0 | G253: 0 | H253: transform | J253: =FALSE() -> FALSE | L253: 2 | M253: 1 | N253: 4 | O253: 1 | P253: =IF(E253=0,"not_reached",IF(AND(F253>0,G253=0),"allowed","blocked")) -> not_reached | Q253: =IF(C253="success","published",IF(E253>0,"blocked_at_gate","failed_before_gate")) -> failed_before_gate | R253: =IF(C253="success","",IF(E253>0,IF(I253="freshness_within_target","freshness",IF(I253="relationships_intact","relationships",IF(I253="reconciliation_residual_zero","residual",I253))),IF(H253="quality_gate","gate_infra",H253))) -> transform
A254: run-0251 | B254: 46254.469 | C254: success | D254: 960 | E254: 7 | F254: 6 | G254: 0 | J254: =TRUE() -> TRUE | K254: pub-0251 | L254: 4 | M254: 4 | N254: 4 | O254: 4 | P254: =IF(E254=0,"not_reached",IF(AND(F254>0,G254=0),"allowed","blocked")) -> allowed | Q254: =IF(C254="success","published",IF(E254>0,"blocked_at_gate","failed_before_gate")) -> published | R254: =IF(C254="success","",IF(E254>0,IF(I254="freshness_within_target","freshness",IF(I254="relationships_intact","relationships",IF(I254="reconciliation_residual_zero","residual",I254))),IF(H254="quality_gate","gate_infra",H254)))
A255: run-0252 | B255: 46254.51 | C255: success | D255: 700 | E255: 7 | F255: 6 | G255: 0 | J255: =TRUE() -> TRUE | K255: pub-0252 | L255: 4 | M255: 4 | N255: 4 | O255: 4 | P255: =IF(E255=0,"not_reached",IF(AND(F255>0,G255=0),"allowed","blocked")) -> allowed | Q255: =IF(C255="success","published",IF(E255>0,"blocked_at_gate","failed_before_gate")) -> published | R255: =IF(C255="success","",IF(E255>0,IF(I255="freshness_within_target","freshness",IF(I255="relationships_intact","relationships",IF(I255="reconciliation_residual_zero","residual",I255))),IF(H255="quality_gate","gate_infra",H255)))
A256: run-0253 | B256: 46254.552 | C256: success | D256: 883 | E256: 7 | F256: 6 | G256: 0 | J256: =TRUE() -> TRUE | K256: pub-0253 | L256: 4 | M256: 4 | N256: 4 | O256: 4 | P256: =IF(E256=0,"not_reached",IF(AND(F256>0,G256=0),"allowed","blocked")) -> allowed | Q256: =IF(C256="success","published",IF(E256>0,"blocked_at_gate","failed_before_gate")) -> published | R256: =IF(C256="success","",IF(E256>0,IF(I256="freshness_within_target","freshness",IF(I256="relationships_intact","relationships",IF(I256="reconciliation_residual_zero","residual",I256))),IF(H256="quality_gate","gate_infra",H256)))
A257: run-0254 | B257: 46254.594 | C257: success | D257: 760 | E257: 7 | F257: 6 | G257: 0 | J257: =TRUE() -> TRUE | K257: pub-0254 | L257: 4 | M257: 4 | N257: 4 | O257: 4 | P257: =IF(E257=0,"not_reached",IF(AND(F257>0,G257=0),"allowed","blocked")) -> allowed | Q257: =IF(C257="success","published",IF(E257>0,"blocked_at_gate","failed_before_gate")) -> published | R257: =IF(C257="success","",IF(E257>0,IF(I257="freshness_within_target","freshness",IF(I257="relationships_intact","relationships",IF(I257="reconciliation_residual_zero","residual",I257))),IF(H257="quality_gate","gate_infra",H257)))
A258: run-0255 | B258: 46254.635 | C258: success | D258: 941 | E258: 7 | F258: 6 | G258: 0 | J258: =TRUE() -> TRUE | K258: pub-0255 | L258: 4 | M258: 4 | N258: 4 | O258: 4 | P258: =IF(E258=0,"not_reached",IF(AND(F258>0,G258=0),"allowed","blocked")) -> allowed | Q258: =IF(C258="success","published",IF(E258>0,"blocked_at_gate","failed_before_gate")) -> published | R258: =IF(C258="success","",IF(E258>0,IF(I258="freshness_within_target","freshness",IF(I258="relationships_intact","relationships",IF(I258="reconciliation_residual_zero","residual",I258))),IF(H258="quality_gate","gate_infra",H258)))
A259: run-0256 | B259: 46254.677 | C259: success | D259: 770 | E259: 7 | F259: 6 | G259: 0 | J259: =TRUE() -> TRUE | K259: pub-0256 | L259: 4 | M259: 4 | N259: 4 | O259: 4 | P259: =IF(E259=0,"not_reached",IF(AND(F259>0,G259=0),"allowed","blocked")) -> allowed | Q259: =IF(C259="success","published",IF(E259>0,"blocked_at_gate","failed_before_gate")) -> published | R259: =IF(C259="success","",IF(E259>0,IF(I259="freshness_within_target","freshness",IF(I259="relationships_intact","relationships",IF(I259="reconciliation_residual_zero","residual",I259))),IF(H259="quality_gate","gate_infra",H259)))
A260: run-0257 | B260: 46254.719 | C260: success | D260: 813 | E260: 7 | F260: 6 | G260: 0 | J260: =TRUE() -> TRUE | K260: pub-0257 | L260: 4 | M260: 4 | N260: 4 | O260: 4 | P260: =IF(E260=0,"not_reached",IF(AND(F260>0,G260=0),"allowed","blocked")) -> allowed | Q260: =IF(C260="success","published",IF(E260>0,"blocked_at_gate","failed_before_gate")) -> published | R260: =IF(C260="success","",IF(E260>0,IF(I260="freshness_within_target","freshness",IF(I260="relationships_intact","relationships",IF(I260="reconciliation_residual_zero","residual",I260))),IF(H260="quality_gate","gate_infra",H260)))
A261: run-0258 | B261: 46254.76 | C261: success | D261: 886 | E261: 7 | F261: 6 | G261: 0 | J261: =TRUE() -> TRUE | K261: pub-0258 | L261: 4 | M261: 4 | N261: 4 | O261: 4 | P261: =IF(E261=0,"not_reached",IF(AND(F261>0,G261=0),"allowed","blocked")) -> allowed | Q261: =IF(C261="success","published",IF(E261>0,"blocked_at_gate","failed_before_gate")) -> published | R261: =IF(C261="success","",IF(E261>0,IF(I261="freshness_within_target","freshness",IF(I261="relationships_intact","relationships",IF(I261="reconciliation_residual_zero","residual",I261))),IF(H261="quality_gate","gate_infra",H261)))
A262: run-0259 | B262: 46254.802 | C262: success | D262: 905 | E262: 7 | F262: 6 | G262: 0 | J262: =TRUE() -> TRUE | K262: pub-0259 | L262: 4 | M262: 4 | N262: 4 | O262: 4 | P262: =IF(E262=0,"not_reached",IF(AND(F262>0,G262=0),"allowed","blocked")) -> allowed | Q262: =IF(C262="success","published",IF(E262>0,"blocked_at_gate","failed_before_gate")) -> published | R262: =IF(C262="success","",IF(E262>0,IF(I262="freshness_within_target","freshness",IF(I262="relationships_intact","relationships",IF(I262="reconciliation_residual_zero","residual",I262))),IF(H262="quality_gate","gate_infra",H262)))
A263: run-0260 | B263: 46254.844 | C263: success | D263: 850 | E263: 7 | F263: 6 | G263: 0 | J263: =TRUE() -> TRUE | K263: pub-0260 | L263: 4 | M263: 4 | N263: 4 | O263: 4 | P263: =IF(E263=0,"not_reached",IF(AND(F263>0,G263=0),"allowed","blocked")) -> allowed | Q263: =IF(C263="success","published",IF(E263>0,"blocked_at_gate","failed_before_gate")) -> published | R263: =IF(C263="success","",IF(E263>0,IF(I263="freshness_within_target","freshness",IF(I263="relationships_intact","relationships",IF(I263="reconciliation_residual_zero","residual",I263))),IF(H263="quality_gate","gate_infra",H263)))
A264: run-0261 | B264: 46254.885 | C264: success | D264: 874 | E264: 7 | F264: 6 | G264: 0 | J264: =TRUE() -> TRUE | K264: pub-0261 | L264: 4 | M264: 4 | N264: 4 | O264: 4 | P264: =IF(E264=0,"not_reached",IF(AND(F264>0,G264=0),"allowed","blocked")) -> allowed | Q264: =IF(C264="success","published",IF(E264>0,"blocked_at_gate","failed_before_gate")) -> published | R264: =IF(C264="success","",IF(E264>0,IF(I264="freshness_within_target","freshness",IF(I264="relationships_intact","relationships",IF(I264="reconciliation_residual_zero","residual",I264))),IF(H264="quality_gate","gate_infra",H264)))
A265: run-0262 | B265: 46254.927 | C265: success | D265: 775 | E265: 7 | F265: 6 | G265: 0 | J265: =TRUE() -> TRUE | K265: pub-0262 | L265: 4 | M265: 4 | N265: 4 | O265: 4 | P265: =IF(E265=0,"not_reached",IF(AND(F265>0,G265=0),"allowed","blocked")) -> allowed | Q265: =IF(C265="success","published",IF(E265>0,"blocked_at_gate","failed_before_gate")) -> published | R265: =IF(C265="success","",IF(E265>0,IF(I265="freshness_within_target","freshness",IF(I265="relationships_intact","relationships",IF(I265="reconciliation_residual_zero","residual",I265))),IF(H265="quality_gate","gate_infra",H265)))
... A304: run-0301 | B304: 46256.552 | C304: success | D304: 739 | E304: 7 | F304: 6 | G304: 0 | J304: =TRUE() -> TRUE | K304: pub-0301 | L304: 4 | M304: 4 | N304: 4 | O304: 4 | P304: =IF(E304=0,"not_reached",IF(AND(F304>0,G304=0),"allowed","blocked")) -> allowed | Q304: =IF(C304="success","published",IF(E304>0,"blocked_at_gate","failed_before_gate")) -> published | R304: =IF(C304="success","",IF(E304>0,IF(I304="freshness_within_target","freshness",IF(I304="relationships_intact","relationships",IF(I304="reconciliation_residual_zero","residual",I304))),IF(H304="quality_gate","gate_infra",H304)))
A305: run-0302 | B305: 46256.594 | C305: failed | D305: 547 | E305: 7 | F305: 6 | G305: 1 | H305: quality_gate | I305: freshness_within_target | J305: =FALSE() -> FALSE | L305: 3 | M305: 2 | N305: 3 | O305: 2 | P305: =IF(E305=0,"not_reached",IF(AND(F305>0,G305=0),"allowed","blocked")) -> blocked | Q305: =IF(C305="success","published",IF(E305>0,"blocked_at_gate","failed_before_gate")) -> blocked_at_gate | R305: =IF(C305="success","",IF(E305>0,IF(I305="freshness_within_target","freshness",IF(I305="relationships_intact","relationships",IF(I305="reconciliation_residual_zero","residual",I305))),IF(H305="quality_gate","gate_infra",H305))) -> freshness
A306: run-0303 | B306: 46256.635 | C306: success | D306: 943 | E306: 7 | F306: 6 | G306: 0 | J306: =TRUE() -> TRUE | K306: pub-0303 | L306: 4 | M306: 4 | N306: 4 | O306: 4 | P306: =IF(E306=0,"not_reached",IF(AND(F306>0,G306=0),"allowed","blocked")) -> allowed | Q306: =IF(C306="success","published",IF(E306>0,"blocked_at_gate","failed_before_gate")) -> published | R306: =IF(C306="success","",IF(E306>0,IF(I306="freshness_within_target","freshness",IF(I306="relationships_intact","relationships",IF(I306="reconciliation_residual_zero","residual",I306))),IF(H306="quality_gate","gate_infra",H306)))
A307: run-0304 | B307: 46256.677 | C307: success | D307: 919 | E307: 7 | F307: 6 | G307: 0 | J307: =TRUE() -> TRUE | K307: pub-0304 | L307: 4 | M307: 4 | N307: 4 | O307: 4 | P307: =IF(E307=0,"not_reached",IF(AND(F307>0,G307=0),"allowed","blocked")) -> allowed | Q307: =IF(C307="success","published",IF(E307>0,"blocked_at_gate","failed_before_gate")) -> published | R307: =IF(C307="success","",IF(E307>0,IF(I307="freshness_within_target","freshness",IF(I307="relationships_intact","relationships",IF(I307="reconciliation_residual_zero","residual",I307))),IF(H307="quality_gate","gate_infra",H307)))
A308: run-0305 | B308: 46256.719 | C308: success | D308: 774 | E308: 7 | F308: 6 | G308: 0 | J308: =TRUE() -> TRUE | K308: pub-0305 | L308: 4 | M308: 4 | N308: 4 | O308: 4 | P308: =IF(E308=0,"not_reached",IF(AND(F308>0,G308=0),"allowed","blocked")) -> allowed | Q308: =IF(C308="success","published",IF(E308>0,"blocked_at_gate","failed_before_gate")) -> published | R308: =IF(C308="success","",IF(E308>0,IF(I308="freshness_within_target","freshness",IF(I308="relationships_intact","relationships",IF(I308="reconciliation_residual_zero","residual",I308))),IF(H308="quality_gate","gate_infra",H308)))
A309: run-0306 | B309: 46256.76 | C309: success | D309: 721 | E309: 7 | F309: 6 | G309: 0 | J309: =TRUE() -> TRUE | K309: pub-0306 | L309: 4 | M309: 4 | N309: 4 | O309: 4 | P309: =IF(E309=0,"not_reached",IF(AND(F309>0,G309=0),"allowed","blocked")) -> allowed | Q309: =IF(C309="success","published",IF(E309>0,"blocked_at_gate","failed_before_gate")) -> published | R309: =IF(C309="success","",IF(E309>0,IF(I309="freshness_within_target","freshness",IF(I309="relationships_intact","relationships",IF(I309="reconciliation_residual_zero","residual",I309))),IF(H309="quality_gate","gate_infra",H309)))
A310: run-0307 | B310: 46256.802 | C310: success | D310: 851 | E310: 7 | F310: 6 | G310: 0 | J310: =TRUE() -> TRUE | K310: pub-0307 | L310: 4 | M310: 4 | N310: 4 | O310: 4 | P310: =IF(E310=0,"not_reached",IF(AND(F310>0,G310=0),"allowed","blocked")) -> allowed | Q310: =IF(C310="success","published",IF(E310>0,"blocked_at_gate","failed_before_gate")) -> published | R310: =IF(C310="success","",IF(E310>0,IF(I310="freshness_within_target","freshness",IF(I310="relationships_intact","relationships",IF(I310="reconciliation_residual_zero","residual",I310))),IF(H310="quality_gate","gate_infra",H310)))
A311: run-0308 | B311: 46256.844 | C311: success | D311: 945 | E311: 7 | F311: 6 | G311: 0 | J311: =TRUE() -> TRUE | K311: pub-0308 | L311: 4 | M311: 4 | N311: 5 | O311: 4 | P311: =IF(E311=0,"not_reached",IF(AND(F311>0,G311=0),"allowed","blocked")) -> allowed | Q311: =IF(C311="success","published",IF(E311>0,"blocked_at_gate","failed_before_gate")) -> published | R311: =IF(C311="success","",IF(E311>0,IF(I311="freshness_within_target","freshness",IF(I311="relationships_intact","relationships",IF(I311="reconciliation_residual_zero","residual",I311))),IF(H311="quality_gate","gate_infra",H311)))
A312: run-0309 | B312: 46256.885 | C312: success | D312: 771 | E312: 7 | F312: 6 | G312: 0 | J312: =TRUE() -> TRUE | K312: pub-0309 | L312: 4 | M312: 4 | N312: 4 | O312: 4 | P312: =IF(E312=0,"not_reached",IF(AND(F312>0,G312=0),"allowed","blocked")) -> allowed | Q312: =IF(C312="success","published",IF(E312>0,"blocked_at_gate","failed_before_gate")) -> published | R312: =IF(C312="success","",IF(E312>0,IF(I312="freshness_within_target","freshness",IF(I312="relationships_intact","relationships",IF(I312="reconciliation_residual_zero","residual",I312))),IF(H312="quality_gate","gate_infra",H312)))
A313: run-0310 | B313: 46256.927 | C313: success | D313: 705 | E313: 7 | F313: 6 | G313: 0 | J313: =TRUE() -> TRUE | K313: pub-0310 | L313: 4 | M313: 4 | N313: 4 | O313: 4 | P313: =IF(E313=0,"not_reached",IF(AND(F313>0,G313=0),"allowed","blocked")) -> allowed | Q313: =IF(C313="success","published",IF(E313>0,"blocked_at_gate","failed_before_gate")) -> published | R313: =IF(C313="success","",IF(E313>0,IF(I313="freshness_within_target","freshness",IF(I313="relationships_intact","relationships",IF(I313="reconciliation_residual_zero","residual",I313))),IF(H313="quality_gate","gate_infra",H313)))
A314: run-0311 | B314: 46256.969 | C314: success | D314: 772 | E314: 7 | F314: 6 | G314: 0 | J314: =TRUE() -> TRUE | K314: pub-0311 | L314: 4 | M314: 4 | N314: 4 | O314: 4 | P314: =IF(E314=0,"not_reached",IF(AND(F314>0,G314=0),"allowed","blocked")) -> allowed | Q314: =IF(C314="success","published",IF(E314>0,"blocked_at_gate","failed_before_gate")) -> published | R314: =IF(C314="success","",IF(E314>0,IF(I314="freshness_within_target","freshness",IF(I314="relationships_intact","relationships",IF(I314="reconciliation_residual_zero","residual",I314))),IF(H314="quality_gate","gate_infra",H314)))
A315: run-0312 | B315: 46257.01 | C315: success | D315: 957 | E315: 7 | F315: 6 | G315: 0 | J315: =TRUE() -> TRUE | K315: pub-0312 | L315: 4 | M315: 4 | N315: 4 | O315: 4 | P315: =IF(E315=0,"not_reached",IF(AND(F315>0,G315=0),"allowed","blocked")) -> allowed | Q315: =IF(C315="success","published",IF(E315>0,"blocked_at_gate","failed_before_gate")) -> published | R315: =IF(C315="success","",IF(E315>0,IF(I315="freshness_within_target","freshness",IF(I315="relationships_intact","relationships",IF(I315="reconciliation_residual_zero","residual",I315))),IF(H315="quality_gate","gate_infra",H315)))
A316: run-0313 | B316: 46257.052 | C316: success | D316: 707 | E316: 7 | F316: 6 | G316: 0 | J316: =TRUE() -> TRUE | K316: pub-0313 | L316: 4 | M316: 4 | N316: 4 | O316: 4 | P316: =IF(E316=0,"not_reached",IF(AND(F316>0,G316=0),"allowed","blocked")) -> allowed | Q316: =IF(C316="success","published",IF(E316>0,"blocked_at_gate","failed_before_gate")) -> published | R316: =IF(C316="success","",IF(E316>0,IF(I316="freshness_within_target","freshness",IF(I316="relationships_intact","relationships",IF(I316="reconciliation_residual_zero","residual",I316))),IF(H316="quality_gate","gate_infra",H316)))
A317: run-0314 | B317: 46257.094 | C317: success | D317: 917 | E317: 7 | F317: 6 | G317: 0 | J317: =TRUE() -> TRUE | K317: pub-0314 | L317: 4 | M317: 4 | N317: 4 | O317: 4 | P317: =IF(E317=0,"not_reached",IF(AND(F317>0,G317=0),"allowed","blocked")) -> allowed | Q317: =IF(C317="success","published",IF(E317>0,"blocked_at_gate","failed_before_gate")) -> published | R317: =IF(C317="success","",IF(E317>0,IF(I317="freshness_within_target","freshness",IF(I317="relationships_intact","relationships",IF(I317="reconciliation_residual_zero","residual",I317))),IF(H317="quality_gate","gate_infra",H317)))
... A348: run-0345 | B348: 46258.385 | C348: success | D348: 783 | E348: 7 | F348: 6 | G348: 0 | J348: =TRUE() -> TRUE | K348: pub-0345 | L348: 4 | M348: 4 | N348: 4 | O348: 4 | P348: =IF(E348=0,"not_reached",IF(AND(F348>0,G348=0),"allowed","blocked")) -> allowed | Q348: =IF(C348="success","published",IF(E348>0,"blocked_at_gate","failed_before_gate")) -> published | R348: =IF(C348="success","",IF(E348>0,IF(I348="freshness_within_target","freshness",IF(I348="relationships_intact","relationships",IF(I348="reconciliation_residual_zero","residual",I348))),IF(H348="quality_gate","gate_infra",H348)))
A349: run-0346 | B349: 46258.427 | C349: failed | D349: 1105 | E349: 0 | F349: 0 | G349: 0 | H349: transform | J349: =FALSE() -> FALSE | L349: 2 | M349: 1 | N349: 4 | O349: 1 | P349: =IF(E349=0,"not_reached",IF(AND(F349>0,G349=0),"allowed","blocked")) -> not_reached | Q349: =IF(C349="success","published",IF(E349>0,"blocked_at_gate","failed_before_gate")) -> failed_before_gate | R349: =IF(C349="success","",IF(E349>0,IF(I349="freshness_within_target","freshness",IF(I349="relationships_intact","relationships",IF(I349="reconciliation_residual_zero","residual",I349))),IF(H349="quality_gate","gate_infra",H349))) -> transform
A350: run-0347 | B350: 46258.469 | C350: success | D350: 1178 | E350: 7 | F350: 6 | G350: 0 | J350: =TRUE() -> TRUE | K350: pub-0347 | L350: 4 | M350: 4 | N350: 5 | O350: 4 | P350: =IF(E350=0,"not_reached",IF(AND(F350>0,G350=0),"allowed","blocked")) -> allowed | Q350: =IF(C350="success","published",IF(E350>0,"blocked_at_gate","failed_before_gate")) -> published | R350: =IF(C350="success","",IF(E350>0,IF(I350="freshness_within_target","freshness",IF(I350="relationships_intact","relationships",IF(I350="reconciliation_residual_zero","residual",I350))),IF(H350="quality_gate","gate_infra",H350)))
A351: run-0348 | B351: 46258.51 | C351: success | D351: 871 | E351: 7 | F351: 6 | G351: 0 | J351: =TRUE() -> TRUE | K351: pub-0348 | L351: 4 | M351: 4 | N351: 4 | O351: 4 | P351: =IF(E351=0,"not_reached",IF(AND(F351>0,G351=0),"allowed","blocked")) -> allowed | Q351: =IF(C351="success","published",IF(E351>0,"blocked_at_gate","failed_before_gate")) -> published | R351: =IF(C351="success","",IF(E351>0,IF(I351="freshness_within_target","freshness",IF(I351="relationships_intact","relationships",IF(I351="reconciliation_residual_zero","residual",I351))),IF(H351="quality_gate","gate_infra",H351)))
A352: run-0349 | B352: 46258.552 | C352: success | D352: 784 | E352: 7 | F352: 6 | G352: 0 | J352: =TRUE() -> TRUE | K352: pub-0349 | L352: 4 | M352: 4 | N352: 4 | O352: 4 | P352: =IF(E352=0,"not_reached",IF(AND(F352>0,G352=0),"allowed","blocked")) -> allowed | Q352: =IF(C352="success","published",IF(E352>0,"blocked_at_gate","failed_before_gate")) -> published | R352: =IF(C352="success","",IF(E352>0,IF(I352="freshness_within_target","freshness",IF(I352="relationships_intact","relationships",IF(I352="reconciliation_residual_zero","residual",I352))),IF(H352="quality_gate","gate_infra",H352)))
A353: run-0350 | B353: 46258.594 | C353: success | D353: 736 | E353: 7 | F353: 6 | G353: 0 | J353: =TRUE() -> TRUE | K353: pub-0350 | L353: 4 | M353: 4 | N353: 4 | O353: 4 | P353: =IF(E353=0,"not_reached",IF(AND(F353>0,G353=0),"allowed","blocked")) -> allowed | Q353: =IF(C353="success","published",IF(E353>0,"blocked_at_gate","failed_before_gate")) -> published | R353: =IF(C353="success","",IF(E353>0,IF(I353="freshness_within_target","freshness",IF(I353="relationships_intact","relationships",IF(I353="reconciliation_residual_zero","residual",I353))),IF(H353="quality_gate","gate_infra",H353)))
A354: run-0351 | B354: 46258.635 | C354: success | D354: 939 | E354: 7 | F354: 6 | G354: 0 | J354: =TRUE() -> TRUE | K354: pub-0351 | L354: 4 | M354: 4 | N354: 4 | O354: 4 | P354: =IF(E354=0,"not_reached",IF(AND(F354>0,G354=0),"allowed","blocked")) -> allowed | Q354: =IF(C354="success","published",IF(E354>0,"blocked_at_gate","failed_before_gate")) -> published | R354: =IF(C354="success","",IF(E354>0,IF(I354="freshness_within_target","freshness",IF(I354="relationships_intact","relationships",IF(I354="reconciliation_residual_zero","residual",I354))),IF(H354="quality_gate","gate_infra",H354)))
A355: run-0352 | B355: 46258.677 | C355: success | D355: 932 | E355: 7 | F355: 6 | G355: 0 | J355: =TRUE() -> TRUE | K355: pub-0352 | L355: 4 | M355: 4 | N355: 4 | O355: 4 | P355: =IF(E355=0,"not_reached",IF(AND(F355>0,G355=0),"allowed","blocked")) -> allowed | Q355: =IF(C355="success","published",IF(E355>0,"blocked_at_gate","failed_before_gate")) -> published | R355: =IF(C355="success","",IF(E355>0,IF(I355="freshness_within_target","freshness",IF(I355="relationships_intact","relationships",IF(I355="reconciliation_residual_zero","residual",I355))),IF(H355="quality_gate","gate_infra",H355)))
A356: run-0353 | B356: 46258.719 | C356: success | D356: 836 | E356: 7 | F356: 6 | G356: 0 | J356: =TRUE() -> TRUE | K356: pub-0353 | L356: 4 | M356: 4 | N356: 4 | O356: 4 | P356: =IF(E356=0,"not_reached",IF(AND(F356>0,G356=0),"allowed","blocked")) -> allowed | Q356: =IF(C356="success","published",IF(E356>0,"blocked_at_gate","failed_before_gate")) -> published | R356: =IF(C356="success","",IF(E356>0,IF(I356="freshness_within_target","freshness",IF(I356="relationships_intact","relationships",IF(I356="reconciliation_residual_zero","residual",I356))),IF(H356="quality_gate","gate_infra",H356)))
...

Sheet Incidents
A1: Incidents (25): detection and the verified recovery (the recovery run's publication), the minutes by formula
A2: Recovery time = verified recovery - detection, never a process restart (D-P8-06).
A3: incident_id | B3: run_id | C3: detected_at (serial) | D3: verified_at (serial) | E3: recovery_seconds | F3: recovery_minutes | G3: failure_kind
A4: inc-001 | B4: run-0179 | C4: 46251.474 | D4: 46251.521 | E4: =ROUND((D4-C4)*86400,0) -> 4046 | F4: =ROUND(E4/60,4) -> 67.4333 | G4: =INDEX(Runs!$R$4:$R$1346,MATCH(B4,Runs!$A$4:$A$1346,0)) -> ingest
A5: inc-002 | B5: run-0185 | C5: 46251.73 | D5: 46251.771 | E5: =ROUND((D5-C5)*86400,0) -> 3561 | F5: =ROUND(E5/60,4) -> 59.35 | G5: =INDEX(Runs!$R$4:$R$1346,MATCH(B5,Runs!$A$4:$A$1346,0)) -> transform
A6: inc-003 | B6: run-0206 | C6: 46252.606 | D6: 46252.645 | E6: =ROUND((D6-C6)*86400,0) -> 3387 | F6: =ROUND(E6/60,4) -> 56.45 | G6: =INDEX(Runs!$R$4:$R$1346,MATCH(B6,Runs!$A$4:$A$1346,0)) -> gate_infra
A7: inc-004 | B7: run-0225 | C7: 46253.392 | D7: 46253.436 | E7: =ROUND((D7-C7)*86400,0) -> 3809 | F7: =ROUND(E7/60,4) -> 63.4833 | G7: =INDEX(Runs!$R$4:$R$1346,MATCH(B7,Runs!$A$4:$A$1346,0)) -> freshness
A8: inc-005 | B8: run-0250 | C8: 46254.441 | D8: 46254.48 | E8: =ROUND((D8-C8)*86400,0) -> 3342 | F8: =ROUND(E8/60,4) -> 55.7 | G8: =INDEX(Runs!$R$4:$R$1346,MATCH(B8,Runs!$A$4:$A$1346,0)) -> transform
A9: inc-006 | B9: run-0302 | C9: 46256.6 | D9: 46256.646 | E9: =ROUND((D9-C9)*86400,0) -> 3996 | F9: =ROUND(E9/60,4) -> 66.6 | G9: =INDEX(Runs!$R$4:$R$1346,MATCH(B9,Runs!$A$4:$A$1346,0)) -> freshness
A10: inc-007 | B10: run-0346 | C10: 46258.44 | D10: 46258.482 | E10: =ROUND((D10-C10)*86400,0) -> 3673 | F10: =ROUND(E10/60,4) -> 61.2167 | G10: =INDEX(Runs!$R$4:$R$1346,MATCH(B10,Runs!$A$4:$A$1346,0)) -> transform
A11: inc-008 | B11: run-0438 | C11: 46262.267 | D11: 46262.312 | E11: =ROUND((D11-C11)*86400,0) -> 3948 | F11: =ROUND(E11/60,4) -> 65.8 | G11: =INDEX(Runs!$R$4:$R$1346,MATCH(B11,Runs!$A$4:$A$1346,0)) -> ingest
A12: inc-009 | B12: run-0510 | C12: 46265.267 | D12: 46265.311 | E12: =ROUND((D12-C12)*86400,0) -> 3756 | F12: =ROUND(E12/60,4) -> 62.6 | G12: =INDEX(Runs!$R$4:$R$1346,MATCH(B12,Runs!$A$4:$A$1346,0)) -> ingest
A13: inc-010 | B13: run-0520 | C13: 46265.684 | D13: 46265.729 | E13: =ROUND((D13-C13)*86400,0) -> 3928 | F13: =ROUND(E13/60,4) -> 65.4667 | G13: =INDEX(Runs!$R$4:$R$1346,MATCH(B13,Runs!$A$4:$A$1346,0)) -> freshness
A14: inc-011 | B14: run-0543 | C14: 46266.648 | D14: 46266.688 | E14: =ROUND((D14-C14)*86400,0) -> 3442 | F14: =ROUND(E14/60,4) -> 57.3667 | G14: =INDEX(Runs!$R$4:$R$1346,MATCH(B14,Runs!$A$4:$A$1346,0)) -> transform
A15: inc-012 | B15: run-0573 | C15: 46267.896 | D15: 46267.936 | E15: =ROUND((D15-C15)*86400,0) -> 3447 | F15: =ROUND(E15/60,4) -> 57.45 | G15: =INDEX(Runs!$R$4:$R$1346,MATCH(B15,Runs!$A$4:$A$1346,0)) -> gate_infra
... A28: inc-025 | B28: run-1244 | C28: 46295.858 | D28: 46295.894 | E28: =ROUND((D28-C28)*86400,0) -> 3045 | F28: =ROUND(E28/60,4) -> 50.75 | G28: =INDEX(Runs!$R$4:$R$1346,MATCH(B28,Runs!$A$4:$A$1346,0)) -> transform

Sheet Backfills
A1: Backfill partitions (19): the 15 partitions of the 13 accepted requests and the 4 of the 2 refused for overlap
A2: Coverage counts the accepted requests only; the refused partitions are beside it, never inside it (D-09 R8-11).
A3: backfill_id | B3: source_id | C3: outcome | D3: partition | E3: verified
A4: bf-001 | B4: src-shipments | C4: accepted | D4: 2026-08-15 | E4: =TRUE() -> TRUE
A5: bf-002 | B5: src-web-events | C5: accepted | D5: 2026-08-13 | E5: =FALSE() -> FALSE
A6: bf-003 | B6: src-inventory | C6: accepted | D6: 2026-08-20 | E6: =TRUE() -> TRUE
A7: bf-004 | B7: src-inventory | C7: accepted | D7: 2026-08-22 | E7: =FALSE() -> FALSE
A8: bf-005 | B8: src-refunds | C8: accepted | D8: 2026-08-24 | E8: =TRUE() -> TRUE
A9: bf-005 | B9: src-refunds | C9: accepted | D9: 2026-08-25 | E9: =TRUE() -> TRUE
A10: bf-006 | B10: src-inventory | C10: refused | D10: 2026-08-22 | E10: =FALSE() -> FALSE
A11: bf-006 | B11: src-inventory | C11: refused | D11: 2026-08-23 | E11: =FALSE() -> FALSE
A12: bf-007 | B12: src-inventory | C12: accepted | D12: 2026-08-28 | E12: =TRUE() -> TRUE
A13: bf-008 | B13: src-inventory | C13: accepted | D13: 2026-09-03 | E13: =TRUE() -> TRUE
A14: bf-009 | B14: src-web-events | C14: accepted | D14: 2026-08-21 | E14: =TRUE() -> TRUE
A15: bf-010 | B15: src-web-events | C15: accepted | D15: 2026-08-26 | E15: =TRUE() -> TRUE
A16: bf-011 | B16: src-web-events | C16: accepted | D16: 2026-09-07 | E16: =FALSE() -> FALSE
A17: bf-012 | B17: src-web-events | C17: refused | D17: 2026-08-26 | E17: =FALSE() -> FALSE
A18: bf-012 | B18: src-web-events | C18: refused | D18: 2026-08-27 | E18: =FALSE() -> FALSE
A19: bf-013 | B19: src-inventory | C19: accepted | D19: 2026-09-17 | E19: =FALSE() -> FALSE
A20: bf-014 | B20: src-shipments | C20: accepted | D20: 2026-09-10 | E20: =TRUE() -> TRUE
A21: bf-015 | B21: src-refunds | C21: accepted | D21: 2026-09-22 | E21: =TRUE() -> TRUE
A22: bf-015 | B22: src-refunds | C22: accepted | D22: 2026-09-23 | E22: =TRUE() -> TRUE

Sheet Retries
A1: Rate-limited fetches (49) and the next fetch of the same cursor in the same session
A2: waited and slack by formula; a retry honours the hint when waited >= retry_after (P08-TEST-03).
A3: fetch_id | B3: source_id | C3: retry_after_seconds | D3: rate_limited_at (serial) | E3: retried_at (serial) | F3: waited_seconds | G3: slack_seconds | H3: honoured
A4: 61 | B4: src-shipments | C4: 120 | D4: 46246.629 | E4: 46246.631 | F4: =ROUND((E4-D4)*86400,0) -> 137 | G4: =F4-C4 -> 17 | H4: =F4>=C4 -> TRUE
A5: 62 | B5: src-shipments | C5: 30 | D5: 46246.631 | E5: 46246.631 | F5: =ROUND((E5-D5)*86400,0) -> 32 | G5: =F5-C5 -> 2 | H5: =F5>=C5 -> TRUE
A6: 74 | B6: src-shipments | C6: 60 | D6: 46247.129 | E6: 46247.13 | F6: =ROUND((E6-D6)*86400,0) -> 67 | G6: =F6-C6 -> 7 | H6: =F6>=C6 -> TRUE
A7: 121 | B7: src-shipments | C7: 90 | D7: 46249.129 | E7: 46249.131 | F7: =ROUND((E7-D7)*86400,0) -> 115 | G7: =F7-C7 -> 25 | H7: =F7>=C7 -> TRUE
A8: 134 | B8: src-shipments | C8: 60 | D8: 46249.631 | E8: 46249.631 | F8: =ROUND((E8-D8)*86400,0) -> 68 | G8: =F8-C8 -> 8 | H8: =F8>=C8 -> TRUE
A9: 135 | B9: src-shipments | C9: 120 | D9: 46249.631 | E9: 46249.633 | F9: =ROUND((E9-D9)*86400,0) -> 143 | G9: =F9-C9 -> 23 | H9: =F9>=C9 -> TRUE
A10: 154 | B10: src-shipments | C10: 60 | D10: 46250.38 | E10: 46250.381 | F10: =ROUND((E10-D10)*86400,0) -> 68 | G10: =F10-C10 -> 8 | H10: =F10>=C10 -> TRUE
A11: 155 | B11: src-shipments | C11: 120 | D11: 46250.381 | E11: 46250.382 | F11: =ROUND((E11-D11)*86400,0) -> 120 | G11: =F11-C11 -> 0 | H11: =F11>=C11 -> TRUE
A12: 185 | B12: src-shipments | C12: 90 | D12: 46251.631 | E12: 46251.632 | F12: =ROUND((E12-D12)*86400,0) -> 115 | G12: =F12-C12 -> 25 | H12: =F12>=C12 -> TRUE
A13: 204 | B13: src-shipments | C13: 30 | D13: 46252.38 | E13: 46252.381 | F13: =ROUND((E13-D13)*86400,0) -> 33 | G13: =F13-C13 -> 3 | H13: =F13>=C13 -> TRUE
A14: 205 | B14: src-shipments | C14: 90 | D14: 46252.381 | E14: 46252.382 | F14: =ROUND((E14-D14)*86400,0) -> 102 | G14: =F14-C14 -> 12 | H14: =F14>=C14 -> TRUE
A15: 217 | B15: src-shipments | C15: 90 | D15: 46252.88 | E15: 46252.881 | F15: =ROUND((E15-D15)*86400,0) -> 105 | G15: =F15-C15 -> 15 | H15: =F15>=C15 -> TRUE
... A52: 1325 | B52: src-shipments | C52: 90 | D52: 46298.382 | E52: 46298.383 | F52: =ROUND((E52-D52)*86400,0) -> 105 | G52: =F52-C52 -> 15 | H52: =F52>=C52 -> TRUE

Sheet Fetch log
A1: Fetch log (1,361 rows): the status of every fetch
A2: ok, rate_limited, refetch (a cursor served before in another session, or the re-poll of the last committed cursor), cursor_loop (a cursor repeated inside one session).
A3: fetch_id | B3: source_id | C3: session_id | D3: status
A4: 1 | B4: src-refunds | C4: src-refunds:0 | D4: ok
A5: 2 | B5: src-payments | C5: src-payments:0 | D5: ok
A6: 3 | B6: src-shipments | C6: src-shipments:0 | D6: ok
A7: 4 | B7: src-orders | C7: src-orders:0 | D7: ok
A8: 5 | B8: src-inventory | C8: src-inventory:0 | D8: ok
A9: 6 | B9: src-payments | C9: src-payments:1 | D9: ok
A10: 7 | B10: src-web-events | C10: src-web-events:0 | D10: ok
A11: 8 | B11: src-refunds | C11: src-refunds:1 | D11: ok
A12: 9 | B12: src-orders | C12: src-orders:1 | D12: ok
A13: 10 | B13: src-shipments | C13: src-shipments:1 | D13: ok
A14: 11 | B14: src-payments | C14: src-payments:2 | D14: ok
A15: 12 | B15: src-orders | C15: src-orders:2 | D15: ok
... A1364: 1361 | B1364: src-payments | C1364: src-payments:335 | D1364: ok

Sheet Domain reference
A1: PASTED VALUES: the Python domain over the published files and the manifest's recorded statistics (check columns only)
A2: Run, task, incident, backfill and ingestion-age figures are the domain's over the published files (complete for those entities). Per-source ingestion counts, freshness and completeness are the generator's RECORD for the complete world (manifest stats): the files hold only a sample of the raw rows.
A3: source_id | B3: received | C3: accepted_unique | D3: duplicate | E3: quarantined | F3: rejection_rate | G3: duplicate_rate | H3: ingestion_age_seconds | I3: freshness_seconds | J3: completeness | K3: source of the counts
A4: src-inventory | B4: 1723 | C4: 1630 | D4: 72 | E4: 21 | F4: 0.012188 | G4: 0.041788 | H4: 67674 | I4: 79203 | J4: 0.990881 | K4: manifest stats (recorded, complete world); ingestion age: domain
A5: src-orders | B5: 16815 | C5: 16066 | D5: 502 | E5: 181 | F5: 0.010764 | G5: 0.029854 | H5: 13887 | I5: 14514 | J5: 0.9932 | K5: manifest stats (recorded, complete world); ingestion age: domain
A6: src-payments | B6: 10805 | C6: 10125 | D6: 522 | E6: 123 | F6: 0.011384 | G6: 0.048311 | H6: 6638 | I6: 7766 | J6: 0.991966 | K6: manifest stats (recorded, complete world); ingestion age: domain
A7: src-refunds | B7: 4295 | C7: 3785 | D7: 468 | E7: 42 | F7: 0.009779 | G7: 0.108964 | H7: 17363 | I7: 262378 | J7: 0.945541 | K7: manifest stats (recorded, complete world); ingestion age: domain
A8: src-shipments | B8: 4410 | C8: 3985 | D8: 368 | E8: 35 | F8: 0.007937 | G8: 0.083447 | H8: 9931 | I8: 11789 | J8: 0.995255 | K8: manifest stats (recorded, complete world); ingestion age: domain
A9: src-web-events | B9: 1853 | C9: 1657 | D9: 169 | E9: 27 | F9: 0.014571 | G9: 0.091203 | H9: 20724 | I9: 21398 | J9: 0.987485 | K9: manifest stats (recorded, complete world); ingestion age: domain
A11: Run funnel, tasks and attempts (domain over the published files)
A12: runs | B12: reached_gate | C12: allowed | D12: blocked_at_gate | E12: failed_before_gate | F12: task_success_rate | G12: attempt_success_rate | H12: tasks_terminal | I12: attempts
A13: 1343 | B13: 1328 | C13: 1318 | D13: 10 | E13: 15 | F13: 0.995311 | G13: 0.971622 | H13: 5332 | I13: 5462
A15: Incidents, backfills, retries
A16: incidents | B16: mean_recovery_minutes | C16: backfill_requested | D16: backfill_verified | E16: backfill_coverage | F16: refused_requests | G16: rate_limited | H16: retries_honoured | I16: pointer
A17: 25 | B17: 60.6827 | C17: 15 | D17: 11 | E17: 0.733333 | F17: 2 | G17: 49 | H17: 49 | I17: pub-1343

Sheet SQL results (pasted)
A1: PASTED VALUES from data/sql/analysis/run_all.py (artifacts/analysis-results.json)
A2: The headline result sets; reconciliation: every row equal across the SQL, the reference SQL, the Python domain, the manifests and the independent Python side.
A4: reconciliation rows 204, equal 204; result sets 64, rows 303; dataset po-20261026-20261026 / 0a90687778634365c402c5431661b56625de20785e28d9b2388d36c0cad19aab; code ed7eb5a
A6: 01_ingestion_by_source__overall
A7: committed_batches | B7: received | C7: accepted_unique | D7: duplicate | E7: quarantined | F7: deleted | G7: rejection_rate | H7: duplicate_rate | I7: unclassified
A8: 1302 | B8: 39901 | C8: 37248 | D8: 2101 | E8: 429 | F8: 123 | G8: 0.010752 | H8: 0.052655 | I8: 0
A10: 02_run_funnel_by_failure_kind__funnel
A11: runs | B11: reached_gate | C11: allowed | D11: blocked_at_gate | E11: failed_before_gate | F11: succeeded | G11: failed | H11: published | I11: backfill_runs
A12: 1343 | B12: 1328 | C12: 1318 | D12: 10 | E12: 15 | F12: 1318 | G12: 25 | H12: 1318 | I12: 13
A14: 03_task_vs_attempt_success__overall
A15: tasks_terminal | B15: tasks_successful | C15: task_success_rate | D15: attempts | E15: attempts_successful | F15: attempt_success_rate | G15: tasks_retried | H15: retried_then_succeeded
A16: 5332 | B16: 5307 | C16: 0.995311 | D16: 5462 | E16: 5307 | F16: 0.971622 | G16: 115 | H16: 100
A18: 04_freshness_vs_ingestion_age__silent_source
A19: source_id | B19: silent_since | C19: runs_since | D19: runs_succeeded | E19: runs_allowed_by_the_gate | F19: freshness_checks_passed | G19: committed_batches_since | H19: batches_with_no_accepted_record | I19: accepted_since | J19: duplicates_since
A20: src-refunds | B20: 2026-10-02T00:00:00Z | C20: 72 | D20: 72 | E20: 72 | F20: 72 | G20: 12 | H20: 11 | I20: 16 | J20: 156
A22: 05_publication_pointer_and_blocked_runs__summary
A23: runs | B23: publications | C23: runs_that_moved_the_pointer | D23: runs_that_left_it | E23: pointer | F23: pointer_run | G23: latest_publication | H23: publications_of_failed_or_blocked_runs | I23: first_published_at | J23: last_published_at
A24: 1343 | B24: 1318 | C24: 1318 | D24: 25 | E24: pub-1343 | F24: run-1343 | G24: pub-1343 | H24: 0 | I24: 2026-08-10T01:30:34Z | J24: 2026-10-04T23:34:14Z
A26: 06_incidents_and_verified_recovery__summary
A27: incidents | B27: open | C27: closed | D27: verified | E27: closures_consistent | F27: mean_recovery_minutes | G27: min_recovery_minutes | H27: max_recovery_minutes
A28: 25 | B28: 0 | C28: 25 | D28: 25 | E28: 25 | F28: 60.6827 | G28: 50.75 | H28: 72.4
A30: 07_backfill_coverage_and_refused_overlaps__coverage_summary
A31: accepted_requests | B31: requested_partitions | C31: verified_partitions | D31: coverage | E31: refused_requests | F31: refused_partitions | G31: requests_complete | H31: requests_partial | I31: backfill_runs
A32: 13 | B32: 15 | C32: 11 | D32: 0.733333 | E32: 2 | F32: 4 | G32: 9 | H32: 4 | I32: 13
A34: 08_fetch_log_retry_after__retry_summary
A35: rate_limited_responses | B35: retries | C35: retries_honouring_retry_after | D35: retries_too_soon | E35: min_slack_seconds | F35: max_slack_seconds | G35: sessions_rate_limited | H35: sources_rate_limited | I35: source_id | J35: retries_rate_limited_again
A36: 49 | B36: 49 | C36: 49 | D36: 0 | E36: 0 | F36: 25 | G36: 33 | H36: 1 | I36: src-shipments | J36: 16
A38: 10_sample_scope_reconciliation__rates_by_scope
A39: scope | B39: received | C39: accepted_unique | D39: duplicate | E39: quarantined | F39: rejection_rate | G39: duplicate_rate
A40: complete world, 1,302 committed batches | B40: 39901 | C40: 37248 | D40: 2101 | E40: 429 | F40: 0.010752 | G40: 0.052655
A41: the sampled committed batches, classified with the full key history | B41: 1878 | C41: 1769 | D41: 76 | E41: 30 | F41: 0.015974 | G41: 0.040469
A42: the 2,000-row sample, classified from the loaded rows only | B42: 1878 | C42: 1822 | D42: 23 | E42: 32 | F42: 0.017039 | G42: 0.012247
A44: 09_golden_known_answer__runs_overall
A45: tasks_terminal | B45: tasks_successful | C45: task_success_rate | D45: attempts | E45: attempts_successful | F45: attempt_success_rate
A46: 11 | B46: 10 | C46: 0.909091 | D46: 12 | E46: 10 | F46: 0.833333
